nat: 6000 jobs
nat above None mN=1.091 I=64 rep 1: frozen gen 300 pcc 1.000 sep_end 0 first_sep -1 tag None (0.2s; 1s total)
nat above None mN=1.091 I=64 rep 0: frozen gen 275 pcc 1.000 sep_end 0 first_sep -1 tag None (0.2s; 1s total)
nat above None mN=1.091 I=64 rep 2: frozen gen 355 pcc 1.000 sep_end 0 first_sep -1 tag None (0.3s; 1s total)
nat cheap None mN=1.091 I=64 rep 1: unresolved gen 100000 pcc 0.980 sep_end 1 first_sep 145 tag None (59.8s; 61s total)
nat above None mN=1.091 I=64 rep 3: frozen gen 235 pcc 1.000 sep_end 0 first_sep -1 tag None (0.2s; 61s total)
nat cheap None mN=1.091 I=64 rep 0: unresolved gen 100000 pcc 0.974 sep_end 3 first_sep 105 tag None (64.8s; 65s total)
nat above None mN=1.091 I=64 rep 4: frozen gen 325 pcc 1.000 sep_end 0 first_sep -1 tag None (0.3s; 66s total)
nat cheap None mN=1.091 I=64 rep 4: frozen gen 525 pcc 1.000 sep_end 0 first_sep 75 tag None (0.5s; 66s total)
nat above None mN=1.091 I=64 rep 5: frozen gen 325 pcc 1.000 sep_end 0 first_sep -1 tag None (0.3s; 67s total)
nat cheap None mN=1.091 I=64 rep 2: unresolved gen 100000 pcc 0.980 sep_end 3 first_sep 70 tag None (65.7s; 67s total)
nat above None mN=1.091 I=64 rep 6: frozen gen 290 pcc 1.000 sep_end 0 first_sep -1 tag None (0.3s; 67s total)
nat cheap None mN=1.091 I=64 rep 6: frozen gen 1105 pcc 1.000 sep_end 0 first_sep 145 tag None (1.1s; 68s total)
nat above None mN=1.091 I=64 rep 7: frozen gen 320 pcc 1.000 sep_end 0 first_sep -1 tag None (0.3s; 69s total)
nat cheap None mN=1.091 I=64 rep 3: unresolved gen 100000 pcc 0.986 sep_end 1 first_sep 70 tag None (52.9s; 114s total)
nat above None mN=1.091 I=64 rep 8: frozen gen 440 pcc 1.000 sep_end 0 first_sep -1 tag None (0.4s; 114s total)
nat cheap None mN=1.091 I=64 rep 7: unresolved gen 100000 pcc 0.983 sep_end 3 first_sep 70 tag None (47.6s; 116s total)
nat above None mN=1.091 I=64 rep 9: frozen gen 270 pcc 1.000 sep_end 0 first_sep -1 tag None (0.3s; 116s total)
nat cheap None mN=1.091 I=64 rep 9: frozen gen 490 pcc 1.000 sep_end 0 first_sep 50 tag None (0.6s; 117s total)
nat above None mN=1.091 I=64 rep 10: frozen gen 280 pcc 1.000 sep_end 0 first_sep -1 tag None (0.3s; 117s total)
nat cheap None mN=1.091 I=64 rep 10: frozen gen 3625 pcc 1.000 sep_end 0 first_sep 115 tag None (3.7s; 121s total)
nat above None mN=1.091 I=64 rep 11: frozen gen 300 pcc 1.000 sep_end 0 first_sep -1 tag None (0.3s; 121s total)
nat cheap None mN=1.091 I=64 rep 5: unresolved gen 100000 pcc 0.974 sep_end 1 first_sep 120 tag None (60.1s; 127s total)
nat above None mN=1.091 I=64 rep 12: frozen gen 225 pcc 1.000 sep_end 0 first_sep -1 tag None (0.2s; 127s total)
nat cheap None mN=1.091 I=64 rep 12: frozen gen 1590 pcc 1.000 sep_end 0 first_sep 115 tag None (1.7s; 129s total)
nat above None mN=1.091 I=64 rep 13: frozen gen 270 pcc 1.000 sep_end 0 first_sep -1 tag None (0.3s; 129s total)
nat cheap None mN=1.091 I=64 rep 13: frozen gen 2350 pcc 1.000 sep_end 0 first_sep 90 tag None (1.5s; 130s total)
nat above None mN=1.091 I=64 rep 14: frozen gen 285 pcc 1.000 sep_end 0 first_sep -1 tag None (0.2s; 131s total)
nat cheap None mN=1.091 I=64 rep 14: frozen gen 520 pcc 1.000 sep_end 0 first_sep 130 tag None (0.5s; 131s total)
nat above None mN=1.091 I=64 rep 15: frozen gen 300 pcc 1.000 sep_end 0 first_sep -1 tag None (0.3s; 131s total)
nat cheap None mN=1.091 I=64 rep 8: unresolved gen 100000 pcc 0.979 sep_end 3 first_sep 75 tag None (62.1s; 176s total)
nat cheap None mN=1.091 I=64 rep 15: unresolved gen 100000 pcc 0.986 sep_end 1 first_sep 125 tag None (45.0s; 176s total)
nat above None mN=1.091 I=64 rep 16: frozen gen 280 pcc 1.000 sep_end 0 first_sep -1 tag None (0.3s; 177s total)
nat above None mN=1.091 I=64 rep 17: frozen gen 300 pcc 1.000 sep_end 0 first_sep -1 tag None (0.3s; 177s total)
nat cheap None mN=1.091 I=64 rep 17: frozen gen 1000 pcc 1.000 sep_end 0 first_sep 75 tag None (1.0s; 178s total)
nat above None mN=1.091 I=64 rep 18: frozen gen 345 pcc 1.000 sep_end 0 first_sep -1 tag None (0.3s; 178s total)
nat cheap None mN=1.091 I=64 rep 18: frozen gen 310 pcc 1.000 sep_end 0 first_sep -1 tag None (0.3s; 178s total)
nat above None mN=1.091 I=64 rep 19: frozen gen 330 pcc 1.000 sep_end 0 first_sep -1 tag None (0.3s; 179s total)
nat cheap None mN=1.091 I=64 rep 11: unresolved gen 100000 pcc 0.970 sep_end 3 first_sep 70 tag None (70.4s; 192s total)
nat above None mN=1.091 I=64 rep 20: frozen gen 310 pcc 1.000 sep_end 0 first_sep -1 tag None (0.2s; 192s total)
nat cheap None mN=1.091 I=64 rep 19: unresolved gen 100000 pcc 0.988 sep_end 1 first_sep 100 tag None (34.0s; 213s total)
nat above None mN=1.091 I=64 rep 21: frozen gen 250 pcc 1.000 sep_end 0 first_sep -1 tag None (0.2s; 213s total)
nat cheap None mN=1.091 I=64 rep 16: unresolved gen 100000 pcc 0.986 sep_end 1 first_sep 70 tag None (54.7s; 231s total)
nat above None mN=1.091 I=64 rep 22: frozen gen 300 pcc 1.000 sep_end 0 first_sep -1 tag None (0.3s; 231s total)
nat cheap None mN=1.091 I=64 rep 22: frozen gen 295 pcc 1.000 sep_end 0 first_sep -1 tag None (0.2s; 232s total)
nat above None mN=1.091 I=64 rep 23: frozen gen 340 pcc 1.000 sep_end 0 first_sep -1 tag None (0.3s; 232s total)
nat cheap None mN=1.091 I=64 rep 21: unresolved gen 100000 pcc 0.986 sep_end 1 first_sep 70 tag None (36.8s; 250s total)
nat above None mN=1.091 I=64 rep 24: frozen gen 310 pcc 1.000 sep_end 0 first_sep -1 tag None (0.3s; 250s total)
nat cheap None mN=1.091 I=64 rep 20: unresolved gen 100000 pcc 0.978 sep_end 1 first_sep 110 tag None (63.0s; 255s total)
nat above None mN=1.091 I=64 rep 25: frozen gen 255 pcc 1.000 sep_end 0 first_sep -1 tag None (0.2s; 255s total)
nat cheap None mN=1.091 I=64 rep 25: frozen gen 340 pcc 1.000 sep_end 0 first_sep -1 tag None (0.3s; 255s total)
nat above None mN=1.091 I=64 rep 26: frozen gen 290 pcc 1.000 sep_end 0 first_sep -1 tag None (0.3s; 256s total)
nat cheap None mN=1.091 I=64 rep 23: unresolved gen 100000 pcc 0.986 sep_end 1 first_sep 85 tag None (40.1s; 272s total)
nat above None mN=1.091 I=64 rep 27: frozen gen 275 pcc 1.000 sep_end 0 first_sep -1 tag None (0.3s; 272s total)
nat cheap None mN=1.091 I=64 rep 27: frozen gen 295 pcc 1.000 sep_end 0 first_sep 60 tag None (0.3s; 273s total)
nat above None mN=1.091 I=64 rep 28: frozen gen 305 pcc 1.000 sep_end 0 first_sep -1 tag None (0.3s; 273s total)
nat cheap None mN=1.091 I=64 rep 26: unresolved gen 100000 pcc 0.980 sep_end 1 first_sep 95 tag None (52.4s; 308s total)
nat above None mN=1.091 I=64 rep 29: frozen gen 245 pcc 1.000 sep_end 0 first_sep -1 tag None (0.3s; 308s total)
nat cheap None mN=1.091 I=64 rep 29: frozen gen 315 pcc 1.000 sep_end 0 first_sep -1 tag None (0.3s; 309s total)
nat above None mN=1.091 I=64 rep 30: frozen gen 280 pcc 1.000 sep_end 0 first_sep -1 tag None (0.3s; 309s total)
nat cheap None mN=1.091 I=64 rep 24: unresolved gen 100000 pcc 0.977 sep_end 1 first_sep 70 tag None (63.4s; 314s total)
nat above None mN=1.091 I=64 rep 31: frozen gen 295 pcc 1.000 sep_end 0 first_sep -1 tag None (0.3s; 314s total)
nat cheap None mN=1.091 I=64 rep 28: unresolved gen 100000 pcc 0.982 sep_end 1 first_sep 85 tag None (59.2s; 332s total)
nat above None mN=1.091 I=64 rep 32: frozen gen 290 pcc 1.000 sep_end 0 first_sep -1 tag None (0.3s; 332s total)
nat cheap None mN=1.091 I=64 rep 32: frozen gen 1200 pcc 1.000 sep_end 0 first_sep 70 tag None (1.3s; 334s total)
nat above None mN=1.091 I=64 rep 33: frozen gen 430 pcc 1.000 sep_end 0 first_sep -1 tag None (0.4s; 334s total)
nat cheap None mN=1.091 I=64 rep 30: unresolved gen 100000 pcc 0.983 sep_end 1 first_sep 65 tag None (60.0s; 369s total)
nat above None mN=1.091 I=64 rep 34: frozen gen 355 pcc 1.000 sep_end 0 first_sep -1 tag None (0.2s; 369s total)
nat cheap None mN=1.091 I=64 rep 31: unresolved gen 100000 pcc 0.981 sep_end 1 first_sep 100 tag None (60.6s; 375s total)
nat above None mN=1.091 I=64 rep 35: frozen gen 295 pcc 1.000 sep_end 0 first_sep -1 tag None (0.3s; 375s total)
nat cheap None mN=1.091 I=64 rep 35: frozen gen 1855 pcc 1.000 sep_end 0 first_sep 80 tag None (2.0s; 377s total)
nat above None mN=1.091 I=64 rep 36: frozen gen 290 pcc 1.000 sep_end 0 first_sep -1 tag None (0.2s; 377s total)
nat cheap None mN=1.091 I=64 rep 36: frozen gen 345 pcc 1.000 sep_end 0 first_sep -1 tag None (0.2s; 377s total)
nat above None mN=1.091 I=64 rep 37: frozen gen 370 pcc 1.000 sep_end 0 first_sep -1 tag None (0.3s; 378s total)
nat cheap None mN=1.091 I=64 rep 33: unresolved gen 100000 pcc 0.980 sep_end 1 first_sep 130 tag None (61.9s; 396s total)
nat above None mN=1.091 I=64 rep 38: frozen gen 315 pcc 1.000 sep_end 0 first_sep -1 tag None (0.3s; 396s total)
nat cheap None mN=1.091 I=64 rep 34: unresolved gen 100000 pcc 0.987 sep_end 1 first_sep 85 tag None (39.2s; 408s total)
nat above None mN=1.091 I=64 rep 39: frozen gen 265 pcc 1.000 sep_end 0 first_sep -1 tag None (0.2s; 409s total)
nat cheap None mN=1.091 I=64 rep 37: unresolved gen 100000 pcc 0.981 sep_end 1 first_sep 75 tag None (62.6s; 440s total)
nat above None mN=1.091 I=64 rep 40: frozen gen 785 pcc 1.000 sep_end 0 first_sep -1 tag None (0.6s; 441s total)
nat cheap None mN=1.091 I=64 rep 40: frozen gen 350 pcc 1.000 sep_end 0 first_sep 105 tag None (0.3s; 441s total)
nat above None mN=1.091 I=64 rep 41: frozen gen 435 pcc 1.000 sep_end 0 first_sep -1 tag None (0.3s; 441s total)
nat cheap None mN=1.091 I=64 rep 39: unresolved gen 100000 pcc 0.989 sep_end 3 first_sep 90 tag None (35.7s; 444s total)
nat above None mN=1.091 I=64 rep 42: frozen gen 285 pcc 1.000 sep_end 0 first_sep -1 tag None (0.2s; 445s total)
nat cheap None mN=1.091 I=64 rep 38: unresolved gen 100000 pcc 0.978 sep_end 1 first_sep 70 tag None (63.0s; 459s total)
nat above None mN=1.091 I=64 rep 43: frozen gen 350 pcc 1.000 sep_end 0 first_sep -1 tag None (0.3s; 460s total)
nat cheap None mN=1.091 I=64 rep 41: unresolved gen 100000 pcc 0.985 sep_end 1 first_sep 110 tag None (60.0s; 501s total)
nat above None mN=1.091 I=64 rep 44: frozen gen 285 pcc 1.000 sep_end 0 first_sep -1 tag None (0.3s; 502s total)
nat cheap None mN=1.091 I=64 rep 44: frozen gen 765 pcc 1.000 sep_end 0 first_sep 95 tag None (0.9s; 503s total)
nat above None mN=1.091 I=64 rep 45: frozen gen 280 pcc 1.000 sep_end 0 first_sep -1 tag None (0.2s; 503s total)
nat cheap None mN=1.091 I=64 rep 42: unresolved gen 100000 pcc 0.972 sep_end 3 first_sep 55 tag None (68.8s; 513s total)
nat above None mN=1.091 I=64 rep 46: frozen gen 245 pcc 1.000 sep_end 0 first_sep -1 tag None (0.2s; 514s total)
nat cheap None mN=1.091 I=64 rep 43: unresolved gen 100000 pcc 0.977 sep_end 3 first_sep 65 tag None (61.7s; 521s total)
nat above None mN=1.091 I=64 rep 47: frozen gen 295 pcc 1.000 sep_end 0 first_sep -1 tag None (0.3s; 522s total)
nat cheap None mN=1.091 I=64 rep 45: unresolved gen 100000 pcc 0.993 sep_end 1 first_sep 115 tag None (36.8s; 540s total)
nat above None mN=1.091 I=64 rep 48: frozen gen 285 pcc 1.000 sep_end 0 first_sep -1 tag None (0.3s; 540s total)
nat cheap None mN=1.091 I=64 rep 47: unresolved gen 100000 pcc 0.991 sep_end 1 first_sep 145 tag None (23.4s; 545s total)
nat above None mN=1.091 I=64 rep 49: frozen gen 295 pcc 1.000 sep_end 0 first_sep -1 tag None (0.3s; 545s total)
nat cheap None mN=1.091 I=64 rep 49: frozen gen 325 pcc 1.000 sep_end 0 first_sep -1 tag None (0.3s; 546s total)
nat above None mN=1.091 I=64 rep 50: frozen gen 285 pcc 1.000 sep_end 0 first_sep -1 tag None (0.3s; 546s total)
nat cheap None mN=1.091 I=64 rep 50: frozen gen 270 pcc 1.000 sep_end 0 first_sep -1 tag None (0.3s; 546s total)
nat above None mN=1.091 I=64 rep 51: frozen gen 250 pcc 1.000 sep_end 0 first_sep -1 tag None (0.2s; 546s total)
nat cheap None mN=1.091 I=64 rep 51: frozen gen 270 pcc 1.000 sep_end 0 first_sep 70 tag None (0.2s; 547s total)
nat above None mN=1.091 I=64 rep 52: frozen gen 350 pcc 1.000 sep_end 0 first_sep -1 tag None (0.3s; 547s total)
nat cheap None mN=1.091 I=64 rep 46: unresolved gen 100000 pcc 0.987 sep_end 1 first_sep 100 tag None (38.9s; 552s total)
nat above None mN=1.091 I=64 rep 53: frozen gen 460 pcc 1.000 sep_end 0 first_sep -1 tag None (0.3s; 553s total)
nat cheap None mN=1.091 I=64 rep 53: frozen gen 1920 pcc 1.000 sep_end 0 first_sep 55 tag None (1.0s; 554s total)
nat above None mN=1.091 I=64 rep 54: frozen gen 235 pcc 1.000 sep_end 0 first_sep -1 tag None (0.2s; 554s total)
nat cheap None mN=1.091 I=64 rep 48: unresolved gen 100000 pcc 0.988 sep_end 3 first_sep 65 tag None (35.9s; 576s total)
nat above None mN=1.091 I=64 rep 55: frozen gen 265 pcc 1.000 sep_end 0 first_sep -1 tag None (0.3s; 576s total)
nat cheap None mN=1.091 I=64 rep 55: frozen gen 280 pcc 1.000 sep_end 0 first_sep -1 tag None (0.3s; 576s total)
nat above None mN=1.091 I=64 rep 56: frozen gen 335 pcc 1.000 sep_end 0 first_sep -1 tag None (0.3s; 577s total)
nat cheap None mN=1.091 I=64 rep 52: unresolved gen 100000 pcc 0.975 sep_end 3 first_sep 65 tag None (69.6s; 617s total)
nat cheap None mN=1.091 I=64 rep 54: unresolved gen 100000 pcc 0.976 sep_end 1 first_sep 115 tag None (62.7s; 617s total)
nat above None mN=1.091 I=64 rep 57: frozen gen 300 pcc 1.000 sep_end 0 first_sep -1 tag None (0.4s; 617s total)
nat above None mN=1.091 I=64 rep 58: frozen gen 270 pcc 1.000 sep_end 0 first_sep -1 tag None (0.2s; 617s total)
nat cheap None mN=1.091 I=64 rep 56: unresolved gen 100000 pcc 0.986 sep_end 1 first_sep 105 tag None (61.7s; 638s total)
nat above None mN=1.091 I=64 rep 59: frozen gen 375 pcc 1.000 sep_end 0 first_sep -1 tag None (0.4s; 639s total)
nat cheap None mN=1.091 I=64 rep 58: unresolved gen 100000 pcc 0.977 sep_end 1 first_sep 45 tag None (52.7s; 670s total)
nat above None mN=1.091 I=64 rep 60: frozen gen 300 pcc 1.000 sep_end 0 first_sep -1 tag None (0.3s; 670s total)
nat cheap None mN=1.091 I=64 rep 57: unresolved gen 100000 pcc 0.974 sep_end 3 first_sep 70 tag None (65.9s; 683s total)
nat above None mN=1.091 I=64 rep 61: frozen gen 270 pcc 1.000 sep_end 0 first_sep -1 tag None (0.3s; 683s total)
nat cheap None mN=1.091 I=64 rep 59: unresolved gen 100000 pcc 0.977 sep_end 1 first_sep 80 tag None (61.1s; 700s total)
nat above None mN=1.091 I=64 rep 62: frozen gen 335 pcc 1.000 sep_end 0 first_sep -1 tag None (0.3s; 700s total)
nat cheap None mN=1.091 I=64 rep 61: unresolved gen 100000 pcc 0.996 sep_end 1 first_sep 65 tag None (19.9s; 703s total)
nat above None mN=1.091 I=64 rep 63: frozen gen 315 pcc 1.000 sep_end 0 first_sep -1 tag None (0.3s; 703s total)
nat cheap None mN=1.091 I=64 rep 60: unresolved gen 100000 pcc 0.983 sep_end 1 first_sep 60 tag None (59.6s; 730s total)
nat above None mN=1.091 I=64 rep 64: frozen gen 295 pcc 1.000 sep_end 0 first_sep -1 tag None (0.3s; 730s total)
nat cheap None mN=1.091 I=64 rep 64: frozen gen 215 pcc 1.000 sep_end 0 first_sep -1 tag None (0.2s; 730s total)
nat above None mN=1.091 I=64 rep 65: frozen gen 285 pcc 1.000 sep_end 0 first_sep -1 tag None (0.2s; 731s total)
nat cheap None mN=1.091 I=64 rep 62: unresolved gen 100000 pcc 0.986 sep_end 1 first_sep 60 tag None (36.5s; 737s total)
nat above None mN=1.091 I=64 rep 66: frozen gen 325 pcc 1.000 sep_end 0 first_sep -1 tag None (0.3s; 737s total)
nat cheap None mN=1.091 I=64 rep 63: unresolved gen 100000 pcc 0.975 sep_end 1 first_sep 85 tag None (60.9s; 764s total)
nat above None mN=1.091 I=64 rep 67: frozen gen 280 pcc 1.000 sep_end 0 first_sep -1 tag None (0.3s; 764s total)
nat cheap None mN=1.091 I=64 rep 66: unresolved gen 100000 pcc 0.984 sep_end 1 first_sep 65 tag None (56.5s; 794s total)
nat above None mN=1.091 I=64 rep 68: frozen gen 290 pcc 1.000 sep_end 0 first_sep -1 tag None (0.4s; 794s total)
nat cheap None mN=1.091 I=64 rep 68: frozen gen 675 pcc 1.000 sep_end 0 first_sep 90 tag None (0.8s; 795s total)
nat cheap None mN=1.091 I=64 rep 65: unresolved gen 100000 pcc 0.977 sep_end 1 first_sep 110 tag None (64.3s; 795s total)
nat above None mN=1.091 I=64 rep 69: frozen gen 295 pcc 1.000 sep_end 0 first_sep -1 tag None (0.3s; 795s total)
nat above None mN=1.091 I=64 rep 70: frozen gen 505 pcc 1.000 sep_end 0 first_sep -1 tag None (0.6s; 796s total)
nat cheap None mN=1.091 I=64 rep 70: frozen gen 410 pcc 1.000 sep_end 0 first_sep -1 tag None (0.5s; 796s total)
nat above None mN=1.091 I=64 rep 71: frozen gen 245 pcc 1.000 sep_end 0 first_sep -1 tag None (0.3s; 796s total)
nat cheap None mN=1.091 I=64 rep 71: frozen gen 285 pcc 1.000 sep_end 0 first_sep -1 tag None (0.3s; 797s total)
nat above None mN=1.091 I=64 rep 72: frozen gen 385 pcc 1.000 sep_end 0 first_sep -1 tag None (0.4s; 797s total)
nat cheap None mN=1.091 I=64 rep 67: unresolved gen 100000 pcc 0.985 sep_end 1 first_sep 50 tag None (51.0s; 815s total)
nat above None mN=1.091 I=64 rep 73: frozen gen 410 pcc 1.000 sep_end 0 first_sep -1 tag None (0.5s; 816s total)
nat cheap None mN=1.091 I=64 rep 69: unresolved gen 100000 pcc 0.981 sep_end 3 first_sep 65 tag None (61.5s; 856s total)
nat above None mN=1.091 I=64 rep 74: frozen gen 330 pcc 1.000 sep_end 0 first_sep -1 tag None (0.4s; 857s total)
nat cheap None mN=1.091 I=64 rep 72: unresolved gen 100000 pcc 0.981 sep_end 1 first_sep 75 tag None (63.0s; 860s total)
nat above None mN=1.091 I=64 rep 75: frozen gen 300 pcc 1.000 sep_end 0 first_sep -1 tag None (0.3s; 860s total)
nat cheap None mN=1.091 I=64 rep 73: unresolved gen 100000 pcc 0.975 sep_end 3 first_sep 50 tag None (63.7s; 880s total)
nat above None mN=1.091 I=64 rep 76: frozen gen 255 pcc 1.000 sep_end 0 first_sep -1 tag None (0.2s; 880s total)
nat cheap None mN=1.091 I=64 rep 74: unresolved gen 100000 pcc 0.989 sep_end 1 first_sep 50 tag None (37.7s; 894s total)
nat above None mN=1.091 I=64 rep 77: frozen gen 435 pcc 1.000 sep_end 0 first_sep -1 tag None (0.4s; 895s total)
nat cheap None mN=1.091 I=64 rep 75: unresolved gen 100000 pcc 0.970 sep_end 1 first_sep 65 tag None (61.9s; 922s total)
nat above None mN=1.091 I=64 rep 78: frozen gen 325 pcc 1.000 sep_end 0 first_sep -1 tag None (0.3s; 923s total)
nat cheap None mN=1.091 I=64 rep 76: unresolved gen 100000 pcc 0.978 sep_end 3 first_sep 80 tag None (73.5s; 953s total)
nat above None mN=1.091 I=64 rep 79: frozen gen 390 pcc 1.000 sep_end 0 first_sep -1 tag None (0.4s; 954s total)
nat cheap None mN=1.091 I=64 rep 78: unresolved gen 100000 pcc 0.986 sep_end 3 first_sep 65 tag None (31.2s; 954s total)
nat above None mN=1.091 I=64 rep 80: frozen gen 355 pcc 1.000 sep_end 0 first_sep -1 tag None (0.3s; 954s total)
nat cheap None mN=1.091 I=64 rep 77: unresolved gen 100000 pcc 0.974 sep_end 1 first_sep 100 tag None (64.9s; 960s total)
nat above None mN=1.091 I=64 rep 81: frozen gen 315 pcc 1.000 sep_end 0 first_sep -1 tag None (0.3s; 960s total)
nat cheap None mN=1.091 I=64 rep 80: unresolved gen 100000 pcc 0.990 sep_end 1 first_sep 95 tag None (36.3s; 991s total)
nat above None mN=1.091 I=64 rep 82: frozen gen 270 pcc 1.000 sep_end 0 first_sep -1 tag None (0.2s; 991s total)
nat cheap None mN=1.091 I=64 rep 79: unresolved gen 100000 pcc 0.989 sep_end 1 first_sep 70 tag None (45.9s; 1000s total)
nat above None mN=1.091 I=64 rep 83: frozen gen 290 pcc 1.000 sep_end 0 first_sep -1 tag None (0.3s; 1000s total)
nat cheap None mN=1.091 I=64 rep 81: unresolved gen 100000 pcc 0.987 sep_end 1 first_sep 115 tag None (49.3s; 1009s total)
nat above None mN=1.091 I=64 rep 84: frozen gen 305 pcc 1.000 sep_end 0 first_sep -1 tag None (0.3s; 1010s total)
nat cheap None mN=1.091 I=64 rep 84: unresolved gen 100000 pcc 0.987 sep_end 1 first_sep 95 tag None (27.8s; 1037s total)
nat above None mN=1.091 I=64 rep 85: frozen gen 335 pcc 1.000 sep_end 0 first_sep -1 tag None (0.4s; 1038s total)
nat cheap None mN=1.091 I=64 rep 85: frozen gen 305 pcc 1.000 sep_end 0 first_sep -1 tag None (0.3s; 1038s total)
nat above None mN=1.091 I=64 rep 86: frozen gen 300 pcc 1.000 sep_end 0 first_sep -1 tag None (0.3s; 1038s total)
nat cheap None mN=1.091 I=64 rep 86: frozen gen 285 pcc 1.000 sep_end 0 first_sep -1 tag None (0.3s; 1039s total)
nat above None mN=1.091 I=64 rep 87: frozen gen 260 pcc 1.000 sep_end 0 first_sep -1 tag None (0.2s; 1039s total)
nat cheap None mN=1.091 I=64 rep 82: unresolved gen 100000 pcc 0.975 sep_end 1 first_sep 55 tag None (65.3s; 1056s total)
nat above None mN=1.091 I=64 rep 88: frozen gen 360 pcc 1.000 sep_end 0 first_sep -1 tag None (0.3s; 1056s total)
nat cheap None mN=1.091 I=64 rep 88: frozen gen 275 pcc 1.000 sep_end 0 first_sep -1 tag None (0.3s; 1057s total)
nat above None mN=1.091 I=64 rep 89: frozen gen 305 pcc 1.000 sep_end 0 first_sep -1 tag None (0.3s; 1057s total)
nat cheap None mN=1.091 I=64 rep 83: unresolved gen 100000 pcc 0.975 sep_end 1 first_sep 165 tag None (63.3s; 1063s total)
nat above None mN=1.091 I=64 rep 90: frozen gen 295 pcc 1.000 sep_end 0 first_sep -1 tag None (0.3s; 1064s total)
nat cheap None mN=1.091 I=64 rep 87: unresolved gen 100000 pcc 0.994 sep_end 1 first_sep 110 tag None (25.3s; 1064s total)
nat above None mN=1.091 I=64 rep 91: frozen gen 285 pcc 1.000 sep_end 0 first_sep -1 tag None (0.3s; 1065s total)
nat cheap None mN=1.091 I=64 rep 91: frozen gen 705 pcc 1.000 sep_end 0 first_sep 60 tag None (0.9s; 1065s total)
nat cheap None mN=1.091 I=64 rep 90: frozen gen 2025 pcc 1.000 sep_end 0 first_sep 130 tag None (2.1s; 1066s total)
nat above None mN=1.091 I=64 rep 92: frozen gen 560 pcc 1.000 sep_end 0 first_sep -1 tag None (0.7s; 1066s total)
nat above None mN=1.091 I=64 rep 93: frozen gen 335 pcc 1.000 sep_end 0 first_sep -1 tag None (0.2s; 1066s total)
nat cheap None mN=1.091 I=64 rep 93: frozen gen 830 pcc 1.000 sep_end 0 first_sep 105 tag None (1.0s; 1067s total)
nat above None mN=1.091 I=64 rep 94: frozen gen 310 pcc 1.000 sep_end 0 first_sep -1 tag None (0.3s; 1068s total)
nat cheap None mN=1.091 I=64 rep 94: frozen gen 1065 pcc 1.000 sep_end 0 first_sep 120 tag None (1.3s; 1069s total)
nat above None mN=1.091 I=64 rep 95: frozen gen 380 pcc 1.000 sep_end 0 first_sep -1 tag None (0.3s; 1069s total)
nat cheap None mN=1.091 I=64 rep 89: unresolved gen 100000 pcc 0.991 sep_end 1 first_sep 110 tag None (44.7s; 1102s total)
nat above None mN=1.091 I=64 rep 96: frozen gen 225 pcc 1.000 sep_end 0 first_sep -1 tag None (0.3s; 1102s total)
nat cheap None mN=1.091 I=64 rep 96: frozen gen 360 pcc 1.000 sep_end 0 first_sep -1 tag None (0.3s; 1102s total)
nat above None mN=1.091 I=64 rep 97: frozen gen 310 pcc 1.000 sep_end 0 first_sep -1 tag None (0.3s; 1103s total)
nat cheap None mN=1.091 I=64 rep 97: unresolved gen 100000 pcc 0.995 sep_end 1 first_sep 80 tag None (13.7s; 1116s total)
nat above None mN=1.091 I=64 rep 98: frozen gen 340 pcc 1.000 sep_end 0 first_sep -1 tag None (0.3s; 1117s total)
nat cheap None mN=1.091 I=64 rep 92: unresolved gen 100000 pcc 0.982 sep_end 3 first_sep 135 tag None (53.1s; 1119s total)
nat above None mN=1.091 I=64 rep 99: frozen gen 305 pcc 1.000 sep_end 0 first_sep -1 tag None (0.3s; 1119s total)
nat cheap None mN=1.091 I=64 rep 95: unresolved gen 100000 pcc 0.983 sep_end 1 first_sep 70 tag None (63.9s; 1133s total)
nat above None mN=1.091 I=64 rep 100: frozen gen 340 pcc 1.000 sep_end 0 first_sep -1 tag None (0.3s; 1134s total)
nat cheap None mN=1.091 I=64 rep 99: unresolved gen 100000 pcc 0.988 sep_end 1 first_sep 75 tag None (36.5s; 1156s total)
nat above None mN=1.091 I=64 rep 101: frozen gen 270 pcc 1.000 sep_end 0 first_sep -1 tag None (0.3s; 1156s total)
nat cheap None mN=1.091 I=64 rep 101: frozen gen 1275 pcc 1.000 sep_end 0 first_sep 120 tag None (1.5s; 1157s total)
nat above None mN=1.091 I=64 rep 102: frozen gen 320 pcc 1.000 sep_end 0 first_sep -1 tag None (0.3s; 1158s total)
nat cheap None mN=1.091 I=64 rep 100: unresolved gen 100000 pcc 0.987 sep_end 1 first_sep 70 tag None (24.7s; 1158s total)
nat above None mN=1.091 I=64 rep 103: frozen gen 305 pcc 1.000 sep_end 0 first_sep -1 tag None (0.3s; 1159s total)
nat cheap None mN=1.091 I=64 rep 98: unresolved gen 100000 pcc 0.976 sep_end 1 first_sep 120 tag None (63.3s; 1180s total)
nat above None mN=1.091 I=64 rep 104: frozen gen 295 pcc 1.000 sep_end 0 first_sep -1 tag None (0.2s; 1180s total)
nat cheap None mN=1.091 I=64 rep 104: frozen gen 1335 pcc 1.000 sep_end 0 first_sep 70 tag None (0.9s; 1181s total)
nat above None mN=1.091 I=64 rep 105: frozen gen 320 pcc 1.000 sep_end 0 first_sep -1 tag None (0.4s; 1181s total)
nat cheap None mN=1.091 I=64 rep 102: unresolved gen 100000 pcc 0.988 sep_end 3 first_sep 85 tag None (41.3s; 1199s total)
nat above None mN=1.091 I=64 rep 106: frozen gen 405 pcc 1.000 sep_end 0 first_sep -1 tag None (0.3s; 1199s total)
nat cheap None mN=1.091 I=64 rep 106: frozen gen 1070 pcc 1.000 sep_end 0 first_sep 110 tag None (1.2s; 1201s total)
nat above None mN=1.091 I=64 rep 107: frozen gen 280 pcc 1.000 sep_end 0 first_sep -1 tag None (0.3s; 1201s total)
nat cheap None mN=1.091 I=64 rep 103: unresolved gen 100000 pcc 0.986 sep_end 1 first_sep 110 tag None (65.5s; 1224s total)
nat above None mN=1.091 I=64 rep 108: frozen gen 315 pcc 1.000 sep_end 0 first_sep -1 tag None (0.3s; 1224s total)
nat cheap None mN=1.091 I=64 rep 107: unresolved gen 100000 pcc 0.989 sep_end 1 first_sep 120 tag None (38.0s; 1239s total)
nat above None mN=1.091 I=64 rep 109: frozen gen 335 pcc 1.000 sep_end 0 first_sep -1 tag None (0.3s; 1239s total)
nat cheap None mN=1.091 I=64 rep 105: unresolved gen 100000 pcc 0.976 sep_end 1 first_sep 50 tag None (62.4s; 1244s total)
nat above None mN=1.091 I=64 rep 110: frozen gen 315 pcc 1.000 sep_end 0 first_sep -1 tag None (0.3s; 1244s total)
nat cheap None mN=1.091 I=64 rep 108: unresolved gen 100000 pcc 0.974 sep_end 1 first_sep 130 tag None (60.9s; 1285s total)
nat above None mN=1.091 I=64 rep 111: frozen gen 290 pcc 1.000 sep_end 0 first_sep -1 tag None (0.3s; 1286s total)
nat cheap None mN=1.091 I=64 rep 109: unresolved gen 100000 pcc 0.980 sep_end 1 first_sep 85 tag None (60.0s; 1299s total)
nat above None mN=1.091 I=64 rep 112: frozen gen 375 pcc 1.000 sep_end 0 first_sep -1 tag None (0.3s; 1300s total)
nat cheap None mN=1.091 I=64 rep 112: frozen gen 310 pcc 1.000 sep_end 0 first_sep -1 tag None (0.3s; 1300s total)
nat above None mN=1.091 I=64 rep 113: frozen gen 285 pcc 1.000 sep_end 0 first_sep -1 tag None (0.3s; 1300s total)
nat cheap None mN=1.091 I=64 rep 113: frozen gen 250 pcc 1.000 sep_end 0 first_sep -1 tag None (0.2s; 1300s total)
nat above None mN=1.091 I=64 rep 114: frozen gen 270 pcc 1.000 sep_end 0 first_sep -1 tag None (0.2s; 1301s total)
nat cheap None mN=1.091 I=64 rep 110: unresolved gen 100000 pcc 0.985 sep_end 1 first_sep 60 tag None (64.9s; 1309s total)
nat above None mN=1.091 I=64 rep 115: frozen gen 285 pcc 1.000 sep_end 0 first_sep -1 tag None (0.3s; 1309s total)
nat cheap None mN=1.091 I=64 rep 111: unresolved gen 100000 pcc 0.984 sep_end 1 first_sep 80 tag None (59.9s; 1346s total)
nat above None mN=1.091 I=64 rep 116: frozen gen 305 pcc 1.000 sep_end 0 first_sep -1 tag None (0.4s; 1346s total)
nat cheap None mN=1.091 I=64 rep 114: unresolved gen 100000 pcc 0.982 sep_end 1 first_sep 85 tag None (62.1s; 1363s total)
nat above None mN=1.091 I=64 rep 117: frozen gen 320 pcc 1.000 sep_end 0 first_sep -1 tag None (0.3s; 1363s total)
nat cheap None mN=1.091 I=64 rep 115: unresolved gen 100000 pcc 0.982 sep_end 1 first_sep 80 tag None (62.6s; 1372s total)
nat above None mN=1.091 I=64 rep 118: frozen gen 280 pcc 1.000 sep_end 0 first_sep -1 tag None (0.3s; 1372s total)
nat cheap None mN=1.091 I=64 rep 118: frozen gen 330 pcc 1.000 sep_end 0 first_sep -1 tag None (0.3s; 1373s total)
nat above None mN=1.091 I=64 rep 119: frozen gen 380 pcc 1.000 sep_end 0 first_sep -1 tag None (0.3s; 1373s total)
nat cheap None mN=1.091 I=64 rep 116: unresolved gen 100000 pcc 0.993 sep_end 1 first_sep 70 tag None (30.0s; 1376s total)
nat above None mN=1.091 I=64 rep 120: frozen gen 230 pcc 1.000 sep_end 0 first_sep -1 tag None (0.3s; 1376s total)
nat cheap None mN=1.091 I=64 rep 120: unresolved gen 100000 pcc 0.995 sep_end 1 first_sep 85 tag None (25.6s; 1402s total)
nat above None mN=1.091 I=64 rep 121: frozen gen 260 pcc 1.000 sep_end 0 first_sep -1 tag None (0.3s; 1402s total)
nat cheap None mN=1.091 I=64 rep 119: unresolved gen 100000 pcc 0.980 sep_end 3 first_sep 45 tag None (53.8s; 1427s total)
nat above None mN=1.091 I=64 rep 122: frozen gen 340 pcc 1.000 sep_end 0 first_sep -1 tag None (0.3s; 1427s total)
nat cheap None mN=1.091 I=64 rep 117: unresolved gen 100000 pcc 0.979 sep_end 1 first_sep 105 tag None (70.0s; 1433s total)
nat above None mN=1.091 I=64 rep 123: frozen gen 330 pcc 1.000 sep_end 0 first_sep -1 tag None (0.4s; 1433s total)
nat cheap None mN=1.091 I=64 rep 123: frozen gen 1440 pcc 1.000 sep_end 0 first_sep 105 tag None (1.6s; 1435s total)
nat above None mN=1.091 I=64 rep 124: frozen gen 360 pcc 1.000 sep_end 0 first_sep -1 tag None (0.4s; 1435s total)
nat cheap None mN=1.091 I=64 rep 121: unresolved gen 100000 pcc 0.989 sep_end 1 first_sep 110 tag None (44.5s; 1447s total)
nat above None mN=1.091 I=64 rep 125: frozen gen 310 pcc 1.000 sep_end 0 first_sep -1 tag None (0.3s; 1447s total)
nat cheap None mN=1.091 I=64 rep 124: unresolved gen 100000 pcc 0.992 sep_end 3 first_sep 75 tag None (31.1s; 1466s total)
nat above None mN=1.091 I=64 rep 126: frozen gen 255 pcc 1.000 sep_end 0 first_sep -1 tag None (0.5s; 1467s total)
nat cheap None mN=1.091 I=64 rep 126: frozen gen 290 pcc 1.000 sep_end 0 first_sep -1 tag None (0.3s; 1467s total)
nat above None mN=1.091 I=64 rep 127: frozen gen 265 pcc 1.000 sep_end 0 first_sep -1 tag None (0.2s; 1468s total)
nat cheap None mN=1.091 I=64 rep 122: unresolved gen 100000 pcc 0.980 sep_end 1 first_sep 55 tag None (61.2s; 1488s total)
nat above None mN=1.091 I=64 rep 128: frozen gen 315 pcc 1.000 sep_end 0 first_sep -1 tag None (0.3s; 1488s total)
nat cheap None mN=1.091 I=64 rep 125: unresolved gen 100000 pcc 0.964 sep_end 3 first_sep 65 tag None (74.1s; 1521s total)
nat above None mN=1.091 I=64 rep 129: frozen gen 310 pcc 1.000 sep_end 0 first_sep -1 tag None (0.3s; 1521s total)
nat cheap None mN=1.091 I=64 rep 127: unresolved gen 100000 pcc 0.982 sep_end 1 first_sep 80 tag None (66.3s; 1534s total)
nat above None mN=1.091 I=64 rep 130: frozen gen 305 pcc 1.000 sep_end 0 first_sep -1 tag None (0.3s; 1534s total)
nat cheap None mN=1.091 I=64 rep 128: unresolved gen 100000 pcc 0.980 sep_end 1 first_sep 100 tag None (61.1s; 1549s total)
nat above None mN=1.091 I=64 rep 131: frozen gen 280 pcc 1.000 sep_end 0 first_sep -1 tag None (0.3s; 1550s total)
nat cheap None mN=1.091 I=64 rep 129: unresolved gen 100000 pcc 0.991 sep_end 1 first_sep 105 tag None (39.2s; 1561s total)
nat above None mN=1.091 I=64 rep 132: frozen gen 295 pcc 1.000 sep_end 0 first_sep -1 tag None (0.2s; 1561s total)
nat cheap None mN=1.091 I=64 rep 131: unresolved gen 100000 pcc 0.991 sep_end 1 first_sep 115 tag None (31.7s; 1582s total)
nat above None mN=1.091 I=64 rep 133: frozen gen 270 pcc 1.000 sep_end 0 first_sep -1 tag None (0.3s; 1582s total)
nat cheap None mN=1.091 I=64 rep 133: frozen gen 345 pcc 1.000 sep_end 0 first_sep -1 tag None (0.3s; 1582s total)
nat above None mN=1.091 I=64 rep 134: frozen gen 310 pcc 1.000 sep_end 0 first_sep -1 tag None (0.4s; 1583s total)
nat cheap None mN=1.091 I=64 rep 134: frozen gen 320 pcc 1.000 sep_end 0 first_sep -1 tag None (0.3s; 1583s total)
nat above None mN=1.091 I=64 rep 135: frozen gen 290 pcc 1.000 sep_end 0 first_sep -1 tag None (0.3s; 1583s total)
nat cheap None mN=1.091 I=64 rep 130: unresolved gen 100000 pcc 0.980 sep_end 3 first_sep 75 tag None (61.4s; 1596s total)
nat above None mN=1.091 I=64 rep 136: frozen gen 290 pcc 1.000 sep_end 0 first_sep -1 tag None (0.2s; 1596s total)
nat cheap None mN=1.091 I=64 rep 136: frozen gen 400 pcc 1.000 sep_end 0 first_sep -1 tag None (0.3s; 1596s total)
nat above None mN=1.091 I=64 rep 137: frozen gen 250 pcc 1.000 sep_end 0 first_sep -1 tag None (0.3s; 1597s total)
nat cheap None mN=1.091 I=64 rep 137: frozen gen 300 pcc 1.000 sep_end 0 first_sep -1 tag None (0.3s; 1597s total)
nat above None mN=1.091 I=64 rep 138: frozen gen 275 pcc 1.000 sep_end 0 first_sep -1 tag None (0.2s; 1597s total)
nat cheap None mN=1.091 I=64 rep 132: unresolved gen 100000 pcc 0.978 sep_end 1 first_sep 70 tag None (60.4s; 1621s total)
nat above None mN=1.091 I=64 rep 139: frozen gen 235 pcc 1.000 sep_end 0 first_sep -1 tag None (0.2s; 1622s total)
nat cheap None mN=1.091 I=64 rep 135: unresolved gen 100000 pcc 0.982 sep_end 1 first_sep 70 tag None (57.0s; 1640s total)
nat above None mN=1.091 I=64 rep 140: frozen gen 365 pcc 1.000 sep_end 0 first_sep -1 tag None (0.3s; 1641s total)
nat cheap None mN=1.091 I=64 rep 140: frozen gen 305 pcc 1.000 sep_end 0 first_sep -1 tag None (0.3s; 1641s total)
nat above None mN=1.091 I=64 rep 141: frozen gen 380 pcc 1.000 sep_end 0 first_sep -1 tag None (0.4s; 1641s total)
nat cheap None mN=1.091 I=64 rep 141: frozen gen 985 pcc 1.000 sep_end 0 first_sep 115 tag None (1.1s; 1642s total)
nat above None mN=1.091 I=64 rep 142: frozen gen 265 pcc 1.000 sep_end 0 first_sep -1 tag None (0.3s; 1643s total)
nat cheap None mN=1.091 I=64 rep 138: unresolved gen 100000 pcc 0.978 sep_end 3 first_sep 60 tag None (59.3s; 1656s total)
nat above None mN=1.091 I=64 rep 143: frozen gen 270 pcc 1.000 sep_end 0 first_sep -1 tag None (0.2s; 1657s total)
nat cheap None mN=1.091 I=64 rep 139: unresolved gen 100000 pcc 0.990 sep_end 3 first_sep 125 tag None (37.6s; 1659s total)
nat above None mN=1.091 I=64 rep 144: frozen gen 330 pcc 1.000 sep_end 0 first_sep -1 tag None (0.3s; 1659s total)
nat cheap None mN=1.091 I=64 rep 142: unresolved gen 100000 pcc 0.985 sep_end 3 first_sep 85 tag None (55.3s; 1698s total)
nat above None mN=1.091 I=64 rep 145: frozen gen 275 pcc 1.000 sep_end 0 first_sep -1 tag None (0.3s; 1698s total)
nat cheap None mN=1.091 I=64 rep 144: unresolved gen 100000 pcc 0.983 sep_end 1 first_sep 125 tag None (54.9s; 1714s total)
nat above None mN=1.091 I=64 rep 146: frozen gen 405 pcc 1.000 sep_end 0 first_sep -1 tag None (0.4s; 1715s total)
nat cheap None mN=1.091 I=64 rep 146: frozen gen 1465 pcc 1.000 sep_end 0 first_sep 130 tag None (1.5s; 1716s total)
nat above None mN=1.091 I=64 rep 147: frozen gen 340 pcc 1.000 sep_end 0 first_sep -1 tag None (0.5s; 1717s total)
nat cheap None mN=1.091 I=64 rep 143: unresolved gen 100000 pcc 0.978 sep_end 3 first_sep 85 tag None (70.6s; 1727s total)
nat above None mN=1.091 I=64 rep 148: frozen gen 290 pcc 1.000 sep_end 0 first_sep -1 tag None (0.3s; 1728s total)
nat cheap None mN=1.091 I=64 rep 147: unresolved gen 100000 pcc 0.995 sep_end 1 first_sep 55 tag None (14.2s; 1731s total)
nat above None mN=1.091 I=64 rep 149: frozen gen 285 pcc 1.000 sep_end 0 first_sep -1 tag None (0.2s; 1731s total)
nat cheap None mN=1.091 I=64 rep 149: frozen gen 435 pcc 1.000 sep_end 0 first_sep -1 tag None (0.5s; 1732s total)
nat above None mN=1.091 I=64 rep 150: frozen gen 325 pcc 1.000 sep_end 0 first_sep -1 tag None (0.4s; 1732s total)
nat cheap None mN=1.091 I=64 rep 148: unresolved gen 100000 pcc 0.992 sep_end 1 first_sep 135 tag None (30.3s; 1758s total)
nat above None mN=1.091 I=64 rep 151: frozen gen 345 pcc 1.000 sep_end 0 first_sep -1 tag None (0.4s; 1758s total)
nat cheap None mN=1.091 I=64 rep 145: unresolved gen 100000 pcc 0.982 sep_end 1 first_sep 90 tag None (65.9s; 1764s total)
nat above None mN=1.091 I=64 rep 152: frozen gen 300 pcc 1.000 sep_end 0 first_sep -1 tag None (0.3s; 1765s total)
nat cheap None mN=1.091 I=64 rep 150: unresolved gen 100000 pcc 0.979 sep_end 1 first_sep 60 tag None (62.1s; 1794s total)
nat above None mN=1.091 I=64 rep 153: frozen gen 375 pcc 1.000 sep_end 0 first_sep -1 tag None (0.5s; 1795s total)
nat cheap None mN=1.091 I=64 rep 151: unresolved gen 100000 pcc 0.984 sep_end 1 first_sep 80 tag None (65.6s; 1824s total)
nat above None mN=1.091 I=64 rep 154: frozen gen 255 pcc 1.000 sep_end 0 first_sep -1 tag None (0.3s; 1824s total)
nat cheap None mN=1.091 I=64 rep 154: frozen gen 285 pcc 1.000 sep_end 0 first_sep 100 tag None (0.4s; 1825s total)
nat above None mN=1.091 I=64 rep 155: frozen gen 225 pcc 1.000 sep_end 0 first_sep -1 tag None (0.3s; 1825s total)
nat cheap None mN=1.091 I=64 rep 155: frozen gen 280 pcc 1.000 sep_end 0 first_sep -1 tag None (0.3s; 1825s total)
nat above None mN=1.091 I=64 rep 156: frozen gen 300 pcc 1.000 sep_end 0 first_sep -1 tag None (0.4s; 1826s total)
nat cheap None mN=1.091 I=64 rep 152: unresolved gen 100000 pcc 0.971 sep_end 1 first_sep 80 tag None (65.6s; 1830s total)
nat above None mN=1.091 I=64 rep 157: frozen gen 950 pcc 1.000 sep_end 0 first_sep 55 tag None (0.9s; 1831s total)
nat cheap None mN=1.091 I=64 rep 153: unresolved gen 100000 pcc 0.983 sep_end 1 first_sep 85 tag None (62.2s; 1857s total)
nat above None mN=1.091 I=64 rep 158: frozen gen 290 pcc 1.000 sep_end 0 first_sep -1 tag None (0.3s; 1857s total)
nat cheap None mN=1.091 I=64 rep 157: unresolved gen 100000 pcc 0.984 sep_end 1 first_sep 120 tag None (38.1s; 1869s total)
nat above None mN=1.091 I=64 rep 159: frozen gen 280 pcc 1.000 sep_end 0 first_sep -1 tag None (0.3s; 1869s total)
nat cheap None mN=1.091 I=64 rep 156: unresolved gen 100000 pcc 0.977 sep_end 1 first_sep 105 tag None (59.4s; 1885s total)
nat above None mN=1.091 I=64 rep 160: frozen gen 280 pcc 1.000 sep_end 0 first_sep -1 tag None (0.3s; 1885s total)
nat cheap None mN=1.091 I=64 rep 160: frozen gen 275 pcc 1.000 sep_end 0 first_sep -1 tag None (0.3s; 1886s total)
nat above None mN=1.091 I=64 rep 161: frozen gen 295 pcc 1.000 sep_end 0 first_sep -1 tag None (0.3s; 1886s total)
nat cheap None mN=1.091 I=64 rep 158: unresolved gen 100000 pcc 0.979 sep_end 1 first_sep 70 tag None (62.7s; 1920s total)
nat cheap None mN=1.091 I=64 rep 159: unresolved gen 100000 pcc 0.980 sep_end 1 first_sep 95 tag None (50.7s; 1920s total)
nat above None mN=1.091 I=64 rep 162: frozen gen 250 pcc 1.000 sep_end 0 first_sep -1 tag None (0.3s; 1920s total)
nat above None mN=1.091 I=64 rep 163: frozen gen 315 pcc 1.000 sep_end 0 first_sep -1 tag None (0.4s; 1921s total)
nat cheap None mN=1.091 I=64 rep 161: unresolved gen 100000 pcc 0.983 sep_end 1 first_sep 55 tag None (39.7s; 1926s total)
nat above None mN=1.091 I=64 rep 164: frozen gen 280 pcc 1.000 sep_end 0 first_sep -1 tag None (0.3s; 1926s total)
nat cheap None mN=1.091 I=64 rep 164: frozen gen 565 pcc 1.000 sep_end 0 first_sep 55 tag None (0.7s; 1927s total)
nat above None mN=1.091 I=64 rep 165: frozen gen 300 pcc 1.000 sep_end 0 first_sep -1 tag None (0.3s; 1927s total)
nat cheap None mN=1.091 I=64 rep 162: unresolved gen 100000 pcc 0.981 sep_end 1 first_sep 95 tag None (46.6s; 1967s total)
nat above None mN=1.091 I=64 rep 166: frozen gen 275 pcc 1.000 sep_end 0 first_sep -1 tag None (0.3s; 1967s total)
nat cheap None mN=1.091 I=64 rep 165: unresolved gen 100000 pcc 0.990 sep_end 1 first_sep 50 tag None (40.2s; 1967s total)
nat above None mN=1.091 I=64 rep 167: frozen gen 265 pcc 1.000 sep_end 0 first_sep -1 tag None (0.2s; 1967s total)
nat cheap None mN=1.091 I=64 rep 167: frozen gen 345 pcc 1.000 sep_end 0 first_sep -1 tag None (0.3s; 1968s total)
nat above None mN=1.091 I=64 rep 168: frozen gen 295 pcc 1.000 sep_end 0 first_sep -1 tag None (0.3s; 1968s total)
nat cheap None mN=1.091 I=64 rep 163: unresolved gen 100000 pcc 0.973 sep_end 3 first_sep 75 tag None (68.0s; 1989s total)
nat above None mN=1.091 I=64 rep 169: frozen gen 285 pcc 1.000 sep_end 0 first_sep -1 tag None (0.3s; 1989s total)
nat cheap None mN=1.091 I=64 rep 169: frozen gen 3000 pcc 1.000 sep_end 0 first_sep 75 tag None (3.1s; 1992s total)
nat above None mN=1.091 I=64 rep 170: frozen gen 305 pcc 1.000 sep_end 0 first_sep -1 tag None (0.3s; 1992s total)
nat cheap None mN=1.091 I=64 rep 168: unresolved gen 100000 pcc 0.988 sep_end 1 first_sep 100 tag None (40.2s; 2008s total)
nat above None mN=1.091 I=64 rep 171: frozen gen 295 pcc 1.000 sep_end 0 first_sep -1 tag None (0.3s; 2008s total)
nat cheap None mN=1.091 I=64 rep 166: unresolved gen 100000 pcc 0.982 sep_end 1 first_sep 45 tag None (56.0s; 2023s total)
nat above None mN=1.091 I=64 rep 172: frozen gen 330 pcc 1.000 sep_end 0 first_sep -1 tag None (0.3s; 2023s total)
nat cheap None mN=1.091 I=64 rep 170: unresolved gen 100000 pcc 0.988 sep_end 1 first_sep 85 tag None (36.3s; 2029s total)
nat above None mN=1.091 I=64 rep 173: frozen gen 285 pcc 1.000 sep_end 0 first_sep -1 tag None (0.3s; 2029s total)
nat cheap None mN=1.091 I=64 rep 171: unresolved gen 100000 pcc 0.985 sep_end 1 first_sep 95 tag None (41.1s; 2050s total)
nat above None mN=1.091 I=64 rep 174: frozen gen 295 pcc 1.000 sep_end 0 first_sep -1 tag None (0.3s; 2050s total)
nat cheap None mN=1.091 I=64 rep 173: unresolved gen 100000 pcc 0.989 sep_end 1 first_sep 145 tag None (35.8s; 2065s total)
nat above None mN=1.091 I=64 rep 175: frozen gen 410 pcc 1.000 sep_end 0 first_sep -1 tag None (0.5s; 2065s total)
nat cheap None mN=1.091 I=64 rep 175: frozen gen 1700 pcc 1.000 sep_end 0 first_sep 90 tag None (1.9s; 2067s total)
nat above None mN=1.091 I=64 rep 176: frozen gen 285 pcc 1.000 sep_end 0 first_sep -1 tag None (0.3s; 2068s total)
nat cheap None mN=1.091 I=64 rep 172: unresolved gen 100000 pcc 0.976 sep_end 1 first_sep 90 tag None (57.4s; 2081s total)
nat above None mN=1.091 I=64 rep 177: frozen gen 265 pcc 1.000 sep_end 0 first_sep -1 tag None (0.2s; 2081s total)
nat cheap None mN=1.091 I=64 rep 174: unresolved gen 100000 pcc 0.982 sep_end 1 first_sep 65 tag None (54.4s; 2104s total)
nat above None mN=1.091 I=64 rep 178: frozen gen 325 pcc 1.000 sep_end 0 first_sep -1 tag None (0.3s; 2105s total)
nat cheap None mN=1.091 I=64 rep 176: unresolved gen 100000 pcc 0.985 sep_end 1 first_sep 70 tag None (54.1s; 2122s total)
nat cheap None mN=1.091 I=64 rep 178: unresolved gen 100000 pcc 0.995 sep_end 1 first_sep 95 tag None (17.1s; 2122s total)
nat above None mN=1.091 I=64 rep 179: frozen gen 240 pcc 1.000 sep_end 0 first_sep -1 tag None (0.3s; 2122s total)
nat above None mN=1.091 I=64 rep 180: frozen gen 275 pcc 1.000 sep_end 0 first_sep -1 tag None (0.3s; 2122s total)
nat cheap None mN=1.091 I=64 rep 180: frozen gen 1285 pcc 1.000 sep_end 0 first_sep 55 tag None (1.4s; 2124s total)
nat above None mN=1.091 I=64 rep 181: frozen gen 325 pcc 1.000 sep_end 0 first_sep -1 tag None (0.3s; 2124s total)
nat cheap None mN=1.091 I=64 rep 177: unresolved gen 100000 pcc 0.986 sep_end 1 first_sep 90 tag None (45.4s; 2127s total)
nat above None mN=1.091 I=64 rep 182: frozen gen 355 pcc 1.000 sep_end 0 first_sep -1 tag None (0.4s; 2127s total)
nat cheap None mN=1.091 I=64 rep 182: frozen gen 1570 pcc 1.000 sep_end 0 first_sep 175 tag None (0.8s; 2128s total)
nat above None mN=1.091 I=64 rep 183: frozen gen 285 pcc 1.000 sep_end 0 first_sep -1 tag None (0.3s; 2128s total)
nat cheap None mN=1.091 I=64 rep 181: unresolved gen 100000 pcc 0.979 sep_end 1 first_sep 75 tag None (61.9s; 2186s total)
nat cheap None mN=1.091 I=64 rep 179: unresolved gen 100000 pcc 0.982 sep_end 1 first_sep 50 tag None (64.4s; 2186s total)
nat above None mN=1.091 I=64 rep 184: frozen gen 270 pcc 1.000 sep_end 0 first_sep -1 tag None (0.3s; 2186s total)
nat above None mN=1.091 I=64 rep 185: frozen gen 245 pcc 1.000 sep_end 0 first_sep -1 tag None (0.2s; 2186s total)
nat cheap None mN=1.091 I=64 rep 183: unresolved gen 100000 pcc 0.976 sep_end 1 first_sep 130 tag None (64.9s; 2193s total)
nat above None mN=1.091 I=64 rep 186: frozen gen 305 pcc 1.000 sep_end 0 first_sep -1 tag None (0.3s; 2193s total)
nat cheap None mN=1.091 I=64 rep 186: unresolved gen 100000 pcc 0.994 sep_end 1 first_sep 95 tag None (20.6s; 2214s total)
nat above None mN=1.091 I=64 rep 187: frozen gen 290 pcc 1.000 sep_end 0 first_sep -1 tag None (0.2s; 2214s total)
nat cheap None mN=1.091 I=64 rep 184: unresolved gen 100000 pcc 0.979 sep_end 3 first_sep 80 tag None (56.2s; 2242s total)
nat above None mN=1.091 I=64 rep 188: frozen gen 335 pcc 1.000 sep_end 0 first_sep -1 tag None (0.3s; 2243s total)
nat cheap None mN=1.091 I=64 rep 185: unresolved gen 100000 pcc 0.976 sep_end 1 first_sep 75 tag None (63.0s; 2249s total)
nat above None mN=1.091 I=64 rep 189: frozen gen 415 pcc 1.000 sep_end 0 first_sep -1 tag None (0.5s; 2250s total)
nat cheap None mN=1.091 I=64 rep 187: unresolved gen 100000 pcc 0.974 sep_end 3 first_sep 75 tag None (52.6s; 2267s total)
nat above None mN=1.091 I=64 rep 190: frozen gen 420 pcc 1.000 sep_end 0 first_sep -1 tag None (0.3s; 2267s total)
nat cheap None mN=1.091 I=64 rep 188: unresolved gen 100000 pcc 0.977 sep_end 1 first_sep 75 tag None (65.1s; 2308s total)
nat above None mN=1.091 I=64 rep 191: frozen gen 240 pcc 1.000 sep_end 0 first_sep -1 tag None (0.2s; 2308s total)
nat cheap None mN=1.091 I=64 rep 191: frozen gen 295 pcc 1.000 sep_end 0 first_sep -1 tag None (0.3s; 2308s total)
nat above None mN=1.091 I=64 rep 192: frozen gen 340 pcc 1.000 sep_end 0 first_sep -1 tag None (0.3s; 2308s total)
nat cheap None mN=1.091 I=64 rep 189: unresolved gen 100000 pcc 0.968 sep_end 3 first_sep 105 tag None (69.5s; 2319s total)
nat above None mN=1.091 I=64 rep 193: frozen gen 305 pcc 1.000 sep_end 0 first_sep -1 tag None (0.3s; 2320s total)
nat cheap None mN=1.091 I=64 rep 190: unresolved gen 100000 pcc 0.980 sep_end 3 first_sep 50 tag None (61.9s; 2329s total)
nat above None mN=1.091 I=64 rep 194: frozen gen 240 pcc 1.000 sep_end 0 first_sep -1 tag None (0.3s; 2329s total)
nat cheap None mN=1.091 I=64 rep 192: unresolved gen 100000 pcc 0.978 sep_end 3 first_sep 115 tag None (62.6s; 2371s total)
nat above None mN=1.091 I=64 rep 195: frozen gen 265 pcc 1.000 sep_end 0 first_sep -1 tag None (0.3s; 2371s total)
nat cheap None mN=1.091 I=64 rep 193: unresolved gen 100000 pcc 0.984 sep_end 3 first_sep 70 tag None (62.9s; 2383s total)
nat above None mN=1.091 I=64 rep 196: frozen gen 290 pcc 1.000 sep_end 0 first_sep -1 tag None (0.3s; 2383s total)
nat cheap None mN=1.091 I=64 rep 194: unresolved gen 100000 pcc 0.974 sep_end 1 first_sep 65 tag None (63.5s; 2393s total)
nat above None mN=1.091 I=64 rep 197: frozen gen 400 pcc 1.000 sep_end 0 first_sep -1 tag None (0.3s; 2393s total)
nat cheap None mN=1.091 I=64 rep 196: unresolved gen 100000 pcc 0.980 sep_end 1 first_sep 85 tag None (52.1s; 2435s total)
nat above None mN=1.091 I=64 rep 198: frozen gen 290 pcc 1.000 sep_end 0 first_sep -1 tag None (0.4s; 2435s total)
nat cheap None mN=1.091 I=64 rep 198: frozen gen 290 pcc 1.000 sep_end 0 first_sep -1 tag None (0.3s; 2436s total)
nat above None mN=1.091 I=64 rep 199: frozen gen 360 pcc 1.000 sep_end 0 first_sep -1 tag None (0.3s; 2436s total)
nat cheap None mN=1.091 I=64 rep 199: frozen gen 280 pcc 1.000 sep_end 0 first_sep -1 tag None (0.3s; 2436s total)
nat cheap None mN=1.091 I=64 rep 195: unresolved gen 100000 pcc 0.978 sep_end 1 first_sep 65 tag None (65.4s; 2437s total)
nat above None mN=1.091 I=64 rep 200: frozen gen 445 pcc 1.000 sep_end 0 first_sep -1 tag None (0.5s; 2437s total)
nat above None mN=1.091 I=64 rep 201: frozen gen 320 pcc 1.000 sep_end 0 first_sep -1 tag None (0.3s; 2437s total)
nat cheap None mN=1.091 I=64 rep 197: unresolved gen 100000 pcc 0.979 sep_end 3 first_sep 175 tag None (59.5s; 2453s total)
nat above None mN=1.091 I=64 rep 202: frozen gen 260 pcc 1.000 sep_end 0 first_sep -1 tag None (0.3s; 2453s total)
nat cheap None mN=1.091 I=64 rep 201: unresolved gen 100000 pcc 0.979 sep_end 1 first_sep 130 tag None (64.8s; 2502s total)
nat above None mN=1.091 I=64 rep 203: frozen gen 290 pcc 1.000 sep_end 0 first_sep -1 tag None (0.3s; 2502s total)
nat cheap None mN=1.091 I=64 rep 200: unresolved gen 100000 pcc 0.974 sep_end 1 first_sep 95 tag None (65.8s; 2503s total)
nat above None mN=1.091 I=64 rep 204: frozen gen 320 pcc 1.000 sep_end 0 first_sep -1 tag None (0.3s; 2503s total)
nat cheap None mN=1.091 I=64 rep 204: frozen gen 280 pcc 1.000 sep_end 0 first_sep -1 tag None (0.3s; 2503s total)
nat cheap None mN=1.091 I=64 rep 203: frozen gen 840 pcc 1.000 sep_end 0 first_sep 85 tag None (1.0s; 2503s total)
nat above None mN=1.091 I=64 rep 205: frozen gen 265 pcc 1.000 sep_end 0 first_sep -1 tag None (0.2s; 2503s total)
nat above None mN=1.091 I=64 rep 206: frozen gen 250 pcc 1.000 sep_end 0 first_sep -1 tag None (0.3s; 2504s total)
nat cheap None mN=1.091 I=64 rep 202: unresolved gen 100000 pcc 0.978 sep_end 1 first_sep 65 tag None (60.1s; 2513s total)
nat above None mN=1.091 I=64 rep 207: frozen gen 220 pcc 1.000 sep_end 0 first_sep -1 tag None (0.2s; 2513s total)
nat cheap None mN=1.091 I=64 rep 205: unresolved gen 100000 pcc 0.997 sep_end 1 first_sep 50 tag None (10.2s; 2513s total)
nat above None mN=1.091 I=64 rep 208: frozen gen 315 pcc 1.000 sep_end 0 first_sep -1 tag None (0.3s; 2514s total)
nat cheap None mN=1.091 I=64 rep 208: frozen gen 310 pcc 1.000 sep_end 0 first_sep -1 tag None (0.3s; 2514s total)
nat above None mN=1.091 I=64 rep 209: frozen gen 250 pcc 1.000 sep_end 0 first_sep -1 tag None (0.2s; 2514s total)
nat cheap None mN=1.091 I=64 rep 206: unresolved gen 100000 pcc 0.977 sep_end 1 first_sep 85 tag None (64.7s; 2568s total)
nat above None mN=1.091 I=64 rep 210: frozen gen 270 pcc 1.000 sep_end 0 first_sep -1 tag None (0.2s; 2569s total)
nat cheap None mN=1.091 I=64 rep 207: unresolved gen 100000 pcc 0.979 sep_end 1 first_sep 115 tag None (58.8s; 2572s total)
nat above None mN=1.091 I=64 rep 211: frozen gen 275 pcc 1.000 sep_end 0 first_sep -1 tag None (0.3s; 2573s total)
nat cheap None mN=1.091 I=64 rep 209: unresolved gen 100000 pcc 0.974 sep_end 1 first_sep 55 tag None (64.7s; 2579s total)
nat above None mN=1.091 I=64 rep 212: frozen gen 285 pcc 1.000 sep_end 0 first_sep -1 tag None (0.3s; 2579s total)
nat cheap None mN=1.091 I=64 rep 211: unresolved gen 100000 pcc 0.992 sep_end 1 first_sep 85 tag None (22.1s; 2595s total)
nat above None mN=1.091 I=64 rep 213: frozen gen 250 pcc 1.000 sep_end 0 first_sep -1 tag None (0.3s; 2595s total)
nat cheap None mN=1.091 I=64 rep 210: unresolved gen 100000 pcc 0.980 sep_end 1 first_sep 85 tag None (63.9s; 2633s total)
nat above None mN=1.091 I=64 rep 214: frozen gen 395 pcc 1.000 sep_end 0 first_sep -1 tag None (0.3s; 2633s total)
nat cheap None mN=1.091 I=64 rep 213: unresolved gen 100000 pcc 0.985 sep_end 1 first_sep 70 tag None (44.8s; 2640s total)
nat above None mN=1.091 I=64 rep 215: frozen gen 295 pcc 1.000 sep_end 0 first_sep -1 tag None (0.3s; 2640s total)
nat cheap None mN=1.091 I=64 rep 212: unresolved gen 100000 pcc 0.977 sep_end 1 first_sep 105 tag None (62.0s; 2641s total)
nat above None mN=1.091 I=64 rep 216: frozen gen 240 pcc 1.000 sep_end 0 first_sep -1 tag None (0.3s; 2642s total)
nat cheap None mN=1.091 I=64 rep 215: frozen gen 1370 pcc 1.000 sep_end 0 first_sep 160 tag None (1.5s; 2642s total)
nat above None mN=1.091 I=64 rep 217: frozen gen 275 pcc 1.000 sep_end 0 first_sep -1 tag None (0.3s; 2642s total)
nat cheap None mN=1.091 I=64 rep 217: frozen gen 295 pcc 1.000 sep_end 0 first_sep -1 tag None (0.3s; 2642s total)
nat above None mN=1.091 I=64 rep 218: frozen gen 265 pcc 1.000 sep_end 0 first_sep -1 tag None (0.3s; 2642s total)
nat cheap None mN=1.091 I=64 rep 218: frozen gen 1080 pcc 1.000 sep_end 0 first_sep 55 tag None (1.3s; 2644s total)
nat above None mN=1.091 I=64 rep 219: frozen gen 295 pcc 1.000 sep_end 0 first_sep -1 tag None (0.2s; 2644s total)
nat cheap None mN=1.091 I=64 rep 216: unresolved gen 100000 pcc 0.989 sep_end 1 first_sep 110 tag None (40.2s; 2682s total)
nat above None mN=1.091 I=64 rep 220: frozen gen 695 pcc 1.000 sep_end 0 first_sep 80 tag None (0.8s; 2683s total)
nat cheap None mN=1.091 I=64 rep 214: unresolved gen 100000 pcc 0.977 sep_end 1 first_sep 55 tag None (59.0s; 2692s total)
nat above None mN=1.091 I=64 rep 221: frozen gen 690 pcc 1.000 sep_end 0 first_sep -1 tag None (0.7s; 2693s total)
nat cheap None mN=1.091 I=64 rep 220: unresolved gen 100000 pcc 0.997 sep_end 1 first_sep 85 tag None (13.4s; 2696s total)
nat above None mN=1.091 I=64 rep 222: frozen gen 255 pcc 1.000 sep_end 0 first_sep -1 tag None (0.3s; 2696s total)
nat cheap None mN=1.091 I=64 rep 222: unresolved gen 100000 pcc 0.995 sep_end 1 first_sep 65 tag None (17.5s; 2714s total)
nat above None mN=1.091 I=64 rep 223: frozen gen 295 pcc 1.000 sep_end 0 first_sep -1 tag None (0.3s; 2714s total)
nat cheap None mN=1.091 I=64 rep 223: frozen gen 305 pcc 1.000 sep_end 0 first_sep -1 tag None (0.3s; 2714s total)
nat above None mN=1.091 I=64 rep 224: frozen gen 295 pcc 1.000 sep_end 0 first_sep -1 tag None (0.2s; 2715s total)
nat cheap None mN=1.091 I=64 rep 219: unresolved gen 100000 pcc 0.974 sep_end 3 first_sep 95 tag None (76.6s; 2721s total)
nat above None mN=1.091 I=64 rep 225: frozen gen 230 pcc 1.000 sep_end 0 first_sep -1 tag None (0.2s; 2721s total)
nat cheap None mN=1.091 I=64 rep 225: unresolved gen 100000 pcc 0.994 sep_end 1 first_sep 90 tag None (20.8s; 2742s total)
nat above None mN=1.091 I=64 rep 226: frozen gen 300 pcc 1.000 sep_end 0 first_sep -1 tag None (0.3s; 2742s total)
nat cheap None mN=1.091 I=64 rep 221: unresolved gen 100000 pcc 0.987 sep_end 1 first_sep 90 tag None (52.6s; 2745s total)
nat above None mN=1.091 I=64 rep 227: frozen gen 340 pcc 1.000 sep_end 0 first_sep -1 tag None (0.3s; 2746s total)
nat cheap None mN=1.091 I=64 rep 224: unresolved gen 100000 pcc 0.986 sep_end 1 first_sep 90 tag None (50.9s; 2765s total)
nat above None mN=1.091 I=64 rep 228: frozen gen 225 pcc 1.000 sep_end 0 first_sep -1 tag None (0.3s; 2766s total)
nat cheap None mN=1.091 I=64 rep 227: unresolved gen 100000 pcc 0.988 sep_end 1 first_sep 125 tag None (56.9s; 2803s total)
nat above None mN=1.091 I=64 rep 229: frozen gen 300 pcc 1.000 sep_end 0 first_sep -1 tag None (0.3s; 2803s total)
nat cheap None mN=1.091 I=64 rep 229: frozen gen 270 pcc 1.000 sep_end 0 first_sep -1 tag None (0.3s; 2803s total)
nat above None mN=1.091 I=64 rep 230: frozen gen 305 pcc 1.000 sep_end 0 first_sep -1 tag None (0.2s; 2803s total)
nat cheap None mN=1.091 I=64 rep 226: unresolved gen 100000 pcc 0.981 sep_end 1 first_sep 75 tag None (62.1s; 2804s total)
nat above None mN=1.091 I=64 rep 231: frozen gen 320 pcc 1.000 sep_end 0 first_sep -1 tag None (0.4s; 2804s total)
nat cheap None mN=1.091 I=64 rep 228: unresolved gen 100000 pcc 0.975 sep_end 1 first_sep 100 tag None (59.2s; 2825s total)
nat above None mN=1.091 I=64 rep 232: frozen gen 325 pcc 1.000 sep_end 0 first_sep -1 tag None (0.4s; 2825s total)
nat cheap None mN=1.091 I=64 rep 232: frozen gen 280 pcc 1.000 sep_end 0 first_sep -1 tag None (0.3s; 2826s total)
nat above None mN=1.091 I=64 rep 233: frozen gen 255 pcc 1.000 sep_end 0 first_sep -1 tag None (0.3s; 2826s total)
nat cheap None mN=1.091 I=64 rep 230: unresolved gen 100000 pcc 0.992 sep_end 1 first_sep 75 tag None (33.4s; 2837s total)
nat above None mN=1.091 I=64 rep 234: frozen gen 270 pcc 1.000 sep_end 0 first_sep -1 tag None (0.2s; 2837s total)
nat cheap None mN=1.091 I=64 rep 234: unresolved gen 100000 pcc 0.995 sep_end 1 first_sep 145 tag None (17.8s; 2855s total)
nat above None mN=1.091 I=64 rep 235: frozen gen 250 pcc 1.000 sep_end 0 first_sep -1 tag None (0.3s; 2855s total)
nat cheap None mN=1.091 I=64 rep 235: frozen gen 1865 pcc 1.000 sep_end 0 first_sep 95 tag None (1.5s; 2857s total)
nat above None mN=1.091 I=64 rep 236: frozen gen 365 pcc 1.000 sep_end 0 first_sep -1 tag None (0.2s; 2857s total)
nat cheap None mN=1.091 I=64 rep 236: frozen gen 410 pcc 1.000 sep_end 0 first_sep -1 tag None (0.4s; 2857s total)
nat above None mN=1.091 I=64 rep 237: frozen gen 360 pcc 1.000 sep_end 0 first_sep -1 tag None (0.3s; 2858s total)
nat cheap None mN=1.091 I=64 rep 237: frozen gen 2200 pcc 1.000 sep_end 0 first_sep 65 tag None (2.2s; 2860s total)
nat above None mN=1.091 I=64 rep 238: frozen gen 345 pcc 1.000 sep_end 0 first_sep -1 tag None (0.4s; 2860s total)
nat cheap None mN=1.091 I=64 rep 231: unresolved gen 100000 pcc 0.977 sep_end 1 first_sep 60 tag None (63.3s; 2868s total)
nat above None mN=1.091 I=64 rep 239: frozen gen 335 pcc 1.000 sep_end 0 first_sep -1 tag None (0.4s; 2868s total)
nat cheap None mN=1.091 I=64 rep 233: unresolved gen 100000 pcc 0.981 sep_end 1 first_sep 65 tag None (63.3s; 2889s total)
nat above None mN=1.091 I=64 rep 240: frozen gen 280 pcc 1.000 sep_end 0 first_sep -1 tag None (0.4s; 2890s total)
nat cheap None mN=1.091 I=64 rep 238: unresolved gen 100000 pcc 0.985 sep_end 1 first_sep 120 tag None (45.7s; 2906s total)
nat above None mN=1.091 I=64 rep 241: frozen gen 265 pcc 1.000 sep_end 0 first_sep -1 tag None (0.3s; 2906s total)
nat cheap None mN=1.091 I=64 rep 241: frozen gen 305 pcc 1.000 sep_end 0 first_sep -1 tag None (0.3s; 2907s total)
nat above None mN=1.091 I=64 rep 242: frozen gen 245 pcc 1.000 sep_end 0 first_sep -1 tag None (0.2s; 2907s total)
nat cheap None mN=1.091 I=64 rep 242: frozen gen 305 pcc 1.000 sep_end 0 first_sep -1 tag None (0.2s; 2907s total)
nat above None mN=1.091 I=64 rep 243: frozen gen 370 pcc 1.000 sep_end 0 first_sep -1 tag None (0.3s; 2907s total)
nat cheap None mN=1.091 I=64 rep 239: unresolved gen 100000 pcc 0.980 sep_end 1 first_sep 90 tag None (65.5s; 2934s total)
nat above None mN=1.091 I=64 rep 244: frozen gen 275 pcc 1.000 sep_end 0 first_sep -1 tag None (0.3s; 2934s total)
nat cheap None mN=1.091 I=64 rep 240: unresolved gen 100000 pcc 0.971 sep_end 3 first_sep 85 tag None (75.2s; 2965s total)
nat above None mN=1.091 I=64 rep 245: frozen gen 285 pcc 1.000 sep_end 0 first_sep -1 tag None (0.3s; 2965s total)
nat cheap None mN=1.091 I=64 rep 245: frozen gen 630 pcc 1.000 sep_end 0 first_sep 140 tag None (0.5s; 2966s total)
nat above None mN=1.091 I=64 rep 246: frozen gen 255 pcc 1.000 sep_end 0 first_sep -1 tag None (0.3s; 2966s total)
nat cheap None mN=1.091 I=64 rep 243: unresolved gen 100000 pcc 0.979 sep_end 1 first_sep 60 tag None (62.6s; 2970s total)
nat above None mN=1.091 I=64 rep 247: frozen gen 300 pcc 1.000 sep_end 0 first_sep -1 tag None (0.4s; 2970s total)
nat cheap None mN=1.091 I=64 rep 247: frozen gen 1530 pcc 1.000 sep_end 0 first_sep 95 tag None (1.8s; 2972s total)
nat above None mN=1.091 I=64 rep 248: frozen gen 275 pcc 1.000 sep_end 0 first_sep -1 tag None (0.3s; 2972s total)
nat cheap None mN=1.091 I=64 rep 244: unresolved gen 100000 pcc 0.979 sep_end 1 first_sep 75 tag None (58.8s; 2993s total)
nat above None mN=1.091 I=64 rep 249: frozen gen 275 pcc 1.000 sep_end 0 first_sep -1 tag None (0.2s; 2993s total)
nat cheap None mN=1.091 I=64 rep 249: frozen gen 1805 pcc 1.000 sep_end 0 first_sep 60 tag None (1.6s; 2995s total)
nat above None mN=1.091 I=64 rep 250: frozen gen 335 pcc 1.000 sep_end 0 first_sep -1 tag None (0.3s; 2995s total)
nat cheap None mN=1.091 I=64 rep 248: unresolved gen 100000 pcc 0.988 sep_end 1 first_sep 60 tag None (34.3s; 3007s total)
nat above None mN=1.091 I=64 rep 251: frozen gen 345 pcc 1.000 sep_end 0 first_sep -1 tag None (0.4s; 3007s total)
nat cheap None mN=1.091 I=64 rep 246: unresolved gen 100000 pcc 0.980 sep_end 1 first_sep 80 tag None (65.0s; 3031s total)
nat above None mN=1.091 I=64 rep 252: frozen gen 325 pcc 1.000 sep_end 0 first_sep -1 tag None (0.3s; 3031s total)
nat cheap None mN=1.091 I=64 rep 250: unresolved gen 100000 pcc 0.979 sep_end 1 first_sep 130 tag None (52.4s; 3047s total)
nat above None mN=1.091 I=64 rep 253: frozen gen 320 pcc 1.000 sep_end 0 first_sep -1 tag None (0.3s; 3048s total)
nat cheap None mN=1.091 I=64 rep 251: unresolved gen 100000 pcc 0.982 sep_end 1 first_sep 50 tag None (62.9s; 3070s total)
nat above None mN=1.091 I=64 rep 254: frozen gen 325 pcc 1.000 sep_end 0 first_sep -1 tag None (0.3s; 3070s total)
nat cheap None mN=1.091 I=64 rep 253: unresolved gen 100000 pcc 0.986 sep_end 1 first_sep 70 tag None (41.1s; 3089s total)
nat above None mN=1.091 I=64 rep 255: frozen gen 440 pcc 1.000 sep_end 0 first_sep 75 tag None (0.5s; 3089s total)
nat cheap None mN=1.091 I=64 rep 252: unresolved gen 100000 pcc 0.983 sep_end 1 first_sep 105 tag None (65.0s; 3096s total)
nat above None mN=1.091 I=64 rep 256: frozen gen 325 pcc 1.000 sep_end 0 first_sep -1 tag None (0.3s; 3097s total)
nat cheap None mN=1.091 I=64 rep 254: unresolved gen 100000 pcc 0.976 sep_end 1 first_sep 125 tag None (61.7s; 3132s total)
nat cheap None mN=1.091 I=64 rep 255: unresolved gen 100000 pcc 0.982 sep_end 1 first_sep 55 tag None (43.0s; 3132s total)
nat above None mN=1.091 I=64 rep 257: frozen gen 385 pcc 1.000 sep_end 0 first_sep -1 tag None (0.3s; 3132s total)
nat above None mN=1.091 I=64 rep 258: frozen gen 320 pcc 1.000 sep_end 0 first_sep -1 tag None (0.3s; 3133s total)
nat cheap None mN=1.091 I=64 rep 257: unresolved gen 100000 pcc 0.998 sep_end 0 first_sep 110 tag None (5.7s; 3138s total)
nat above None mN=1.091 I=64 rep 259: frozen gen 285 pcc 1.000 sep_end 0 first_sep -1 tag None (0.3s; 3138s total)
nat cheap None mN=1.091 I=64 rep 256: unresolved gen 100000 pcc 0.979 sep_end 1 first_sep 125 tag None (62.7s; 3159s total)
nat above None mN=1.091 I=64 rep 260: frozen gen 275 pcc 1.000 sep_end 0 first_sep -1 tag None (0.3s; 3160s total)
nat cheap None mN=1.091 I=64 rep 260: frozen gen 580 pcc 1.000 sep_end 0 first_sep 90 tag None (0.7s; 3160s total)
nat above None mN=1.091 I=64 rep 261: frozen gen 290 pcc 1.000 sep_end 0 first_sep -1 tag None (0.3s; 3161s total)
nat cheap None mN=1.091 I=64 rep 259: unresolved gen 100000 pcc 0.982 sep_end 3 first_sep 40 tag None (48.8s; 3187s total)
nat above None mN=1.091 I=64 rep 262: frozen gen 355 pcc 1.000 sep_end 0 first_sep -1 tag None (0.4s; 3187s total)
nat cheap None mN=1.091 I=64 rep 261: unresolved gen 100000 pcc 0.991 sep_end 1 first_sep 105 tag None (31.7s; 3192s total)
nat above None mN=1.091 I=64 rep 263: frozen gen 205 pcc 1.000 sep_end 0 first_sep -1 tag None (0.2s; 3192s total)
nat cheap None mN=1.091 I=64 rep 258: unresolved gen 100000 pcc 0.976 sep_end 3 first_sep 80 tag None (76.2s; 3209s total)
nat above None mN=1.091 I=64 rep 264: frozen gen 310 pcc 1.000 sep_end 0 first_sep -1 tag None (0.2s; 3209s total)
nat cheap None mN=1.091 I=64 rep 264: frozen gen 1180 pcc 1.000 sep_end 0 first_sep 125 tag None (1.1s; 3210s total)
nat above None mN=1.091 I=64 rep 265: frozen gen 275 pcc 1.000 sep_end 0 first_sep -1 tag None (0.3s; 3211s total)
nat cheap None mN=1.091 I=64 rep 262: unresolved gen 100000 pcc 0.989 sep_end 1 first_sep 110 tag None (36.8s; 3224s total)
nat above None mN=1.091 I=64 rep 266: frozen gen 275 pcc 1.000 sep_end 0 first_sep -1 tag None (0.3s; 3225s total)
nat cheap None mN=1.091 I=64 rep 263: unresolved gen 100000 pcc 0.987 sep_end 3 first_sep 75 tag None (44.4s; 3237s total)
nat above None mN=1.091 I=64 rep 267: frozen gen 300 pcc 1.000 sep_end 0 first_sep -1 tag None (0.3s; 3237s total)
nat cheap None mN=1.091 I=64 rep 267: frozen gen 1020 pcc 1.000 sep_end 0 first_sep 90 tag None (1.1s; 3238s total)
nat above None mN=1.091 I=64 rep 268: frozen gen 310 pcc 1.000 sep_end 0 first_sep -1 tag None (0.3s; 3239s total)
nat cheap None mN=1.091 I=64 rep 266: unresolved gen 100000 pcc 0.991 sep_end 1 first_sep 95 tag None (33.2s; 3258s total)
nat above None mN=1.091 I=64 rep 269: frozen gen 330 pcc 1.000 sep_end 0 first_sep -1 tag None (0.3s; 3258s total)
nat cheap None mN=1.091 I=64 rep 265: unresolved gen 100000 pcc 0.976 sep_end 1 first_sep 85 tag None (61.5s; 3272s total)
nat above None mN=1.091 I=64 rep 270: frozen gen 280 pcc 1.000 sep_end 0 first_sep -1 tag None (0.3s; 3272s total)
nat cheap None mN=1.091 I=64 rep 268: unresolved gen 100000 pcc 0.966 sep_end 3 first_sep 100 tag None (72.4s; 3311s total)
nat above None mN=1.091 I=64 rep 271: frozen gen 365 pcc 1.000 sep_end 0 first_sep 110 tag None (0.4s; 3311s total)
nat cheap None mN=1.091 I=64 rep 271: frozen gen 265 pcc 1.000 sep_end 0 first_sep -1 tag None (0.2s; 3312s total)
nat above None mN=1.091 I=64 rep 272: frozen gen 290 pcc 1.000 sep_end 0 first_sep -1 tag None (0.3s; 3312s total)
nat cheap None mN=1.091 I=64 rep 269: unresolved gen 100000 pcc 0.968 sep_end 3 first_sep 70 tag None (76.1s; 3334s total)
nat above None mN=1.091 I=64 rep 273: frozen gen 265 pcc 1.000 sep_end 0 first_sep -1 tag None (0.3s; 3335s total)
nat cheap None mN=1.091 I=64 rep 270: unresolved gen 100000 pcc 0.982 sep_end 1 first_sep 85 tag None (62.7s; 3335s total)
nat above None mN=1.091 I=64 rep 274: frozen gen 270 pcc 1.000 sep_end 0 first_sep -1 tag None (0.2s; 3335s total)
nat cheap None mN=1.091 I=64 rep 274: unresolved gen 100000 pcc 0.993 sep_end 1 first_sep 70 tag None (33.4s; 3369s total)
nat above None mN=1.091 I=64 rep 275: frozen gen 300 pcc 1.000 sep_end 0 first_sep -1 tag None (0.4s; 3369s total)
nat cheap None mN=1.091 I=64 rep 272: unresolved gen 100000 pcc 0.982 sep_end 1 first_sep 110 tag None (61.4s; 3373s total)
nat above None mN=1.091 I=64 rep 276: frozen gen 345 pcc 1.000 sep_end 0 first_sep -1 tag None (0.4s; 3374s total)
nat cheap None mN=1.091 I=64 rep 273: unresolved gen 100000 pcc 0.979 sep_end 3 first_sep 80 tag None (69.0s; 3404s total)
nat above None mN=1.091 I=64 rep 277: frozen gen 305 pcc 1.000 sep_end 0 first_sep -1 tag None (0.3s; 3404s total)
nat cheap None mN=1.091 I=64 rep 276: unresolved gen 100000 pcc 0.993 sep_end 1 first_sep 70 tag None (31.1s; 3405s total)
nat above None mN=1.091 I=64 rep 278: frozen gen 270 pcc 1.000 sep_end 0 first_sep -1 tag None (0.2s; 3405s total)
nat cheap None mN=1.091 I=64 rep 275: unresolved gen 100000 pcc 0.987 sep_end 1 first_sep 75 tag None (45.0s; 3414s total)
nat above None mN=1.091 I=64 rep 279: frozen gen 340 pcc 1.000 sep_end 0 first_sep -1 tag None (0.4s; 3414s total)
nat cheap None mN=1.091 I=64 rep 278: unresolved gen 100000 pcc 0.984 sep_end 1 first_sep 105 tag None (42.0s; 3447s total)
nat above None mN=1.091 I=64 rep 280: frozen gen 310 pcc 1.000 sep_end 0 first_sep -1 tag None (0.3s; 3447s total)
nat cheap None mN=1.091 I=64 rep 280: frozen gen 2025 pcc 1.000 sep_end 0 first_sep 70 tag None (2.0s; 3450s total)
nat above None mN=1.091 I=64 rep 281: frozen gen 265 pcc 1.000 sep_end 0 first_sep -1 tag None (0.2s; 3450s total)
nat cheap None mN=1.091 I=64 rep 281: frozen gen 365 pcc 1.000 sep_end 0 first_sep -1 tag None (0.3s; 3450s total)
nat above None mN=1.091 I=64 rep 282: frozen gen 310 pcc 1.000 sep_end 0 first_sep -1 tag None (0.4s; 3451s total)
nat cheap None mN=1.091 I=64 rep 279: unresolved gen 100000 pcc 0.982 sep_end 1 first_sep 80 tag None (47.3s; 3462s total)
nat above None mN=1.091 I=64 rep 283: frozen gen 280 pcc 1.000 sep_end 0 first_sep -1 tag None (0.3s; 3462s total)
nat cheap None mN=1.091 I=64 rep 277: unresolved gen 100000 pcc 0.984 sep_end 1 first_sep 110 tag None (64.8s; 3469s total)
nat above None mN=1.091 I=64 rep 284: frozen gen 280 pcc 1.000 sep_end 0 first_sep -1 tag None (0.3s; 3469s total)
nat cheap None mN=1.091 I=64 rep 283: unresolved gen 100000 pcc 0.987 sep_end 1 first_sep 80 tag None (38.2s; 3500s total)
nat above None mN=1.091 I=64 rep 285: frozen gen 270 pcc 1.000 sep_end 0 first_sep -1 tag None (0.2s; 3500s total)
nat cheap None mN=1.091 I=64 rep 282: unresolved gen 100000 pcc 0.965 sep_end 1 first_sep 80 tag None (64.1s; 3515s total)
nat above None mN=1.091 I=64 rep 286: frozen gen 330 pcc 1.000 sep_end 0 first_sep -1 tag None (0.3s; 3515s total)
nat cheap None mN=1.091 I=64 rep 284: unresolved gen 100000 pcc 0.978 sep_end 1 first_sep 130 tag None (65.1s; 3534s total)
nat above None mN=1.091 I=64 rep 287: frozen gen 330 pcc 1.000 sep_end 0 first_sep -1 tag None (0.3s; 3534s total)
nat cheap None mN=1.091 I=64 rep 285: unresolved gen 100000 pcc 0.983 sep_end 3 first_sep 75 tag None (47.7s; 3548s total)
nat above None mN=1.091 I=64 rep 288: frozen gen 540 pcc 1.000 sep_end 0 first_sep -1 tag None (0.6s; 3549s total)
nat cheap None mN=1.091 I=64 rep 288: frozen gen 1090 pcc 1.000 sep_end 0 first_sep 85 tag None (1.3s; 3550s total)
nat above None mN=1.091 I=64 rep 289: frozen gen 290 pcc 1.000 sep_end 0 first_sep -1 tag None (0.3s; 3550s total)
nat cheap None mN=1.091 I=64 rep 289: frozen gen 1465 pcc 1.000 sep_end 0 first_sep 125 tag None (1.6s; 3552s total)
nat above None mN=1.091 I=64 rep 290: frozen gen 300 pcc 1.000 sep_end 0 first_sep -1 tag None (0.3s; 3552s total)
nat cheap None mN=1.091 I=64 rep 286: unresolved gen 100000 pcc 0.969 sep_end 3 first_sep 65 tag None (68.8s; 3584s total)
nat above None mN=1.091 I=64 rep 291: frozen gen 295 pcc 1.000 sep_end 0 first_sep -1 tag None (0.2s; 3584s total)
nat cheap None mN=1.091 I=64 rep 290: unresolved gen 100000 pcc 0.986 sep_end 1 first_sep 70 tag None (42.7s; 3595s total)
nat above None mN=1.091 I=64 rep 292: frozen gen 250 pcc 1.000 sep_end 0 first_sep -1 tag None (0.3s; 3595s total)
nat cheap None mN=1.091 I=64 rep 291: unresolved gen 100000 pcc 0.989 sep_end 1 first_sep 75 tag None (25.0s; 3609s total)
nat above None mN=1.091 I=64 rep 293: frozen gen 325 pcc 1.000 sep_end 0 first_sep -1 tag None (0.3s; 3609s total)
nat cheap None mN=1.091 I=64 rep 287: unresolved gen 100000 pcc 0.981 sep_end 3 first_sep 45 tag None (76.6s; 3611s total)
nat cheap None mN=1.091 I=64 rep 293: frozen gen 1805 pcc 1.000 sep_end 0 first_sep 120 tag None (2.0s; 3611s total)
nat above None mN=1.091 I=64 rep 294: frozen gen 355 pcc 1.000 sep_end 0 first_sep -1 tag None (0.3s; 3611s total)
nat above None mN=1.091 I=64 rep 295: frozen gen 315 pcc 1.000 sep_end 0 first_sep -1 tag None (0.4s; 3612s total)
nat cheap None mN=1.091 I=64 rep 292: unresolved gen 100000 pcc 0.990 sep_end 1 first_sep 110 tag None (24.2s; 3619s total)
nat above None mN=1.091 I=64 rep 296: frozen gen 310 pcc 1.000 sep_end 0 first_sep -1 tag None (0.4s; 3620s total)
nat cheap None mN=1.091 I=64 rep 295: unresolved gen 100000 pcc 0.997 sep_end 1 first_sep 115 tag None (13.5s; 3625s total)
nat above None mN=1.091 I=64 rep 297: frozen gen 305 pcc 1.000 sep_end 0 first_sep -1 tag None (0.3s; 3626s total)
nat cheap None mN=1.091 I=64 rep 294: unresolved gen 100000 pcc 0.990 sep_end 1 first_sep 60 tag None (27.8s; 3639s total)
nat above None mN=1.091 I=64 rep 298: frozen gen 610 pcc 1.000 sep_end 0 first_sep -1 tag None (0.5s; 3640s total)
nat cheap None mN=1.091 I=64 rep 298: frozen gen 3100 pcc 1.000 sep_end 0 first_sep 60 tag None (2.6s; 3642s total)
nat above None mN=1.091 I=64 rep 299: frozen gen 355 pcc 1.000 sep_end 0 first_sep -1 tag None (0.4s; 3643s total)
nat cheap None mN=1.091 I=64 rep 296: unresolved gen 100000 pcc 0.987 sep_end 1 first_sep 50 tag None (40.4s; 3660s total)
nat cheap None mN=1.091 I=64 rep 297: unresolved gen 100000 pcc 0.989 sep_end 1 first_sep 65 tag None (34.8s; 3660s total)
nat above None mN=1.091 I=64 rep 300: frozen gen 260 pcc 1.000 sep_end 0 first_sep -1 tag None (0.2s; 3661s total)
nat above None mN=1.091 I=64 rep 301: frozen gen 265 pcc 1.000 sep_end 0 first_sep -1 tag None (0.3s; 3661s total)
nat cheap None mN=1.091 I=64 rep 301: frozen gen 375 pcc 1.000 sep_end 0 first_sep -1 tag None (0.4s; 3661s total)
nat above None mN=1.091 I=64 rep 302: frozen gen 355 pcc 1.000 sep_end 0 first_sep -1 tag None (0.3s; 3662s total)
nat cheap None mN=1.091 I=64 rep 299: unresolved gen 100000 pcc 0.985 sep_end 3 first_sep 80 tag None (62.7s; 3705s total)
nat above None mN=1.091 I=64 rep 303: frozen gen 305 pcc 1.000 sep_end 0 first_sep -1 tag None (0.3s; 3706s total)
nat cheap None mN=1.091 I=64 rep 300: unresolved gen 100000 pcc 0.984 sep_end 1 first_sep 90 tag None (47.2s; 3708s total)
nat above None mN=1.091 I=64 rep 304: frozen gen 230 pcc 1.000 sep_end 0 first_sep -1 tag None (0.2s; 3708s total)
nat cheap None mN=1.091 I=64 rep 302: unresolved gen 100000 pcc 0.980 sep_end 3 first_sep 45 tag None (68.2s; 3730s total)
nat above None mN=1.091 I=64 rep 305: frozen gen 415 pcc 1.000 sep_end 0 first_sep -1 tag None (0.3s; 3730s total)
nat cheap None mN=1.091 I=64 rep 305: frozen gen 305 pcc 1.000 sep_end 0 first_sep -1 tag None (0.3s; 3730s total)
nat above None mN=1.091 I=64 rep 306: frozen gen 310 pcc 1.000 sep_end 0 first_sep -1 tag None (0.3s; 3731s total)
nat cheap None mN=1.091 I=64 rep 306: frozen gen 285 pcc 1.000 sep_end 0 first_sep -1 tag None (0.3s; 3731s total)
nat above None mN=1.091 I=64 rep 307: frozen gen 405 pcc 1.000 sep_end 0 first_sep -1 tag None (0.3s; 3731s total)
nat cheap None mN=1.091 I=64 rep 304: unresolved gen 100000 pcc 0.981 sep_end 1 first_sep 80 tag None (52.1s; 3760s total)
nat above None mN=1.091 I=64 rep 308: frozen gen 305 pcc 1.000 sep_end 0 first_sep -1 tag None (0.3s; 3760s total)
nat cheap None mN=1.091 I=64 rep 303: unresolved gen 100000 pcc 0.983 sep_end 1 first_sep 75 tag None (64.9s; 3771s total)
nat above None mN=1.091 I=64 rep 309: frozen gen 340 pcc 1.000 sep_end 0 first_sep -1 tag None (0.4s; 3771s total)
nat cheap None mN=1.091 I=64 rep 307: unresolved gen 100000 pcc 0.976 sep_end 1 first_sep 50 tag None (65.0s; 3796s total)
nat above None mN=1.091 I=64 rep 310: frozen gen 315 pcc 1.000 sep_end 0 first_sep -1 tag None (0.3s; 3797s total)
nat cheap None mN=1.091 I=64 rep 308: unresolved gen 100000 pcc 0.984 sep_end 1 first_sep 80 tag None (47.4s; 3808s total)
nat above None mN=1.091 I=64 rep 311: frozen gen 285 pcc 1.000 sep_end 0 first_sep -1 tag None (0.3s; 3808s total)
nat cheap None mN=1.091 I=64 rep 309: unresolved gen 100000 pcc 0.983 sep_end 1 first_sep 75 tag None (50.5s; 3822s total)
nat above None mN=1.091 I=64 rep 312: frozen gen 375 pcc 1.000 sep_end 0 first_sep -1 tag None (0.3s; 3822s total)
nat cheap None mN=1.091 I=64 rep 310: unresolved gen 100000 pcc 0.977 sep_end 1 first_sep 70 tag None (63.3s; 3860s total)
nat above None mN=1.091 I=64 rep 313: frozen gen 350 pcc 1.000 sep_end 0 first_sep -1 tag None (0.3s; 3860s total)
nat cheap None mN=1.091 I=64 rep 311: unresolved gen 100000 pcc 0.981 sep_end 1 first_sep 95 tag None (60.1s; 3868s total)
nat above None mN=1.091 I=64 rep 314: frozen gen 285 pcc 1.000 sep_end 0 first_sep -1 tag None (0.2s; 3868s total)
nat cheap None mN=1.091 I=64 rep 312: unresolved gen 100000 pcc 0.981 sep_end 1 first_sep 110 tag None (65.0s; 3887s total)
nat above None mN=1.091 I=64 rep 315: frozen gen 1325 pcc 1.000 sep_end 0 first_sep 85 tag None (1.0s; 3888s total)
nat cheap None mN=1.091 I=64 rep 315: frozen gen 290 pcc 1.000 sep_end 0 first_sep -1 tag None (0.3s; 3888s total)
nat above None mN=1.091 I=64 rep 316: frozen gen 340 pcc 1.000 sep_end 0 first_sep -1 tag None (0.4s; 3889s total)
nat cheap None mN=1.091 I=64 rep 313: unresolved gen 100000 pcc 0.989 sep_end 1 first_sep 125 tag None (40.4s; 3901s total)
nat above None mN=1.091 I=64 rep 317: frozen gen 300 pcc 1.000 sep_end 0 first_sep -1 tag None (0.2s; 3901s total)
nat cheap None mN=1.091 I=64 rep 316: unresolved gen 100000 pcc 0.992 sep_end 1 first_sep 145 tag None (30.8s; 3919s total)
nat above None mN=1.091 I=64 rep 318: frozen gen 320 pcc 1.000 sep_end 0 first_sep -1 tag None (0.3s; 3920s total)
nat cheap None mN=1.091 I=64 rep 314: unresolved gen 100000 pcc 0.972 sep_end 3 first_sep 60 tag None (75.5s; 3944s total)
nat above None mN=1.091 I=64 rep 319: frozen gen 325 pcc 1.000 sep_end 0 first_sep -1 tag None (0.3s; 3944s total)
nat cheap None mN=1.091 I=64 rep 317: unresolved gen 100000 pcc 0.987 sep_end 1 first_sep 75 tag None (45.2s; 3946s total)
nat above None mN=1.091 I=64 rep 320: frozen gen 410 pcc 1.000 sep_end 0 first_sep -1 tag None (0.4s; 3946s total)
nat cheap None mN=1.091 I=64 rep 320: unresolved gen 100000 pcc 0.986 sep_end 1 first_sep 85 tag None (33.6s; 3980s total)
nat above None mN=1.091 I=64 rep 321: frozen gen 295 pcc 1.000 sep_end 0 first_sep -1 tag None (0.3s; 3980s total)
nat cheap None mN=1.091 I=64 rep 318: unresolved gen 100000 pcc 0.977 sep_end 3 first_sep 95 tag None (70.3s; 3990s total)
nat above None mN=1.091 I=64 rep 322: frozen gen 275 pcc 1.000 sep_end 0 first_sep -1 tag None (0.2s; 3990s total)
nat cheap None mN=1.091 I=64 rep 322: unresolved gen 100000 pcc 0.996 sep_end 1 first_sep 105 tag None (17.0s; 4007s total)
nat above None mN=1.091 I=64 rep 323: frozen gen 280 pcc 1.000 sep_end 0 first_sep -1 tag None (0.3s; 4007s total)
nat cheap None mN=1.091 I=64 rep 319: unresolved gen 100000 pcc 0.978 sep_end 1 first_sep 80 tag None (65.0s; 4009s total)
nat above None mN=1.091 I=64 rep 324: frozen gen 265 pcc 1.000 sep_end 0 first_sep -1 tag None (0.2s; 4009s total)
nat cheap None mN=1.091 I=64 rep 321: unresolved gen 100000 pcc 0.980 sep_end 3 first_sep 75 tag None (73.2s; 4054s total)
nat above None mN=1.091 I=64 rep 325: frozen gen 295 pcc 1.000 sep_end 0 first_sep -1 tag None (0.3s; 4054s total)
nat cheap None mN=1.091 I=64 rep 325: frozen gen 1515 pcc 1.000 sep_end 0 first_sep 120 tag None (1.8s; 4056s total)
nat above None mN=1.091 I=64 rep 326: frozen gen 285 pcc 1.000 sep_end 0 first_sep -1 tag None (0.3s; 4056s total)
nat cheap None mN=1.091 I=64 rep 323: unresolved gen 100000 pcc 0.978 sep_end 1 first_sep 90 tag None (60.3s; 4068s total)
nat above None mN=1.091 I=64 rep 327: frozen gen 345 pcc 1.000 sep_end 0 first_sep -1 tag None (0.3s; 4068s total)
nat cheap None mN=1.091 I=64 rep 324: unresolved gen 100000 pcc 0.978 sep_end 1 first_sep 100 tag None (64.7s; 4074s total)
nat above None mN=1.091 I=64 rep 328: frozen gen 320 pcc 1.000 sep_end 0 first_sep -1 tag None (0.3s; 4074s total)
nat cheap None mN=1.091 I=64 rep 327: unresolved gen 100000 pcc 0.991 sep_end 1 first_sep 110 tag None (27.9s; 4096s total)
nat above None mN=1.091 I=64 rep 329: frozen gen 380 pcc 1.000 sep_end 0 first_sep -1 tag None (0.3s; 4096s total)
nat cheap None mN=1.091 I=64 rep 326: unresolved gen 100000 pcc 0.987 sep_end 1 first_sep 65 tag None (61.2s; 4117s total)
nat above None mN=1.091 I=64 rep 330: frozen gen 235 pcc 1.000 sep_end 0 first_sep -1 tag None (0.2s; 4117s total)
nat cheap None mN=1.091 I=64 rep 328: unresolved gen 100000 pcc 0.984 sep_end 3 first_sep 95 tag None (73.0s; 4147s total)
nat above None mN=1.091 I=64 rep 331: frozen gen 315 pcc 1.000 sep_end 0 first_sep -1 tag None (0.3s; 4148s total)
nat cheap None mN=1.091 I=64 rep 329: unresolved gen 100000 pcc 0.981 sep_end 1 first_sep 105 tag None (64.0s; 4160s total)
nat above None mN=1.091 I=64 rep 332: frozen gen 275 pcc 1.000 sep_end 0 first_sep -1 tag None (0.2s; 4161s total)
nat cheap None mN=1.091 I=64 rep 330: unresolved gen 100000 pcc 0.977 sep_end 3 first_sep 105 tag None (70.3s; 4188s total)
nat above None mN=1.091 I=64 rep 333: frozen gen 330 pcc 1.000 sep_end 0 first_sep -1 tag None (0.3s; 4188s total)
nat cheap None mN=1.091 I=64 rep 331: unresolved gen 100000 pcc 0.969 sep_end 3 first_sep 75 tag None (69.0s; 4217s total)
nat above None mN=1.091 I=64 rep 334: frozen gen 295 pcc 1.000 sep_end 0 first_sep -1 tag None (0.3s; 4217s total)
nat cheap None mN=1.091 I=64 rep 334: frozen gen 535 pcc 1.000 sep_end 0 first_sep 65 tag None (0.6s; 4218s total)
nat above None mN=1.091 I=64 rep 335: frozen gen 350 pcc 1.000 sep_end 0 first_sep -1 tag None (0.3s; 4218s total)
nat cheap None mN=1.091 I=64 rep 335: frozen gen 435 pcc 1.000 sep_end 0 first_sep 150 tag None (0.5s; 4218s total)
nat above None mN=1.091 I=64 rep 336: frozen gen 355 pcc 1.000 sep_end 0 first_sep -1 tag None (0.3s; 4219s total)
nat cheap None mN=1.091 I=64 rep 332: unresolved gen 100000 pcc 0.980 sep_end 1 first_sep 85 tag None (65.6s; 4226s total)
nat above None mN=1.091 I=64 rep 337: frozen gen 345 pcc 1.000 sep_end 0 first_sep -1 tag None (0.3s; 4226s total)
nat cheap None mN=1.091 I=64 rep 333: unresolved gen 100000 pcc 0.974 sep_end 3 first_sep 60 tag None (71.3s; 4259s total)
nat above None mN=1.091 I=64 rep 338: frozen gen 270 pcc 1.000 sep_end 0 first_sep -1 tag None (0.3s; 4260s total)
nat cheap None mN=1.091 I=64 rep 338: frozen gen 1305 pcc 1.000 sep_end 0 first_sep 70 tag None (1.2s; 4261s total)
nat above None mN=1.091 I=64 rep 339: frozen gen 295 pcc 1.000 sep_end 0 first_sep -1 tag None (0.3s; 4261s total)
nat cheap None mN=1.091 I=64 rep 339: frozen gen 360 pcc 1.000 sep_end 0 first_sep -1 tag None (0.3s; 4262s total)
nat above None mN=1.091 I=64 rep 340: frozen gen 270 pcc 1.000 sep_end 0 first_sep -1 tag None (0.3s; 4262s total)
nat cheap None mN=1.091 I=64 rep 340: frozen gen 320 pcc 1.000 sep_end 0 first_sep -1 tag None (0.3s; 4262s total)
nat above None mN=1.091 I=64 rep 341: frozen gen 310 pcc 1.000 sep_end 0 first_sep -1 tag None (0.3s; 4262s total)
nat cheap None mN=1.091 I=64 rep 336: unresolved gen 100000 pcc 0.980 sep_end 1 first_sep 100 tag None (64.5s; 4283s total)
nat above None mN=1.091 I=64 rep 342: frozen gen 360 pcc 1.000 sep_end 0 first_sep -1 tag None (0.3s; 4283s total)
nat cheap None mN=1.091 I=64 rep 342: frozen gen 325 pcc 1.000 sep_end 0 first_sep -1 tag None (0.3s; 4284s total)
nat above None mN=1.091 I=64 rep 343: frozen gen 280 pcc 1.000 sep_end 0 first_sep -1 tag None (0.3s; 4284s total)
nat cheap None mN=1.091 I=64 rep 337: unresolved gen 100000 pcc 0.976 sep_end 6 first_sep 50 tag None (78.3s; 4305s total)
nat above None mN=1.091 I=64 rep 344: frozen gen 265 pcc 1.000 sep_end 0 first_sep -1 tag None (0.2s; 4305s total)
nat cheap None mN=1.091 I=64 rep 341: unresolved gen 100000 pcc 0.986 sep_end 3 first_sep 90 tag None (55.0s; 4317s total)
nat above None mN=1.091 I=64 rep 345: frozen gen 355 pcc 1.000 sep_end 0 first_sep -1 tag None (0.3s; 4318s total)
nat cheap None mN=1.091 I=64 rep 343: unresolved gen 100000 pcc 0.987 sep_end 3 first_sep 75 tag None (48.7s; 4333s total)
nat above None mN=1.091 I=64 rep 346: frozen gen 310 pcc 1.000 sep_end 0 first_sep -1 tag None (0.3s; 4333s total)
nat cheap None mN=1.091 I=64 rep 345: unresolved gen 100000 pcc 0.991 sep_end 1 first_sep 100 tag None (28.3s; 4346s total)
nat above None mN=1.091 I=64 rep 347: frozen gen 250 pcc 1.000 sep_end 0 first_sep -1 tag None (0.2s; 4346s total)
nat cheap None mN=1.091 I=64 rep 344: unresolved gen 100000 pcc 0.982 sep_end 1 first_sep 65 tag None (48.1s; 4353s total)
nat above None mN=1.091 I=64 rep 348: frozen gen 500 pcc 1.000 sep_end 0 first_sep -1 tag None (0.5s; 4354s total)
nat cheap None mN=1.091 I=64 rep 348: frozen gen 275 pcc 1.000 sep_end 0 first_sep -1 tag None (0.3s; 4354s total)
nat above None mN=1.091 I=64 rep 349: frozen gen 330 pcc 1.000 sep_end 0 first_sep -1 tag None (0.3s; 4354s total)
nat cheap None mN=1.091 I=64 rep 349: frozen gen 355 pcc 1.000 sep_end 0 first_sep -1 tag None (0.3s; 4354s total)
nat above None mN=1.091 I=64 rep 350: frozen gen 350 pcc 1.000 sep_end 0 first_sep -1 tag None (0.3s; 4355s total)
nat cheap None mN=1.091 I=64 rep 346: unresolved gen 100000 pcc 0.980 sep_end 1 first_sep 95 tag None (66.6s; 4400s total)
nat above None mN=1.091 I=64 rep 351: frozen gen 320 pcc 1.000 sep_end 0 first_sep -1 tag None (0.3s; 4400s total)
nat cheap None mN=1.091 I=64 rep 351: frozen gen 290 pcc 1.000 sep_end 0 first_sep -1 tag None (0.3s; 4400s total)
nat above None mN=1.091 I=64 rep 352: frozen gen 290 pcc 1.000 sep_end 0 first_sep -1 tag None (0.3s; 4401s total)
nat cheap None mN=1.091 I=64 rep 347: unresolved gen 100000 pcc 0.982 sep_end 1 first_sep 105 tag None (64.3s; 4411s total)
nat above None mN=1.091 I=64 rep 353: frozen gen 350 pcc 1.000 sep_end 0 first_sep -1 tag None (0.3s; 4411s total)
nat cheap None mN=1.091 I=64 rep 353: frozen gen 1455 pcc 1.000 sep_end 0 first_sep 135 tag None (1.5s; 4412s total)
nat above None mN=1.091 I=64 rep 354: frozen gen 315 pcc 1.000 sep_end 0 first_sep -1 tag None (0.3s; 4413s total)
nat cheap None mN=1.091 I=64 rep 350: unresolved gen 100000 pcc 0.986 sep_end 1 first_sep 75 tag None (58.1s; 4413s total)
nat above None mN=1.091 I=64 rep 355: frozen gen 305 pcc 1.000 sep_end 0 first_sep -1 tag None (0.3s; 4413s total)
nat cheap None mN=1.091 I=64 rep 352: unresolved gen 100000 pcc 0.977 sep_end 1 first_sep 135 tag None (62.1s; 4463s total)
nat above None mN=1.091 I=64 rep 356: frozen gen 300 pcc 1.000 sep_end 0 first_sep -1 tag None (0.3s; 4463s total)
nat cheap None mN=1.091 I=64 rep 354: unresolved gen 100000 pcc 0.974 sep_end 1 first_sep 100 tag None (60.1s; 4473s total)
nat above None mN=1.091 I=64 rep 357: frozen gen 270 pcc 1.000 sep_end 0 first_sep -1 tag None (0.3s; 4473s total)
nat cheap None mN=1.091 I=64 rep 357: frozen gen 355 pcc 1.000 sep_end 0 first_sep -1 tag None (0.3s; 4474s total)
nat above None mN=1.091 I=64 rep 358: frozen gen 255 pcc 1.000 sep_end 0 first_sep -1 tag None (0.2s; 4474s total)
nat cheap None mN=1.091 I=64 rep 355: unresolved gen 100000 pcc 0.982 sep_end 1 first_sep 95 tag None (64.4s; 4478s total)
nat above None mN=1.091 I=64 rep 359: frozen gen 320 pcc 1.000 sep_end 0 first_sep -1 tag None (0.4s; 4478s total)
nat cheap None mN=1.091 I=64 rep 359: unresolved gen 100000 pcc 0.996 sep_end 0 first_sep 120 tag None (10.4s; 4488s total)
nat above None mN=1.091 I=64 rep 360: frozen gen 340 pcc 1.000 sep_end 0 first_sep -1 tag None (0.3s; 4489s total)
nat cheap None mN=1.091 I=64 rep 358: unresolved gen 100000 pcc 0.988 sep_end 1 first_sep 120 tag None (38.1s; 4512s total)
nat above None mN=1.091 I=64 rep 361: frozen gen 330 pcc 1.000 sep_end 0 first_sep -1 tag None (0.4s; 4512s total)
nat cheap None mN=1.091 I=64 rep 361: frozen gen 825 pcc 1.000 sep_end 0 first_sep 110 tag None (1.0s; 4513s total)
nat above None mN=1.091 I=64 rep 362: frozen gen 305 pcc 1.000 sep_end 0 first_sep -1 tag None (0.3s; 4514s total)
nat cheap None mN=1.091 I=64 rep 362: frozen gen 205 pcc 0.000 sep_end 0 first_sep -1 tag None (0.2s; 4514s total)
nat above None mN=1.091 I=64 rep 363: frozen gen 425 pcc 1.000 sep_end 0 first_sep -1 tag None (0.3s; 4514s total)
nat cheap None mN=1.091 I=64 rep 363: frozen gen 340 pcc 1.000 sep_end 0 first_sep -1 tag None (0.3s; 4514s total)
nat above None mN=1.091 I=64 rep 364: frozen gen 325 pcc 1.000 sep_end 0 first_sep -1 tag None (0.3s; 4515s total)
nat cheap None mN=1.091 I=64 rep 360: unresolved gen 100000 pcc 0.986 sep_end 3 first_sep 65 tag None (45.3s; 4534s total)
nat cheap None mN=1.091 I=64 rep 356: unresolved gen 100000 pcc 0.981 sep_end 3 first_sep 75 tag None (71.2s; 4534s total)
nat above None mN=1.091 I=64 rep 365: frozen gen 325 pcc 1.000 sep_end 0 first_sep -1 tag None (0.3s; 4534s total)
nat above None mN=1.091 I=64 rep 366: frozen gen 320 pcc 1.000 sep_end 0 first_sep -1 tag None (0.4s; 4535s total)
nat cheap None mN=1.091 I=64 rep 364: unresolved gen 100000 pcc 0.972 sep_end 3 first_sep 90 tag None (70.0s; 4585s total)
nat above None mN=1.091 I=64 rep 367: frozen gen 250 pcc 1.000 sep_end 0 first_sep -1 tag None (0.2s; 4585s total)
nat cheap None mN=1.091 I=64 rep 365: unresolved gen 100000 pcc 0.980 sep_end 1 first_sep 85 tag None (61.1s; 4595s total)
nat above None mN=1.091 I=64 rep 368: frozen gen 240 pcc 1.000 sep_end 0 first_sep -1 tag None (0.3s; 4596s total)
nat cheap None mN=1.091 I=64 rep 366: unresolved gen 100000 pcc 0.979 sep_end 1 first_sep 75 tag None (64.8s; 4600s total)
nat above None mN=1.091 I=64 rep 369: frozen gen 305 pcc 1.000 sep_end 0 first_sep -1 tag None (0.3s; 4600s total)
nat cheap None mN=1.091 I=64 rep 369: frozen gen 425 pcc 1.000 sep_end 0 first_sep -1 tag None (0.3s; 4600s total)
nat above None mN=1.091 I=64 rep 370: frozen gen 300 pcc 1.000 sep_end 0 first_sep -1 tag None (0.3s; 4600s total)
nat cheap None mN=1.091 I=64 rep 367: unresolved gen 100000 pcc 0.985 sep_end 1 first_sep 55 tag None (45.0s; 4630s total)
nat above None mN=1.091 I=64 rep 371: frozen gen 285 pcc 1.000 sep_end 0 first_sep -1 tag None (0.3s; 4630s total)
nat cheap None mN=1.091 I=64 rep 370: unresolved gen 100000 pcc 0.982 sep_end 1 first_sep 110 tag None (51.7s; 4652s total)
nat above None mN=1.091 I=64 rep 372: frozen gen 285 pcc 1.000 sep_end 0 first_sep -1 tag None (0.3s; 4652s total)
nat cheap None mN=1.091 I=64 rep 372: frozen gen 1705 pcc 1.000 sep_end 0 first_sep 135 tag None (1.4s; 4654s total)
nat above None mN=1.091 I=64 rep 373: frozen gen 260 pcc 1.000 sep_end 0 first_sep -1 tag None (0.2s; 4654s total)
nat cheap None mN=1.091 I=64 rep 368: unresolved gen 100000 pcc 0.981 sep_end 1 first_sep 60 tag None (64.8s; 4661s total)
nat above None mN=1.091 I=64 rep 374: frozen gen 310 pcc 1.000 sep_end 0 first_sep -1 tag None (0.3s; 4661s total)
nat cheap None mN=1.091 I=64 rep 371: unresolved gen 100000 pcc 0.976 sep_end 1 first_sep 90 tag None (64.6s; 4695s total)
nat above None mN=1.091 I=64 rep 375: frozen gen 355 pcc 1.000 sep_end 0 first_sep -1 tag None (0.3s; 4695s total)
nat cheap None mN=1.091 I=64 rep 375: frozen gen 375 pcc 1.000 sep_end 0 first_sep -1 tag None (0.3s; 4695s total)
nat above None mN=1.091 I=64 rep 376: frozen gen 295 pcc 1.000 sep_end 0 first_sep -1 tag None (0.2s; 4696s total)
nat cheap None mN=1.091 I=64 rep 373: unresolved gen 100000 pcc 0.977 sep_end 3 first_sep 65 tag None (61.2s; 4715s total)
nat above None mN=1.091 I=64 rep 377: frozen gen 255 pcc 1.000 sep_end 0 first_sep -1 tag None (0.3s; 4716s total)
nat cheap None mN=1.091 I=64 rep 374: unresolved gen 100000 pcc 0.974 sep_end 3 first_sep 110 tag None (77.9s; 4739s total)
nat above None mN=1.091 I=64 rep 378: frozen gen 235 pcc 1.000 sep_end 0 first_sep 65 tag None (0.3s; 4739s total)
nat cheap None mN=1.091 I=64 rep 376: unresolved gen 100000 pcc 0.975 sep_end 1 first_sep 85 tag None (65.1s; 4761s total)
nat above None mN=1.091 I=64 rep 379: frozen gen 405 pcc 1.000 sep_end 0 first_sep -1 tag None (0.5s; 4761s total)
nat cheap None mN=1.091 I=64 rep 377: unresolved gen 100000 pcc 0.989 sep_end 1 first_sep 100 tag None (47.8s; 4763s total)
nat above None mN=1.091 I=64 rep 380: frozen gen 275 pcc 1.000 sep_end 0 first_sep -1 tag None (0.3s; 4764s total)
nat cheap None mN=1.091 I=64 rep 378: unresolved gen 100000 pcc 0.976 sep_end 3 first_sep 75 tag None (70.9s; 4810s total)
nat above None mN=1.091 I=64 rep 381: frozen gen 280 pcc 1.000 sep_end 0 first_sep -1 tag None (0.3s; 4810s total)
nat cheap None mN=1.091 I=64 rep 380: unresolved gen 100000 pcc 0.980 sep_end 3 first_sep 115 tag None (54.9s; 4818s total)
nat above None mN=1.091 I=64 rep 382: frozen gen 335 pcc 1.000 sep_end 0 first_sep -1 tag None (0.3s; 4819s total)
nat cheap None mN=1.091 I=64 rep 379: unresolved gen 100000 pcc 0.978 sep_end 1 first_sep 115 tag None (64.2s; 4825s total)
nat above None mN=1.091 I=64 rep 383: frozen gen 305 pcc 1.000 sep_end 0 first_sep -1 tag None (0.2s; 4826s total)
nat cheap None mN=1.091 I=64 rep 383: frozen gen 1700 pcc 1.000 sep_end 0 first_sep 140 tag None (1.9s; 4828s total)
nat above None mN=1.091 I=64 rep 384: frozen gen 280 pcc 1.000 sep_end 0 first_sep -1 tag None (0.2s; 4828s total)
nat cheap None mN=1.091 I=64 rep 381: unresolved gen 100000 pcc 0.972 sep_end 1 first_sep 115 tag None (63.4s; 4874s total)
nat above None mN=1.091 I=64 rep 385: frozen gen 255 pcc 1.000 sep_end 0 first_sep -1 tag None (0.3s; 4874s total)
nat cheap None mN=1.091 I=64 rep 385: frozen gen 260 pcc 1.000 sep_end 0 first_sep -1 tag None (0.2s; 4874s total)
nat above None mN=1.091 I=64 rep 386: frozen gen 280 pcc 1.000 sep_end 0 first_sep -1 tag None (0.3s; 4874s total)
nat cheap None mN=1.091 I=64 rep 386: frozen gen 285 pcc 1.000 sep_end 0 first_sep -1 tag None (0.3s; 4875s total)
nat above None mN=1.091 I=64 rep 387: frozen gen 490 pcc 1.000 sep_end 0 first_sep -1 tag None (0.3s; 4875s total)
nat cheap None mN=1.091 I=64 rep 382: unresolved gen 100000 pcc 0.980 sep_end 1 first_sep 135 tag None (57.6s; 4876s total)
nat above None mN=1.091 I=64 rep 388: frozen gen 350 pcc 1.000 sep_end 0 first_sep -1 tag None (0.4s; 4877s total)
nat cheap None mN=1.091 I=64 rep 388: frozen gen 745 pcc 1.000 sep_end 0 first_sep 100 tag None (0.7s; 4877s total)
nat above None mN=1.091 I=64 rep 389: frozen gen 290 pcc 1.000 sep_end 0 first_sep -1 tag None (0.3s; 4878s total)
nat cheap None mN=1.091 I=64 rep 384: unresolved gen 100000 pcc 0.978 sep_end 1 first_sep 85 tag None (60.2s; 4888s total)
nat above None mN=1.091 I=64 rep 390: frozen gen 330 pcc 1.000 sep_end 0 first_sep -1 tag None (0.3s; 4888s total)
nat cheap None mN=1.091 I=64 rep 387: unresolved gen 100000 pcc 0.995 sep_end 1 first_sep 105 tag None (16.5s; 4892s total)
nat above None mN=1.091 I=64 rep 391: frozen gen 410 pcc 1.000 sep_end 0 first_sep -1 tag None (0.4s; 4892s total)
nat cheap None mN=1.091 I=64 rep 390: unresolved gen 100000 pcc 0.997 sep_end 1 first_sep 80 tag None (12.8s; 4901s total)
nat above None mN=1.091 I=64 rep 392: frozen gen 355 pcc 1.000 sep_end 0 first_sep -1 tag None (0.3s; 4901s total)
nat cheap None mN=1.091 I=64 rep 389: unresolved gen 100000 pcc 0.978 sep_end 1 first_sep 85 tag None (62.5s; 4940s total)
nat above None mN=1.091 I=64 rep 393: frozen gen 300 pcc 1.000 sep_end 0 first_sep -1 tag None (0.3s; 4941s total)
nat cheap None mN=1.091 I=64 rep 392: unresolved gen 100000 pcc 0.981 sep_end 1 first_sep 85 tag None (41.3s; 4943s total)
nat above None mN=1.091 I=64 rep 394: frozen gen 390 pcc 1.000 sep_end 0 first_sep -1 tag None (0.3s; 4943s total)
nat cheap None mN=1.091 I=64 rep 391: unresolved gen 100000 pcc 0.973 sep_end 3 first_sep 140 tag None (67.4s; 4959s total)
nat above None mN=1.091 I=64 rep 395: frozen gen 315 pcc 1.000 sep_end 0 first_sep -1 tag None (0.4s; 4960s total)
nat cheap None mN=1.091 I=64 rep 393: unresolved gen 100000 pcc 0.983 sep_end 1 first_sep 80 tag None (60.0s; 5001s total)
nat above None mN=1.091 I=64 rep 396: frozen gen 250 pcc 1.000 sep_end 0 first_sep -1 tag None (0.2s; 5001s total)
nat cheap None mN=1.091 I=64 rep 394: unresolved gen 100000 pcc 0.967 sep_end 3 first_sep 90 tag None (74.7s; 5018s total)
nat above None mN=1.091 I=64 rep 397: frozen gen 215 pcc 1.000 sep_end 0 first_sep -1 tag None (0.2s; 5018s total)
nat cheap None mN=1.091 I=64 rep 397: frozen gen 1720 pcc 1.000 sep_end 0 first_sep 135 tag None (1.3s; 5019s total)
nat above None mN=1.091 I=64 rep 398: frozen gen 355 pcc 1.000 sep_end 0 first_sep -1 tag None (0.3s; 5020s total)
nat cheap None mN=1.091 I=64 rep 395: unresolved gen 100000 pcc 0.974 sep_end 1 first_sep 85 tag None (60.9s; 5021s total)
nat above None mN=1.091 I=64 rep 399: frozen gen 345 pcc 1.000 sep_end 0 first_sep -1 tag None (0.3s; 5021s total)
nat cheap None mN=1.091 I=64 rep 399: frozen gen 345 pcc 1.000 sep_end 0 first_sep -1 tag None (0.3s; 5021s total)
nat above None mN=1.091 I=64 rep 400: frozen gen 335 pcc 1.000 sep_end 0 first_sep -1 tag None (0.3s; 5022s total)
nat cheap None mN=1.091 I=64 rep 398: unresolved gen 100000 pcc 0.989 sep_end 1 first_sep 70 tag None (36.1s; 5056s total)
nat above None mN=1.091 I=64 rep 401: frozen gen 320 pcc 1.000 sep_end 0 first_sep -1 tag None (0.4s; 5056s total)
nat cheap None mN=1.091 I=64 rep 401: frozen gen 1710 pcc 1.000 sep_end 0 first_sep 120 tag None (1.8s; 5058s total)
nat above None mN=1.091 I=64 rep 402: frozen gen 280 pcc 1.000 sep_end 0 first_sep -1 tag None (0.3s; 5058s total)
nat cheap None mN=1.091 I=64 rep 402: frozen gen 315 pcc 1.000 sep_end 0 first_sep -1 tag None (0.3s; 5058s total)
nat above None mN=1.091 I=64 rep 403: frozen gen 260 pcc 1.000 sep_end 0 first_sep -1 tag None (0.3s; 5059s total)
nat cheap None mN=1.091 I=64 rep 396: unresolved gen 100000 pcc 0.978 sep_end 1 first_sep 100 tag None (62.1s; 5063s total)
nat above None mN=1.091 I=64 rep 404: frozen gen 280 pcc 1.000 sep_end 0 first_sep -1 tag None (0.2s; 5063s total)
nat cheap None mN=1.091 I=64 rep 400: unresolved gen 100000 pcc 0.975 sep_end 3 first_sep 85 tag None (70.4s; 5092s total)
nat above None mN=1.091 I=64 rep 405: frozen gen 340 pcc 1.000 sep_end 0 first_sep -1 tag None (0.3s; 5092s total)
nat cheap None mN=1.091 I=64 rep 403: unresolved gen 100000 pcc 0.986 sep_end 1 first_sep 70 tag None (48.2s; 5107s total)
nat above None mN=1.091 I=64 rep 406: frozen gen 315 pcc 1.000 sep_end 0 first_sep -1 tag None (0.3s; 5107s total)
nat cheap None mN=1.091 I=64 rep 406: frozen gen 295 pcc 1.000 sep_end 0 first_sep -1 tag None (0.3s; 5107s total)
nat above None mN=1.091 I=64 rep 407: frozen gen 295 pcc 1.000 sep_end 0 first_sep -1 tag None (0.3s; 5108s total)
nat cheap None mN=1.091 I=64 rep 404: unresolved gen 100000 pcc 0.981 sep_end 1 first_sep 60 tag None (53.7s; 5117s total)
nat above None mN=1.091 I=64 rep 408: frozen gen 315 pcc 1.000 sep_end 0 first_sep -1 tag None (0.3s; 5117s total)
nat cheap None mN=1.091 I=64 rep 408: frozen gen 425 pcc 1.000 sep_end 0 first_sep -1 tag None (0.4s; 5118s total)
nat above None mN=1.091 I=64 rep 409: frozen gen 335 pcc 1.000 sep_end 0 first_sep -1 tag None (0.3s; 5118s total)
nat cheap None mN=1.091 I=64 rep 405: unresolved gen 100000 pcc 0.980 sep_end 3 first_sep 65 tag None (61.9s; 5154s total)
nat above None mN=1.091 I=64 rep 410: frozen gen 295 pcc 1.000 sep_end 0 first_sep -1 tag None (0.3s; 5155s total)
nat cheap None mN=1.091 I=64 rep 410: frozen gen 335 pcc 1.000 sep_end 0 first_sep -1 tag None (0.3s; 5155s total)
nat above None mN=1.091 I=64 rep 411: frozen gen 390 pcc 1.000 sep_end 0 first_sep -1 tag None (0.5s; 5155s total)
nat cheap None mN=1.091 I=64 rep 409: unresolved gen 100000 pcc 0.982 sep_end 1 first_sep 95 tag None (61.6s; 5179s total)
nat above None mN=1.091 I=64 rep 412: frozen gen 410 pcc 1.000 sep_end 0 first_sep 95 tag None (0.4s; 5180s total)
nat cheap None mN=1.091 I=64 rep 407: unresolved gen 100000 pcc 0.974 sep_end 3 first_sep 85 tag None (72.6s; 5180s total)
nat above None mN=1.091 I=64 rep 413: frozen gen 330 pcc 1.000 sep_end 0 first_sep -1 tag None (0.2s; 5181s total)
nat cheap None mN=1.091 I=64 rep 413: frozen gen 250 pcc 1.000 sep_end 0 first_sep -1 tag None (0.2s; 5181s total)
nat above None mN=1.091 I=64 rep 414: frozen gen 270 pcc 1.000 sep_end 0 first_sep -1 tag None (0.3s; 5181s total)
nat cheap None mN=1.091 I=64 rep 414: frozen gen 275 pcc 1.000 sep_end 0 first_sep -1 tag None (0.3s; 5181s total)
nat above None mN=1.091 I=64 rep 415: frozen gen 755 pcc 1.000 sep_end 0 first_sep 145 tag None (0.9s; 5182s total)
nat cheap None mN=1.091 I=64 rep 411: unresolved gen 100000 pcc 0.968 sep_end 1 first_sep 100 tag None (62.9s; 5218s total)
nat above None mN=1.091 I=64 rep 416: frozen gen 380 pcc 1.000 sep_end 0 first_sep -1 tag None (0.3s; 5219s total)
nat cheap None mN=1.091 I=64 rep 416: frozen gen 1345 pcc 1.000 sep_end 0 first_sep 95 tag None (1.4s; 5220s total)
nat above None mN=1.091 I=64 rep 417: frozen gen 260 pcc 1.000 sep_end 0 first_sep -1 tag None (0.3s; 5220s total)
nat cheap None mN=1.091 I=64 rep 417: frozen gen 290 pcc 1.000 sep_end 0 first_sep -1 tag None (0.3s; 5221s total)
nat above None mN=1.091 I=64 rep 418: frozen gen 270 pcc 1.000 sep_end 0 first_sep -1 tag None (0.2s; 5221s total)
nat cheap None mN=1.091 I=64 rep 412: unresolved gen 100000 pcc 0.980 sep_end 1 first_sep 65 tag None (59.3s; 5239s total)
nat above None mN=1.091 I=64 rep 419: frozen gen 400 pcc 1.000 sep_end 0 first_sep -1 tag None (0.5s; 5240s total)
nat cheap None mN=1.091 I=64 rep 419: frozen gen 1240 pcc 1.000 sep_end 0 first_sep 110 tag None (1.3s; 5241s total)
nat above None mN=1.091 I=64 rep 420: frozen gen 350 pcc 1.000 sep_end 0 first_sep -1 tag None (0.3s; 5241s total)
nat cheap None mN=1.091 I=64 rep 415: unresolved gen 100000 pcc 0.969 sep_end 3 first_sep 60 tag None (73.0s; 5255s total)
nat above None mN=1.091 I=64 rep 421: frozen gen 320 pcc 1.000 sep_end 0 first_sep -1 tag None (0.3s; 5256s total)
nat cheap None mN=1.091 I=64 rep 418: unresolved gen 100000 pcc 0.989 sep_end 1 first_sep 80 tag None (39.0s; 5260s total)
nat above None mN=1.091 I=64 rep 422: frozen gen 350 pcc 1.000 sep_end 0 first_sep 120 tag None (0.4s; 5260s total)
nat cheap None mN=1.091 I=64 rep 420: unresolved gen 100000 pcc 0.976 sep_end 1 first_sep 80 tag None (62.3s; 5304s total)
nat above None mN=1.091 I=64 rep 423: frozen gen 300 pcc 1.000 sep_end 0 first_sep -1 tag None (0.2s; 5304s total)
nat cheap None mN=1.091 I=64 rep 423: frozen gen 1205 pcc 1.000 sep_end 0 first_sep 135 tag None (1.3s; 5305s total)
nat above None mN=1.091 I=64 rep 424: frozen gen 345 pcc 1.000 sep_end 0 first_sep -1 tag None (0.3s; 5305s total)
nat cheap None mN=1.091 I=64 rep 424: frozen gen 330 pcc 1.000 sep_end 0 first_sep -1 tag None (0.3s; 5306s total)
nat above None mN=1.091 I=64 rep 425: frozen gen 310 pcc 1.000 sep_end 0 first_sep -1 tag None (0.3s; 5306s total)
nat cheap None mN=1.091 I=64 rep 421: unresolved gen 100000 pcc 0.979 sep_end 1 first_sep 120 tag None (52.4s; 5308s total)
nat above None mN=1.091 I=64 rep 426: frozen gen 380 pcc 1.000 sep_end 0 first_sep -1 tag None (0.4s; 5308s total)
nat cheap None mN=1.091 I=64 rep 422: unresolved gen 100000 pcc 0.980 sep_end 1 first_sep 65 tag None (60.2s; 5320s total)
nat above None mN=1.091 I=64 rep 427: frozen gen 290 pcc 1.000 sep_end 0 first_sep -1 tag None (0.3s; 5321s total)
nat cheap None mN=1.091 I=64 rep 425: unresolved gen 100000 pcc 0.991 sep_end 1 first_sep 105 tag None (16.6s; 5323s total)
nat above None mN=1.091 I=64 rep 428: frozen gen 250 pcc 1.000 sep_end 0 first_sep -1 tag None (0.2s; 5323s total)
nat cheap None mN=1.091 I=64 rep 427: unresolved gen 100000 pcc 0.998 sep_end 1 first_sep 125 tag None (12.9s; 5334s total)
nat above None mN=1.091 I=64 rep 429: frozen gen 370 pcc 1.000 sep_end 0 first_sep -1 tag None (0.3s; 5334s total)
nat cheap None mN=1.091 I=64 rep 426: unresolved gen 100000 pcc 0.977 sep_end 3 first_sep 85 tag None (65.8s; 5374s total)
nat above None mN=1.091 I=64 rep 430: frozen gen 245 pcc 1.000 sep_end 0 first_sep -1 tag None (0.2s; 5374s total)
nat cheap None mN=1.091 I=64 rep 428: unresolved gen 100000 pcc 0.975 sep_end 1 first_sep 100 tag None (60.9s; 5384s total)
nat above None mN=1.091 I=64 rep 431: frozen gen 310 pcc 1.000 sep_end 0 first_sep -1 tag None (0.3s; 5384s total)
nat cheap None mN=1.091 I=64 rep 429: unresolved gen 100000 pcc 0.979 sep_end 3 first_sep 100 tag None (61.4s; 5395s total)
nat above None mN=1.091 I=64 rep 432: frozen gen 275 pcc 1.000 sep_end 0 first_sep -1 tag None (0.3s; 5395s total)
nat cheap None mN=1.091 I=64 rep 430: unresolved gen 100000 pcc 0.981 sep_end 1 first_sep 75 tag None (62.6s; 5437s total)
nat above None mN=1.091 I=64 rep 433: frozen gen 315 pcc 1.000 sep_end 0 first_sep -1 tag None (0.4s; 5437s total)
nat cheap None mN=1.091 I=64 rep 431: unresolved gen 100000 pcc 0.979 sep_end 1 first_sep 60 tag None (58.3s; 5442s total)
nat above None mN=1.091 I=64 rep 434: frozen gen 225 pcc 1.000 sep_end 0 first_sep -1 tag None (0.2s; 5442s total)
nat cheap None mN=1.091 I=64 rep 432: unresolved gen 100000 pcc 0.985 sep_end 6 first_sep 75 tag None (48.7s; 5444s total)
nat above None mN=1.091 I=64 rep 435: frozen gen 395 pcc 1.000 sep_end 0 first_sep -1 tag None (0.5s; 5445s total)
nat cheap None mN=1.091 I=64 rep 435: unresolved gen 100000 pcc 0.978 sep_end 1 first_sep 115 tag None (58.7s; 5503s total)
nat above None mN=1.091 I=64 rep 436: frozen gen 275 pcc 1.000 sep_end 0 first_sep -1 tag None (0.2s; 5504s total)
nat cheap None mN=1.091 I=64 rep 433: unresolved gen 100000 pcc 0.977 sep_end 3 first_sep 45 tag None (66.5s; 5504s total)
nat above None mN=1.091 I=64 rep 437: frozen gen 245 pcc 1.000 sep_end 0 first_sep -1 tag None (0.3s; 5504s total)
nat cheap None mN=1.091 I=64 rep 434: unresolved gen 100000 pcc 0.975 sep_end 3 first_sep 75 tag None (67.1s; 5510s total)
nat above None mN=1.091 I=64 rep 438: frozen gen 345 pcc 1.000 sep_end 0 first_sep -1 tag None (0.3s; 5510s total)
nat cheap None mN=1.091 I=64 rep 438: frozen gen 305 pcc 1.000 sep_end 0 first_sep -1 tag None (0.2s; 5510s total)
nat above None mN=1.091 I=64 rep 439: frozen gen 315 pcc 1.000 sep_end 0 first_sep -1 tag None (0.3s; 5510s total)
nat cheap None mN=1.091 I=64 rep 436: unresolved gen 100000 pcc 0.989 sep_end 1 first_sep 115 tag None (36.5s; 5540s total)
nat above None mN=1.091 I=64 rep 440: frozen gen 325 pcc 1.000 sep_end 0 first_sep -1 tag None (0.3s; 5540s total)
nat cheap None mN=1.091 I=64 rep 437: unresolved gen 100000 pcc 0.977 sep_end 1 first_sep 70 tag None (60.4s; 5565s total)
nat above None mN=1.091 I=64 rep 441: frozen gen 355 pcc 1.000 sep_end 0 first_sep -1 tag None (0.3s; 5565s total)
nat cheap None mN=1.091 I=64 rep 441: frozen gen 305 pcc 1.000 sep_end 0 first_sep -1 tag None (0.3s; 5565s total)
nat above None mN=1.091 I=64 rep 442: frozen gen 295 pcc 1.000 sep_end 0 first_sep -1 tag None (0.3s; 5565s total)
nat cheap None mN=1.091 I=64 rep 439: unresolved gen 100000 pcc 0.969 sep_end 3 first_sep 115 tag None (70.5s; 5581s total)
nat above None mN=1.091 I=64 rep 443: frozen gen 2375 pcc 1.000 sep_end 0 first_sep 120 tag None (2.4s; 5583s total)
nat cheap None mN=1.091 I=64 rep 440: unresolved gen 100000 pcc 0.983 sep_end 1 first_sep 80 tag None (44.8s; 5585s total)
nat above None mN=1.091 I=64 rep 444: frozen gen 270 pcc 1.000 sep_end 0 first_sep -1 tag None (0.3s; 5586s total)
nat cheap None mN=1.091 I=64 rep 444: unresolved gen 100000 pcc 0.983 sep_end 1 first_sep 120 tag None (41.2s; 5627s total)
nat above None mN=1.091 I=64 rep 445: frozen gen 435 pcc 1.000 sep_end 0 first_sep -1 tag None (0.5s; 5627s total)
nat cheap None mN=1.091 I=64 rep 443: unresolved gen 100000 pcc 0.986 sep_end 1 first_sep 95 tag None (47.6s; 5631s total)
nat above None mN=1.091 I=64 rep 446: frozen gen 265 pcc 1.000 sep_end 0 first_sep -1 tag None (0.2s; 5631s total)
nat cheap None mN=1.091 I=64 rep 446: frozen gen 320 pcc 1.000 sep_end 0 first_sep -1 tag None (0.3s; 5631s total)
nat above None mN=1.091 I=64 rep 447: frozen gen 305 pcc 1.000 sep_end 0 first_sep -1 tag None (0.3s; 5632s total)
nat cheap None mN=1.091 I=64 rep 442: unresolved gen 100000 pcc 0.974 sep_end 3 first_sep 135 tag None (70.7s; 5636s total)
nat above None mN=1.091 I=64 rep 448: frozen gen 250 pcc 1.000 sep_end 0 first_sep -1 tag None (0.2s; 5636s total)
nat cheap None mN=1.091 I=64 rep 448: unresolved gen 100000 pcc 0.995 sep_end 1 first_sep 65 tag None (17.9s; 5654s total)
nat above None mN=1.091 I=64 rep 449: frozen gen 360 pcc 1.000 sep_end 0 first_sep -1 tag None (0.3s; 5655s total)
nat cheap None mN=1.091 I=64 rep 445: unresolved gen 100000 pcc 0.981 sep_end 1 first_sep 65 tag None (58.8s; 5686s total)
nat above None mN=1.091 I=64 rep 450: frozen gen 315 pcc 1.000 sep_end 0 first_sep -1 tag None (0.3s; 5686s total)
nat cheap None mN=1.091 I=64 rep 447: unresolved gen 100000 pcc 0.980 sep_end 1 first_sep 85 tag None (62.0s; 5694s total)
nat above None mN=1.091 I=64 rep 451: frozen gen 330 pcc 1.000 sep_end 0 first_sep -1 tag None (0.3s; 5694s total)
nat cheap None mN=1.091 I=64 rep 451: frozen gen 395 pcc 1.000 sep_end 0 first_sep -1 tag None (0.3s; 5694s total)
nat above None mN=1.091 I=64 rep 452: frozen gen 300 pcc 1.000 sep_end 0 first_sep -1 tag None (0.3s; 5695s total)
nat cheap None mN=1.091 I=64 rep 450: unresolved gen 100000 pcc 0.997 sep_end 1 first_sep 80 tag None (10.0s; 5696s total)
nat above None mN=1.091 I=64 rep 453: frozen gen 300 pcc 1.000 sep_end 0 first_sep -1 tag None (0.3s; 5697s total)
nat cheap None mN=1.091 I=64 rep 449: unresolved gen 100000 pcc 0.980 sep_end 1 first_sep 90 tag None (54.6s; 5709s total)
nat above None mN=1.091 I=64 rep 454: frozen gen 295 pcc 1.000 sep_end 0 first_sep -1 tag None (0.3s; 5710s total)
nat cheap None mN=1.091 I=64 rep 452: unresolved gen 100000 pcc 0.975 sep_end 1 first_sep 90 tag None (58.7s; 5753s total)
nat above None mN=1.091 I=64 rep 455: frozen gen 310 pcc 1.000 sep_end 0 first_sep -1 tag None (0.2s; 5754s total)
nat cheap None mN=1.091 I=64 rep 455: frozen gen 240 pcc 1.000 sep_end 0 first_sep -1 tag None (0.2s; 5754s total)
nat above None mN=1.091 I=64 rep 456: frozen gen 355 pcc 1.000 sep_end 0 first_sep -1 tag None (0.3s; 5754s total)
nat cheap None mN=1.091 I=64 rep 453: unresolved gen 100000 pcc 0.980 sep_end 1 first_sep 130 tag None (62.4s; 5759s total)
nat above None mN=1.091 I=64 rep 457: frozen gen 375 pcc 1.000 sep_end 0 first_sep -1 tag None (0.3s; 5759s total)
nat cheap None mN=1.091 I=64 rep 454: unresolved gen 100000 pcc 0.980 sep_end 1 first_sep 60 tag None (60.2s; 5770s total)
nat above None mN=1.091 I=64 rep 458: frozen gen 390 pcc 1.000 sep_end 0 first_sep -1 tag None (0.4s; 5770s total)
nat cheap None mN=1.091 I=64 rep 458: unresolved gen 100000 pcc 0.985 sep_end 1 first_sep 75 tag None (50.7s; 5821s total)
nat above None mN=1.091 I=64 rep 459: frozen gen 305 pcc 1.000 sep_end 0 first_sep -1 tag None (0.3s; 5821s total)
nat cheap None mN=1.091 I=64 rep 456: unresolved gen 100000 pcc 0.977 sep_end 3 first_sep 100 tag None (69.4s; 5824s total)
nat above None mN=1.091 I=64 rep 460: frozen gen 295 pcc 1.000 sep_end 0 first_sep -1 tag None (0.3s; 5824s total)
nat cheap None mN=1.091 I=64 rep 457: unresolved gen 100000 pcc 0.974 sep_end 3 first_sep 70 tag None (68.7s; 5828s total)
nat above None mN=1.091 I=64 rep 461: frozen gen 280 pcc 1.000 sep_end 0 first_sep -1 tag None (0.3s; 5828s total)
nat cheap None mN=1.091 I=64 rep 461: frozen gen 310 pcc 1.000 sep_end 0 first_sep -1 tag None (0.3s; 5829s total)
nat above None mN=1.091 I=64 rep 462: frozen gen 275 pcc 1.000 sep_end 0 first_sep -1 tag None (0.3s; 5829s total)
nat cheap None mN=1.091 I=64 rep 459: unresolved gen 100000 pcc 0.973 sep_end 3 first_sep 75 tag None (66.3s; 5887s total)
nat above None mN=1.091 I=64 rep 463: frozen gen 465 pcc 1.000 sep_end 0 first_sep -1 tag None (0.6s; 5888s total)
nat cheap None mN=1.091 I=64 rep 463: frozen gen 325 pcc 1.000 sep_end 0 first_sep -1 tag None (0.3s; 5888s total)
nat above None mN=1.091 I=64 rep 464: frozen gen 395 pcc 1.000 sep_end 0 first_sep -1 tag None (0.4s; 5889s total)
nat cheap None mN=1.091 I=64 rep 462: unresolved gen 100000 pcc 0.974 sep_end 1 first_sep 80 tag None (62.4s; 5891s total)
nat above None mN=1.091 I=64 rep 465: frozen gen 275 pcc 1.000 sep_end 0 first_sep -1 tag None (0.3s; 5892s total)
nat cheap None mN=1.091 I=64 rep 460: unresolved gen 100000 pcc 0.979 sep_end 3 first_sep 45 tag None (68.4s; 5892s total)
nat above None mN=1.091 I=64 rep 466: frozen gen 330 pcc 1.000 sep_end 0 first_sep -1 tag None (0.4s; 5893s total)
nat cheap None mN=1.091 I=64 rep 466: frozen gen 320 pcc 1.000 sep_end 0 first_sep -1 tag None (0.3s; 5893s total)
nat cheap None mN=1.091 I=64 rep 465: frozen gen 1400 pcc 1.000 sep_end 0 first_sep 75 tag None (1.5s; 5893s total)
nat above None mN=1.091 I=64 rep 467: frozen gen 305 pcc 1.000 sep_end 0 first_sep -1 tag None (0.3s; 5893s total)
nat above None mN=1.091 I=64 rep 468: frozen gen 275 pcc 1.000 sep_end 0 first_sep -1 tag None (0.3s; 5894s total)
nat cheap None mN=1.091 I=64 rep 464: unresolved gen 100000 pcc 0.994 sep_end 1 first_sep 80 tag None (26.8s; 5916s total)
nat above None mN=1.091 I=64 rep 469: frozen gen 320 pcc 1.000 sep_end 0 first_sep -1 tag None (0.4s; 5916s total)
nat cheap None mN=1.091 I=64 rep 469: unresolved gen 100000 pcc 0.999 sep_end 1 first_sep 95 tag None (5.1s; 5921s total)
nat above None mN=1.091 I=64 rep 470: frozen gen 300 pcc 1.000 sep_end 0 first_sep -1 tag None (0.3s; 5921s total)
nat cheap None mN=1.091 I=64 rep 470: frozen gen 360 pcc 1.000 sep_end 0 first_sep -1 tag None (0.3s; 5922s total)
nat above None mN=1.091 I=64 rep 471: frozen gen 280 pcc 1.000 sep_end 0 first_sep -1 tag None (0.2s; 5922s total)
nat cheap None mN=1.091 I=64 rep 468: unresolved gen 100000 pcc 0.988 sep_end 1 first_sep 55 tag None (46.1s; 5940s total)
nat above None mN=1.091 I=64 rep 472: frozen gen 300 pcc 1.000 sep_end 0 first_sep -1 tag None (0.4s; 5940s total)
nat cheap None mN=1.091 I=64 rep 467: unresolved gen 100000 pcc 0.982 sep_end 1 first_sep 120 tag None (56.7s; 5950s total)
nat above None mN=1.091 I=64 rep 473: frozen gen 300 pcc 1.000 sep_end 0 first_sep -1 tag None (0.3s; 5950s total)
nat cheap None mN=1.091 I=64 rep 471: unresolved gen 100000 pcc 0.990 sep_end 3 first_sep 70 tag None (38.5s; 5960s total)
nat above None mN=1.091 I=64 rep 474: frozen gen 355 pcc 1.000 sep_end 0 first_sep -1 tag None (0.4s; 5961s total)
nat cheap None mN=1.091 I=64 rep 472: unresolved gen 100000 pcc 0.987 sep_end 1 first_sep 85 tag None (27.9s; 5968s total)
nat above None mN=1.091 I=64 rep 475: frozen gen 370 pcc 1.000 sep_end 0 first_sep -1 tag None (0.4s; 5968s total)
nat cheap None mN=1.091 I=64 rep 473: unresolved gen 100000 pcc 0.986 sep_end 3 first_sep 70 tag None (44.5s; 5995s total)
nat above None mN=1.091 I=64 rep 476: frozen gen 350 pcc 1.000 sep_end 0 first_sep -1 tag None (0.3s; 5995s total)
nat cheap None mN=1.091 I=64 rep 476: frozen gen 380 pcc 1.000 sep_end 0 first_sep -1 tag None (0.3s; 5995s total)
nat above None mN=1.091 I=64 rep 477: frozen gen 280 pcc 1.000 sep_end 0 first_sep -1 tag None (0.3s; 5995s total)
nat cheap None mN=1.091 I=64 rep 475: unresolved gen 100000 pcc 0.983 sep_end 1 first_sep 90 tag None (48.6s; 6017s total)
nat above None mN=1.091 I=64 rep 478: frozen gen 260 pcc 1.000 sep_end 0 first_sep -1 tag None (0.2s; 6017s total)
nat cheap None mN=1.091 I=64 rep 478: frozen gen 1305 pcc 1.000 sep_end 0 first_sep 195 tag None (1.4s; 6019s total)
nat above None mN=1.091 I=64 rep 479: frozen gen 265 pcc 1.000 sep_end 0 first_sep -1 tag None (0.3s; 6019s total)
nat cheap None mN=1.091 I=64 rep 474: unresolved gen 100000 pcc 0.982 sep_end 1 first_sep 85 tag None (60.2s; 6021s total)
nat above None mN=1.091 I=64 rep 480: frozen gen 320 pcc 1.000 sep_end 0 first_sep -1 tag None (0.3s; 6021s total)
nat cheap None mN=1.091 I=64 rep 480: frozen gen 1295 pcc 1.000 sep_end 0 first_sep 115 tag None (1.4s; 6023s total)
nat above None mN=1.091 I=64 rep 481: frozen gen 300 pcc 1.000 sep_end 0 first_sep -1 tag None (0.3s; 6023s total)
nat cheap None mN=1.091 I=64 rep 477: unresolved gen 100000 pcc 0.982 sep_end 1 first_sep 115 tag None (59.8s; 6055s total)
nat above None mN=1.091 I=64 rep 482: frozen gen 320 pcc 1.000 sep_end 0 first_sep -1 tag None (0.4s; 6056s total)
nat cheap None mN=1.091 I=64 rep 481: unresolved gen 100000 pcc 0.986 sep_end 1 first_sep 125 tag None (51.0s; 6074s total)
nat above None mN=1.091 I=64 rep 483: frozen gen 395 pcc 1.000 sep_end 0 first_sep -1 tag None (0.3s; 6074s total)
nat cheap None mN=1.091 I=64 rep 479: unresolved gen 100000 pcc 0.975 sep_end 1 first_sep 60 tag None (63.5s; 6083s total)
nat above None mN=1.091 I=64 rep 484: frozen gen 390 pcc 1.000 sep_end 0 first_sep -1 tag None (0.5s; 6083s total)
nat cheap None mN=1.091 I=64 rep 484: frozen gen 625 pcc 1.000 sep_end 0 first_sep 145 tag None (0.7s; 6084s total)
nat above None mN=1.091 I=64 rep 485: frozen gen 330 pcc 1.000 sep_end 0 first_sep -1 tag None (0.3s; 6084s total)
nat cheap None mN=1.091 I=64 rep 482: unresolved gen 100000 pcc 0.981 sep_end 1 first_sep 110 tag None (53.5s; 6109s total)
nat above None mN=1.091 I=64 rep 486: frozen gen 565 pcc 1.000 sep_end 0 first_sep -1 tag None (0.5s; 6110s total)
nat cheap None mN=1.091 I=64 rep 486: frozen gen 285 pcc 1.000 sep_end 0 first_sep -1 tag None (0.3s; 6110s total)
nat above None mN=1.091 I=64 rep 487: frozen gen 355 pcc 1.000 sep_end 0 first_sep -1 tag None (0.3s; 6110s total)
nat cheap None mN=1.091 I=64 rep 487: frozen gen 690 pcc 1.000 sep_end 0 first_sep 80 tag None (0.7s; 6111s total)
nat above None mN=1.091 I=64 rep 488: frozen gen 510 pcc 1.000 sep_end 0 first_sep -1 tag None (0.5s; 6112s total)
nat cheap None mN=1.091 I=64 rep 485: unresolved gen 100000 pcc 0.985 sep_end 1 first_sep 110 tag None (48.8s; 6133s total)
nat above None mN=1.091 I=64 rep 489: frozen gen 280 pcc 1.000 sep_end 0 first_sep -1 tag None (0.2s; 6133s total)
nat cheap None mN=1.091 I=64 rep 483: unresolved gen 100000 pcc 0.977 sep_end 1 first_sep 85 tag None (63.0s; 6137s total)
nat above None mN=1.091 I=64 rep 490: frozen gen 285 pcc 1.000 sep_end 0 first_sep -1 tag None (0.3s; 6138s total)
nat cheap None mN=1.091 I=64 rep 490: unresolved gen 100000 pcc 0.987 sep_end 1 first_sep 75 tag None (35.8s; 6174s total)
nat above None mN=1.091 I=64 rep 491: frozen gen 325 pcc 1.000 sep_end 0 first_sep -1 tag None (0.3s; 6174s total)
nat cheap None mN=1.091 I=64 rep 488: unresolved gen 100000 pcc 0.970 sep_end 3 first_sep 60 tag None (74.6s; 6186s total)
nat above None mN=1.091 I=64 rep 492: frozen gen 375 pcc 1.000 sep_end 0 first_sep -1 tag None (0.3s; 6186s total)
nat cheap None mN=1.091 I=64 rep 489: unresolved gen 100000 pcc 0.978 sep_end 3 first_sep 85 tag None (66.8s; 6200s total)
nat above None mN=1.091 I=64 rep 493: frozen gen 370 pcc 1.000 sep_end 0 first_sep -1 tag None (0.3s; 6200s total)
nat cheap None mN=1.091 I=64 rep 491: unresolved gen 100000 pcc 0.993 sep_end 3 first_sep 100 tag None (35.2s; 6209s total)
nat above None mN=1.091 I=64 rep 494: frozen gen 295 pcc 1.000 sep_end 0 first_sep -1 tag None (0.3s; 6209s total)
nat cheap None mN=1.091 I=64 rep 492: unresolved gen 100000 pcc 0.981 sep_end 1 first_sep 95 tag None (57.4s; 6244s total)
nat above None mN=1.091 I=64 rep 495: frozen gen 285 pcc 1.000 sep_end 0 first_sep -1 tag None (0.3s; 6244s total)
nat cheap None mN=1.091 I=64 rep 493: unresolved gen 100000 pcc 0.972 sep_end 1 first_sep 80 tag None (60.1s; 6260s total)
nat above None mN=1.091 I=64 rep 496: frozen gen 335 pcc 1.000 sep_end 0 first_sep -1 tag None (0.3s; 6261s total)
nat cheap None mN=1.091 I=64 rep 494: unresolved gen 100000 pcc 0.974 sep_end 1 first_sep 50 tag None (60.3s; 6270s total)
nat above None mN=1.091 I=64 rep 497: frozen gen 285 pcc 1.000 sep_end 0 first_sep -1 tag None (0.3s; 6270s total)
nat cheap None mN=1.091 I=64 rep 495: unresolved gen 100000 pcc 0.983 sep_end 1 first_sep 70 tag None (47.2s; 6291s total)
nat above None mN=1.091 I=64 rep 498: frozen gen 310 pcc 1.000 sep_end 0 first_sep -1 tag None (0.3s; 6292s total)
nat cheap None mN=1.091 I=64 rep 498: frozen gen 1545 pcc 1.000 sep_end 0 first_sep 85 tag None (1.3s; 6293s total)
nat above None mN=1.091 I=64 rep 499: frozen gen 265 pcc 1.000 sep_end 0 first_sep -1 tag None (0.4s; 6293s total)
nat cheap None mN=1.091 I=64 rep 497: unresolved gen 100000 pcc 0.989 sep_end 1 first_sep 105 tag None (25.0s; 6295s total)
nat above None mN=1.091 I=64 rep 500: frozen gen 340 pcc 1.000 sep_end 0 first_sep -1 tag None (0.4s; 6295s total)
nat cheap None mN=1.091 I=64 rep 496: unresolved gen 100000 pcc 0.977 sep_end 3 first_sep 100 tag None (69.6s; 6330s total)
nat above None mN=1.091 I=64 rep 501: frozen gen 300 pcc 1.000 sep_end 0 first_sep -1 tag None (0.3s; 6331s total)
nat cheap None mN=1.091 I=64 rep 501: frozen gen 370 pcc 1.000 sep_end 0 first_sep -1 tag None (0.3s; 6331s total)
nat above None mN=1.091 I=64 rep 502: frozen gen 360 pcc 1.000 sep_end 0 first_sep -1 tag None (0.3s; 6331s total)
nat cheap None mN=1.091 I=64 rep 500: unresolved gen 100000 pcc 0.982 sep_end 1 first_sep 95 tag None (52.2s; 6348s total)
nat above None mN=1.091 I=64 rep 503: frozen gen 270 pcc 1.000 sep_end 0 first_sep -1 tag None (0.2s; 6348s total)
nat cheap None mN=1.091 I=64 rep 499: unresolved gen 100000 pcc 0.979 sep_end 1 first_sep 80 tag None (58.2s; 6352s total)
nat above None mN=1.091 I=64 rep 504: frozen gen 320 pcc 1.000 sep_end 0 first_sep -1 tag None (0.3s; 6352s total)
nat cheap None mN=1.091 I=64 rep 502: unresolved gen 100000 pcc 0.977 sep_end 1 first_sep 100 tag None (60.3s; 6391s total)
nat above None mN=1.091 I=64 rep 505: frozen gen 310 pcc 1.000 sep_end 0 first_sep -1 tag None (0.3s; 6392s total)
nat cheap None mN=1.091 I=64 rep 503: unresolved gen 100000 pcc 0.989 sep_end 1 first_sep 75 tag None (59.0s; 6407s total)
nat above None mN=1.091 I=64 rep 506: frozen gen 310 pcc 1.000 sep_end 0 first_sep -1 tag None (0.3s; 6407s total)
nat cheap None mN=1.091 I=64 rep 504: unresolved gen 100000 pcc 0.973 sep_end 3 first_sep 95 tag None (74.6s; 6426s total)
nat above None mN=1.091 I=64 rep 507: frozen gen 295 pcc 1.000 sep_end 0 first_sep -1 tag None (0.3s; 6427s total)
nat cheap None mN=1.091 I=64 rep 505: unresolved gen 100000 pcc 0.981 sep_end 1 first_sep 90 tag None (56.3s; 6448s total)
nat above None mN=1.091 I=64 rep 508: frozen gen 260 pcc 1.000 sep_end 0 first_sep -1 tag None (0.2s; 6448s total)
nat cheap None mN=1.091 I=64 rep 508: frozen gen 1355 pcc 1.000 sep_end 0 first_sep 65 tag None (1.5s; 6450s total)
nat above None mN=1.091 I=64 rep 509: frozen gen 325 pcc 1.000 sep_end 0 first_sep -1 tag None (0.3s; 6450s total)
nat cheap None mN=1.091 I=64 rep 507: unresolved gen 100000 pcc 0.991 sep_end 1 first_sep 90 tag None (30.0s; 6457s total)
nat above None mN=1.091 I=64 rep 510: frozen gen 265 pcc 1.000 sep_end 0 first_sep -1 tag None (0.2s; 6457s total)
nat cheap None mN=1.091 I=64 rep 506: unresolved gen 100000 pcc 0.974 sep_end 1 first_sep 70 tag None (61.4s; 6469s total)
nat above None mN=1.091 I=64 rep 511: frozen gen 290 pcc 1.000 sep_end 0 first_sep -1 tag None (0.2s; 6469s total)
nat cheap None mN=1.091 I=64 rep 511: frozen gen 1135 pcc 1.000 sep_end 0 first_sep 65 tag None (1.0s; 6470s total)
nat above None mN=1.091 I=64 rep 512: frozen gen 295 pcc 1.000 sep_end 0 first_sep -1 tag None (0.3s; 6470s total)
nat cheap None mN=1.091 I=64 rep 509: unresolved gen 100000 pcc 0.986 sep_end 1 first_sep 80 tag None (43.3s; 6493s total)
nat above None mN=1.091 I=64 rep 513: frozen gen 280 pcc 1.000 sep_end 0 first_sep -1 tag None (0.2s; 6494s total)
nat cheap None mN=1.091 I=64 rep 513: frozen gen 295 pcc 1.000 sep_end 0 first_sep -1 tag None (0.3s; 6494s total)
nat above None mN=1.091 I=64 rep 514: frozen gen 290 pcc 1.000 sep_end 0 first_sep -1 tag None (0.3s; 6494s total)
nat cheap None mN=1.091 I=64 rep 510: unresolved gen 100000 pcc 0.994 sep_end 1 first_sep 95 tag None (39.8s; 6497s total)
nat above None mN=1.091 I=64 rep 515: frozen gen 295 pcc 1.000 sep_end 0 first_sep -1 tag None (0.3s; 6497s total)
nat cheap None mN=1.091 I=64 rep 512: unresolved gen 100000 pcc 0.968 sep_end 3 first_sep 90 tag None (66.9s; 6537s total)
nat above None mN=1.091 I=64 rep 516: frozen gen 310 pcc 1.000 sep_end 0 first_sep -1 tag None (0.3s; 6537s total)
nat cheap None mN=1.091 I=64 rep 516: frozen gen 360 pcc 1.000 sep_end 0 first_sep -1 tag None (0.3s; 6538s total)
nat above None mN=1.091 I=64 rep 517: frozen gen 260 pcc 1.000 sep_end 0 first_sep -1 tag None (0.2s; 6538s total)
nat cheap None mN=1.091 I=64 rep 515: unresolved gen 100000 pcc 0.980 sep_end 1 first_sep 105 tag None (59.8s; 6557s total)
nat above None mN=1.091 I=64 rep 518: frozen gen 320 pcc 1.000 sep_end 0 first_sep -1 tag None (0.3s; 6557s total)
nat cheap None mN=1.091 I=64 rep 514: unresolved gen 100000 pcc 0.974 sep_end 3 first_sep 55 tag None (67.1s; 6561s total)
nat above None mN=1.091 I=64 rep 519: frozen gen 315 pcc 1.000 sep_end 0 first_sep -1 tag None (0.4s; 6562s total)
nat cheap None mN=1.091 I=64 rep 517: unresolved gen 100000 pcc 0.986 sep_end 3 first_sep 110 tag None (46.2s; 6584s total)
nat above None mN=1.091 I=64 rep 520: frozen gen 270 pcc 1.000 sep_end 0 first_sep -1 tag None (0.2s; 6584s total)
nat cheap None mN=1.091 I=64 rep 518: unresolved gen 100000 pcc 0.990 sep_end 1 first_sep 110 tag None (40.9s; 6598s total)
nat above None mN=1.091 I=64 rep 521: frozen gen 340 pcc 1.000 sep_end 0 first_sep -1 tag None (0.3s; 6598s total)
nat cheap None mN=1.091 I=64 rep 519: unresolved gen 100000 pcc 0.977 sep_end 3 first_sep 90 tag None (65.1s; 6627s total)
nat above None mN=1.091 I=64 rep 522: frozen gen 275 pcc 1.000 sep_end 0 first_sep -1 tag None (0.3s; 6627s total)
nat cheap None mN=1.091 I=64 rep 520: unresolved gen 100000 pcc 0.984 sep_end 1 first_sep 75 tag None (48.1s; 6632s total)
nat above None mN=1.091 I=64 rep 523: frozen gen 260 pcc 1.000 sep_end 0 first_sep -1 tag None (0.2s; 6633s total)
nat cheap None mN=1.091 I=64 rep 523: unresolved gen 100000 pcc 0.996 sep_end 1 first_sep 80 tag None (13.1s; 6646s total)
nat above None mN=1.091 I=64 rep 524: frozen gen 330 pcc 1.000 sep_end 0 first_sep -1 tag None (0.3s; 6646s total)
nat cheap None mN=1.091 I=64 rep 524: frozen gen 340 pcc 1.000 sep_end 0 first_sep -1 tag None (0.3s; 6646s total)
nat above None mN=1.091 I=64 rep 525: frozen gen 265 pcc 1.000 sep_end 0 first_sep -1 tag None (0.2s; 6647s total)
nat cheap None mN=1.091 I=64 rep 522: unresolved gen 100000 pcc 0.991 sep_end 1 first_sep 80 tag None (20.1s; 6647s total)
nat above None mN=1.091 I=64 rep 526: frozen gen 300 pcc 1.000 sep_end 0 first_sep -1 tag None (0.3s; 6648s total)
nat cheap None mN=1.091 I=64 rep 521: unresolved gen 100000 pcc 0.980 sep_end 1 first_sep 90 tag None (61.8s; 6660s total)
nat above None mN=1.091 I=64 rep 527: frozen gen 495 pcc 1.000 sep_end 0 first_sep -1 tag None (0.4s; 6661s total)
nat cheap None mN=1.091 I=64 rep 527: frozen gen 310 pcc 1.000 sep_end 0 first_sep -1 tag None (0.3s; 6661s total)
nat above None mN=1.091 I=64 rep 528: frozen gen 280 pcc 1.000 sep_end 0 first_sep -1 tag None (0.2s; 6661s total)
nat cheap None mN=1.091 I=64 rep 526: unresolved gen 100000 pcc 0.980 sep_end 1 first_sep 115 tag None (55.6s; 6703s total)
nat above None mN=1.091 I=64 rep 529: frozen gen 230 pcc 1.000 sep_end 0 first_sep -1 tag None (0.2s; 6703s total)
nat cheap None mN=1.091 I=64 rep 529: frozen gen 465 pcc 1.000 sep_end 0 first_sep -1 tag None (0.4s; 6704s total)
nat above None mN=1.091 I=64 rep 530: frozen gen 240 pcc 1.000 sep_end 0 first_sep -1 tag None (0.2s; 6704s total)
nat cheap None mN=1.091 I=64 rep 525: unresolved gen 100000 pcc 0.977 sep_end 1 first_sep 125 tag None (61.2s; 6708s total)
nat above None mN=1.091 I=64 rep 531: frozen gen 285 pcc 1.000 sep_end 0 first_sep -1 tag None (0.2s; 6708s total)
nat cheap None mN=1.091 I=64 rep 531: frozen gen 350 pcc 1.000 sep_end 0 first_sep -1 tag None (0.2s; 6708s total)
nat above None mN=1.091 I=64 rep 532: frozen gen 305 pcc 1.000 sep_end 0 first_sep -1 tag None (0.2s; 6709s total)
nat cheap None mN=1.091 I=64 rep 528: unresolved gen 100000 pcc 0.991 sep_end 1 first_sep 70 tag None (49.4s; 6710s total)
nat above None mN=1.091 I=64 rep 533: frozen gen 335 pcc 1.000 sep_end 0 first_sep -1 tag None (0.4s; 6711s total)
nat cheap None mN=1.091 I=64 rep 533: unresolved gen 100000 pcc 0.995 sep_end 1 first_sep 85 tag None (32.9s; 6744s total)
nat above None mN=1.091 I=64 rep 534: frozen gen 225 pcc 1.000 sep_end 0 first_sep -1 tag None (0.2s; 6744s total)
nat cheap None mN=1.091 I=64 rep 530: unresolved gen 100000 pcc 0.988 sep_end 1 first_sep 90 tag None (46.6s; 6751s total)
nat above None mN=1.091 I=64 rep 535: frozen gen 320 pcc 1.000 sep_end 0 first_sep -1 tag None (0.3s; 6751s total)
nat cheap None mN=1.091 I=64 rep 532: unresolved gen 100000 pcc 0.977 sep_end 3 first_sep 100 tag None (68.8s; 6777s total)
nat above None mN=1.091 I=64 rep 536: frozen gen 280 pcc 1.000 sep_end 0 first_sep -1 tag None (0.3s; 6778s total)
nat cheap None mN=1.091 I=64 rep 536: frozen gen 1075 pcc 1.000 sep_end 0 first_sep 90 tag None (1.1s; 6779s total)
nat above None mN=1.091 I=64 rep 537: frozen gen 310 pcc 1.000 sep_end 0 first_sep -1 tag None (0.3s; 6779s total)
nat cheap None mN=1.091 I=64 rep 537: frozen gen 330 pcc 1.000 sep_end 0 first_sep -1 tag None (0.3s; 6779s total)
nat above None mN=1.091 I=64 rep 538: frozen gen 300 pcc 1.000 sep_end 0 first_sep -1 tag None (0.2s; 6780s total)
nat cheap None mN=1.091 I=64 rep 538: frozen gen 235 pcc 1.000 sep_end 0 first_sep -1 tag None (0.2s; 6780s total)
nat above None mN=1.091 I=64 rep 539: frozen gen 290 pcc 1.000 sep_end 0 first_sep -1 tag None (0.2s; 6780s total)
nat cheap None mN=1.091 I=64 rep 535: unresolved gen 100000 pcc 0.987 sep_end 1 first_sep 70 tag None (33.7s; 6785s total)
nat above None mN=1.091 I=64 rep 540: frozen gen 555 pcc 1.000 sep_end 0 first_sep -1 tag None (0.4s; 6785s total)
nat cheap None mN=1.091 I=64 rep 540: frozen gen 1440 pcc 1.000 sep_end 0 first_sep 60 tag None (1.6s; 6787s total)
nat above None mN=1.091 I=64 rep 541: frozen gen 400 pcc 1.000 sep_end 0 first_sep -1 tag None (0.4s; 6787s total)
nat cheap None mN=1.091 I=64 rep 541: frozen gen 275 pcc 1.000 sep_end 0 first_sep -1 tag None (0.3s; 6787s total)
nat above None mN=1.091 I=64 rep 542: frozen gen 270 pcc 1.000 sep_end 0 first_sep -1 tag None (0.2s; 6788s total)
nat cheap None mN=1.091 I=64 rep 542: frozen gen 270 pcc 1.000 sep_end 0 first_sep -1 tag None (0.3s; 6788s total)
nat above None mN=1.091 I=64 rep 543: frozen gen 300 pcc 1.000 sep_end 0 first_sep -1 tag None (0.3s; 6788s total)
nat cheap None mN=1.091 I=64 rep 543: frozen gen 360 pcc 1.000 sep_end 0 first_sep -1 tag None (0.3s; 6788s total)
nat above None mN=1.091 I=64 rep 544: frozen gen 285 pcc 1.000 sep_end 0 first_sep -1 tag None (0.3s; 6789s total)
nat cheap None mN=1.091 I=64 rep 534: unresolved gen 100000 pcc 0.980 sep_end 3 first_sep 125 tag None (54.3s; 6798s total)
nat above None mN=1.091 I=64 rep 545: frozen gen 285 pcc 1.000 sep_end 0 first_sep -1 tag None (0.3s; 6799s total)
nat cheap None mN=1.091 I=64 rep 545: frozen gen 325 pcc 1.000 sep_end 0 first_sep -1 tag None (0.3s; 6799s total)
nat above None mN=1.091 I=64 rep 546: frozen gen 255 pcc 1.000 sep_end 0 first_sep -1 tag None (0.3s; 6799s total)
nat cheap None mN=1.091 I=64 rep 544: unresolved gen 100000 pcc 0.989 sep_end 1 first_sep 70 tag None (34.6s; 6823s total)
nat above None mN=1.091 I=64 rep 547: frozen gen 245 pcc 1.000 sep_end 0 first_sep -1 tag None (0.2s; 6824s total)
nat cheap None mN=1.091 I=64 rep 539: unresolved gen 100000 pcc 0.985 sep_end 1 first_sep 55 tag None (56.9s; 6837s total)
nat above None mN=1.091 I=64 rep 548: frozen gen 335 pcc 1.000 sep_end 0 first_sep -1 tag None (0.4s; 6837s total)
nat cheap None mN=1.091 I=64 rep 546: unresolved gen 100000 pcc 0.984 sep_end 1 first_sep 110 tag None (50.1s; 6849s total)
nat above None mN=1.091 I=64 rep 549: frozen gen 340 pcc 1.000 sep_end 0 first_sep -1 tag None (0.3s; 6850s total)
nat cheap None mN=1.091 I=64 rep 549: unresolved gen 100000 pcc 0.998 sep_end 1 first_sep 75 tag None (21.1s; 6871s total)
nat above None mN=1.091 I=64 rep 550: frozen gen 395 pcc 1.000 sep_end 0 first_sep -1 tag None (0.3s; 6871s total)
nat cheap None mN=1.091 I=64 rep 550: unresolved gen 100000 pcc 0.999 sep_end 1 first_sep 105 tag None (5.0s; 6876s total)
nat above None mN=1.091 I=64 rep 551: frozen gen 375 pcc 1.000 sep_end 0 first_sep -1 tag None (0.3s; 6876s total)
nat cheap None mN=1.091 I=64 rep 547: unresolved gen 100000 pcc 0.977 sep_end 3 first_sep 60 tag None (67.7s; 6891s total)
nat above None mN=1.091 I=64 rep 552: frozen gen 295 pcc 1.000 sep_end 0 first_sep -1 tag None (0.3s; 6892s total)
nat cheap None mN=1.091 I=64 rep 548: unresolved gen 100000 pcc 0.975 sep_end 3 first_sep 105 tag None (62.1s; 6899s total)
nat above None mN=1.091 I=64 rep 553: frozen gen 400 pcc 1.000 sep_end 0 first_sep -1 tag None (0.3s; 6900s total)
nat cheap None mN=1.091 I=64 rep 553: unresolved gen 100000 pcc 0.994 sep_end 1 first_sep 90 tag None (19.9s; 6920s total)
nat above None mN=1.091 I=64 rep 554: frozen gen 365 pcc 1.000 sep_end 0 first_sep -1 tag None (0.3s; 6920s total)
nat cheap None mN=1.091 I=64 rep 552: unresolved gen 100000 pcc 0.991 sep_end 1 first_sep 105 tag None (41.0s; 6933s total)
nat above None mN=1.091 I=64 rep 555: frozen gen 255 pcc 1.000 sep_end 0 first_sep -1 tag None (0.2s; 6933s total)
nat cheap None mN=1.091 I=64 rep 555: frozen gen 310 pcc 1.000 sep_end 0 first_sep -1 tag None (0.3s; 6933s total)
nat above None mN=1.091 I=64 rep 556: frozen gen 300 pcc 1.000 sep_end 0 first_sep -1 tag None (0.2s; 6934s total)
nat cheap None mN=1.091 I=64 rep 556: frozen gen 1370 pcc 1.000 sep_end 0 first_sep 95 tag None (1.4s; 6935s total)
nat above None mN=1.091 I=64 rep 557: frozen gen 350 pcc 1.000 sep_end 0 first_sep -1 tag None (0.4s; 6935s total)
nat cheap None mN=1.091 I=64 rep 551: unresolved gen 100000 pcc 0.979 sep_end 1 first_sep 60 tag None (63.4s; 6940s total)
nat above None mN=1.091 I=64 rep 558: frozen gen 250 pcc 1.000 sep_end 0 first_sep -1 tag None (0.3s; 6940s total)
nat cheap None mN=1.091 I=64 rep 554: unresolved gen 100000 pcc 0.976 sep_end 1 first_sep 70 tag None (41.0s; 6961s total)
nat above None mN=1.091 I=64 rep 559: frozen gen 320 pcc 1.000 sep_end 0 first_sep -1 tag None (0.2s; 6961s total)
nat cheap None mN=1.091 I=64 rep 558: unresolved gen 100000 pcc 0.977 sep_end 1 first_sep 70 tag None (62.5s; 7003s total)
nat above None mN=1.091 I=64 rep 560: frozen gen 290 pcc 1.000 sep_end 0 first_sep -1 tag None (0.3s; 7003s total)
nat cheap None mN=1.091 I=64 rep 559: unresolved gen 100000 pcc 0.988 sep_end 3 first_sep 110 tag None (41.8s; 7003s total)
nat above None mN=1.091 I=64 rep 561: frozen gen 320 pcc 1.000 sep_end 0 first_sep -1 tag None (0.3s; 7003s total)
nat cheap None mN=1.091 I=64 rep 557: unresolved gen 100000 pcc 0.977 sep_end 3 first_sep 75 tag None (69.5s; 7005s total)
nat above None mN=1.091 I=64 rep 562: frozen gen 290 pcc 1.000 sep_end 0 first_sep -1 tag None (0.4s; 7005s total)
nat cheap None mN=1.091 I=64 rep 561: unresolved gen 100000 pcc 0.988 sep_end 1 first_sep 75 tag None (29.9s; 7033s total)
nat above None mN=1.091 I=64 rep 563: frozen gen 295 pcc 1.000 sep_end 0 first_sep -1 tag None (0.2s; 7033s total)
nat cheap None mN=1.091 I=64 rep 560: unresolved gen 100000 pcc 0.987 sep_end 1 first_sep 95 tag None (41.2s; 7044s total)
nat above None mN=1.091 I=64 rep 564: frozen gen 295 pcc 1.000 sep_end 0 first_sep -1 tag None (0.2s; 7044s total)
nat cheap None mN=1.091 I=64 rep 562: unresolved gen 100000 pcc 0.975 sep_end 1 first_sep 90 tag None (60.1s; 7065s total)
nat above None mN=1.091 I=64 rep 565: frozen gen 270 pcc 1.000 sep_end 0 first_sep -1 tag None (0.3s; 7066s total)
nat cheap None mN=1.091 I=64 rep 563: unresolved gen 100000 pcc 0.982 sep_end 1 first_sep 75 tag None (57.5s; 7091s total)
nat above None mN=1.091 I=64 rep 566: frozen gen 400 pcc 1.000 sep_end 0 first_sep -1 tag None (0.4s; 7091s total)
nat cheap None mN=1.091 I=64 rep 564: unresolved gen 100000 pcc 0.979 sep_end 1 first_sep 60 tag None (62.2s; 7106s total)
nat above None mN=1.091 I=64 rep 567: frozen gen 305 pcc 1.000 sep_end 0 first_sep -1 tag None (0.3s; 7107s total)
nat cheap None mN=1.091 I=64 rep 567: frozen gen 890 pcc 1.000 sep_end 0 first_sep 105 tag None (0.9s; 7108s total)
nat above None mN=1.091 I=64 rep 568: frozen gen 300 pcc 1.000 sep_end 0 first_sep -1 tag None (0.3s; 7108s total)
nat cheap None mN=1.091 I=64 rep 568: frozen gen 1025 pcc 1.000 sep_end 0 first_sep 125 tag None (1.2s; 7109s total)
nat above None mN=1.091 I=64 rep 569: frozen gen 275 pcc 1.000 sep_end 0 first_sep -1 tag None (0.3s; 7110s total)
nat cheap None mN=1.091 I=64 rep 569: frozen gen 860 pcc 1.000 sep_end 0 first_sep 180 tag None (1.0s; 7111s total)
nat above None mN=1.091 I=64 rep 570: frozen gen 370 pcc 1.000 sep_end 0 first_sep -1 tag None (0.3s; 7111s total)
nat cheap None mN=1.091 I=64 rep 566: unresolved gen 100000 pcc 0.992 sep_end 1 first_sep 100 tag None (20.0s; 7111s total)
nat above None mN=1.091 I=64 rep 571: frozen gen 325 pcc 1.000 sep_end 0 first_sep -1 tag None (0.3s; 7112s total)
nat cheap None mN=1.091 I=64 rep 571: frozen gen 1965 pcc 1.000 sep_end 0 first_sep 95 tag None (1.3s; 7113s total)
nat above None mN=1.091 I=64 rep 572: frozen gen 305 pcc 1.000 sep_end 0 first_sep -1 tag None (0.3s; 7113s total)
nat cheap None mN=1.091 I=64 rep 565: unresolved gen 100000 pcc 0.980 sep_end 1 first_sep 120 tag None (61.6s; 7127s total)
nat above None mN=1.091 I=64 rep 573: frozen gen 315 pcc 1.000 sep_end 0 first_sep -1 tag None (0.2s; 7127s total)
nat cheap None mN=1.091 I=64 rep 573: unresolved gen 100000 pcc 0.992 sep_end 1 first_sep 70 tag None (35.1s; 7163s total)
nat above None mN=1.091 I=64 rep 574: frozen gen 255 pcc 1.000 sep_end 0 first_sep -1 tag None (0.2s; 7163s total)
nat cheap None mN=1.091 I=64 rep 572: unresolved gen 100000 pcc 0.981 sep_end 1 first_sep 75 tag None (53.3s; 7167s total)
nat above None mN=1.091 I=64 rep 575: frozen gen 295 pcc 1.000 sep_end 0 first_sep -1 tag None (0.3s; 7167s total)
nat cheap None mN=1.091 I=64 rep 575: frozen gen 320 pcc 1.000 sep_end 0 first_sep -1 tag None (0.3s; 7167s total)
nat above None mN=1.091 I=64 rep 576: frozen gen 360 pcc 1.000 sep_end 0 first_sep -1 tag None (0.3s; 7167s total)
nat cheap None mN=1.091 I=64 rep 570: unresolved gen 100000 pcc 0.977 sep_end 3 first_sep 85 tag None (63.8s; 7175s total)
nat above None mN=1.091 I=64 rep 577: frozen gen 305 pcc 1.000 sep_end 0 first_sep -1 tag None (0.3s; 7175s total)
nat cheap None mN=1.091 I=64 rep 574: unresolved gen 100000 pcc 0.985 sep_end 1 first_sep 85 tag None (38.7s; 7201s total)
nat above None mN=1.091 I=64 rep 578: frozen gen 275 pcc 1.000 sep_end 0 first_sep -1 tag None (0.3s; 7202s total)
nat cheap None mN=1.091 I=64 rep 578: frozen gen 430 pcc 1.000 sep_end 0 first_sep -1 tag None (0.3s; 7202s total)
nat above None mN=1.091 I=64 rep 579: frozen gen 355 pcc 1.000 sep_end 0 first_sep -1 tag None (0.4s; 7203s total)
nat cheap None mN=1.091 I=64 rep 577: unresolved gen 100000 pcc 0.982 sep_end 1 first_sep 90 tag None (47.7s; 7223s total)
nat above None mN=1.091 I=64 rep 580: frozen gen 310 pcc 1.000 sep_end 0 first_sep -1 tag None (0.3s; 7223s total)
nat cheap None mN=1.091 I=64 rep 580: frozen gen 2100 pcc 1.000 sep_end 0 first_sep 75 tag None (2.0s; 7225s total)
nat above None mN=1.091 I=64 rep 581: frozen gen 265 pcc 1.000 sep_end 0 first_sep -1 tag None (0.3s; 7225s total)
nat cheap None mN=1.091 I=64 rep 576: unresolved gen 100000 pcc 0.973 sep_end 3 first_sep 90 tag None (71.8s; 7239s total)
nat above None mN=1.091 I=64 rep 582: frozen gen 220 pcc 1.000 sep_end 0 first_sep -1 tag None (0.2s; 7239s total)
nat cheap None mN=1.091 I=64 rep 579: unresolved gen 100000 pcc 0.979 sep_end 1 first_sep 65 tag None (63.6s; 7266s total)
nat above None mN=1.091 I=64 rep 583: frozen gen 300 pcc 1.000 sep_end 0 first_sep -1 tag None (0.3s; 7266s total)
nat cheap None mN=1.091 I=64 rep 582: unresolved gen 100000 pcc 0.985 sep_end 3 first_sep 80 tag None (38.7s; 7278s total)
nat above None mN=1.091 I=64 rep 584: frozen gen 295 pcc 1.000 sep_end 0 first_sep -1 tag None (0.3s; 7279s total)
nat cheap None mN=1.091 I=64 rep 584: frozen gen 320 pcc 1.000 sep_end 0 first_sep -1 tag None (0.3s; 7279s total)
nat above None mN=1.091 I=64 rep 585: frozen gen 280 pcc 1.000 sep_end 0 first_sep -1 tag None (0.3s; 7279s total)
nat cheap None mN=1.091 I=64 rep 581: unresolved gen 100000 pcc 0.980 sep_end 1 first_sep 90 tag None (61.3s; 7286s total)
nat above None mN=1.091 I=64 rep 586: frozen gen 245 pcc 1.000 sep_end 0 first_sep -1 tag None (0.2s; 7287s total)
nat cheap None mN=1.091 I=64 rep 585: unresolved gen 100000 pcc 0.988 sep_end 3 first_sep 70 tag None (39.7s; 7319s total)
nat above None mN=1.091 I=64 rep 587: frozen gen 345 pcc 1.000 sep_end 0 first_sep -1 tag None (0.3s; 7319s total)
nat cheap None mN=1.091 I=64 rep 586: unresolved gen 100000 pcc 0.991 sep_end 1 first_sep 110 tag None (33.0s; 7320s total)
nat above None mN=1.091 I=64 rep 588: frozen gen 255 pcc 1.000 sep_end 0 first_sep -1 tag None (0.2s; 7320s total)
nat cheap None mN=1.091 I=64 rep 583: unresolved gen 100000 pcc 0.972 sep_end 3 first_sep 75 tag None (71.2s; 7338s total)
nat above None mN=1.091 I=64 rep 589: frozen gen 300 pcc 1.000 sep_end 0 first_sep -1 tag None (0.3s; 7338s total)
nat cheap None mN=1.091 I=64 rep 587: unresolved gen 100000 pcc 0.993 sep_end 1 first_sep 95 tag None (24.6s; 7344s total)
nat above None mN=1.091 I=64 rep 590: frozen gen 275 pcc 1.000 sep_end 0 first_sep -1 tag None (0.3s; 7344s total)
nat cheap None mN=1.091 I=64 rep 590: frozen gen 265 pcc 1.000 sep_end 0 first_sep -1 tag None (0.3s; 7344s total)
nat above None mN=1.091 I=64 rep 591: frozen gen 235 pcc 1.000 sep_end 0 first_sep -1 tag None (0.2s; 7345s total)
nat cheap None mN=1.091 I=64 rep 588: unresolved gen 100000 pcc 0.991 sep_end 3 first_sep 60 tag None (28.2s; 7348s total)
nat above None mN=1.091 I=64 rep 592: frozen gen 295 pcc 1.000 sep_end 0 first_sep -1 tag None (0.2s; 7349s total)
nat cheap None mN=1.091 I=64 rep 589: unresolved gen 100000 pcc 0.993 sep_end 1 first_sep 65 tag None (14.8s; 7353s total)
nat above None mN=1.091 I=64 rep 593: frozen gen 380 pcc 1.000 sep_end 0 first_sep -1 tag None (0.3s; 7353s total)
nat cheap None mN=1.091 I=64 rep 593: frozen gen 590 pcc 1.000 sep_end 0 first_sep 70 tag None (0.4s; 7353s total)
nat above None mN=1.091 I=64 rep 594: frozen gen 365 pcc 1.000 sep_end 0 first_sep -1 tag None (0.4s; 7354s total)
nat cheap None mN=1.091 I=64 rep 594: frozen gen 755 pcc 1.000 sep_end 0 first_sep 150 tag None (0.9s; 7355s total)
nat above None mN=1.091 I=64 rep 595: frozen gen 295 pcc 1.000 sep_end 0 first_sep -1 tag None (0.3s; 7355s total)
nat cheap None mN=1.091 I=64 rep 595: frozen gen 1120 pcc 1.000 sep_end 0 first_sep 120 tag None (1.3s; 7356s total)
nat above None mN=1.091 I=64 rep 596: frozen gen 340 pcc 1.000 sep_end 0 first_sep -1 tag None (0.3s; 7357s total)
nat cheap None mN=1.091 I=64 rep 596: frozen gen 820 pcc 1.000 sep_end 0 first_sep 65 tag None (0.9s; 7357s total)
nat above None mN=1.091 I=64 rep 597: frozen gen 265 pcc 1.000 sep_end 0 first_sep 130 tag None (0.3s; 7358s total)
nat cheap None mN=1.091 I=64 rep 597: frozen gen 365 pcc 1.000 sep_end 0 first_sep 200 tag None (0.4s; 7358s total)
nat above None mN=1.091 I=64 rep 598: frozen gen 410 pcc 1.000 sep_end 0 first_sep -1 tag None (0.3s; 7359s total)
nat cheap None mN=1.091 I=64 rep 598: frozen gen 1225 pcc 1.000 sep_end 0 first_sep 120 tag None (1.3s; 7360s total)
nat above None mN=1.091 I=64 rep 599: frozen gen 345 pcc 1.000 sep_end 0 first_sep -1 tag None (0.3s; 7360s total)
nat cheap None mN=1.091 I=64 rep 591: unresolved gen 100000 pcc 0.991 sep_end 1 first_sep 110 tag None (33.3s; 7378s total)
nat above None mN=1.091 I=64 rep 600: frozen gen 265 pcc 1.000 sep_end 0 first_sep -1 tag None (0.3s; 7378s total)
nat cheap None mN=1.091 I=64 rep 600: frozen gen 1295 pcc 1.000 sep_end 0 first_sep 50 tag None (0.8s; 7379s total)
nat above None mN=1.091 I=64 rep 601: frozen gen 265 pcc 1.000 sep_end 0 first_sep -1 tag None (0.3s; 7379s total)
nat cheap None mN=1.091 I=64 rep 599: unresolved gen 100000 pcc 0.992 sep_end 3 first_sep 85 tag None (33.4s; 7394s total)
nat above None mN=1.091 I=64 rep 602: frozen gen 400 pcc 1.000 sep_end 0 first_sep -1 tag None (0.3s; 7394s total)
nat cheap None mN=1.091 I=64 rep 592: unresolved gen 100000 pcc 0.980 sep_end 1 first_sep 105 tag None (53.7s; 7402s total)
nat above None mN=1.091 I=64 rep 603: frozen gen 395 pcc 1.000 sep_end 0 first_sep -1 tag None (0.5s; 7403s total)
nat cheap None mN=1.091 I=64 rep 603: unresolved gen 100000 pcc 0.996 sep_end 1 first_sep 105 tag None (19.7s; 7422s total)
nat above None mN=1.091 I=64 rep 604: frozen gen 230 pcc 1.000 sep_end 0 first_sep -1 tag None (0.2s; 7423s total)
nat cheap None mN=1.091 I=64 rep 604: unresolved gen 100000 pcc 0.998 sep_end 1 first_sep 100 tag None (13.0s; 7436s total)
nat above None mN=1.091 I=64 rep 605: frozen gen 315 pcc 1.000 sep_end 0 first_sep -1 tag None (0.3s; 7436s total)
nat cheap None mN=1.091 I=64 rep 601: unresolved gen 100000 pcc 0.982 sep_end 1 first_sep 95 tag None (63.0s; 7442s total)
nat above None mN=1.091 I=64 rep 606: frozen gen 330 pcc 1.000 sep_end 0 first_sep -1 tag None (0.3s; 7443s total)
nat cheap None mN=1.091 I=64 rep 602: unresolved gen 100000 pcc 0.976 sep_end 1 first_sep 65 tag None (61.4s; 7455s total)
nat above None mN=1.091 I=64 rep 607: frozen gen 330 pcc 1.000 sep_end 0 first_sep -1 tag None (0.3s; 7456s total)
nat cheap None mN=1.091 I=64 rep 605: unresolved gen 100000 pcc 0.981 sep_end 1 first_sep 125 tag None (46.9s; 7483s total)
nat above None mN=1.091 I=64 rep 608: frozen gen 300 pcc 1.000 sep_end 0 first_sep -1 tag None (0.2s; 7483s total)
nat cheap None mN=1.091 I=64 rep 608: frozen gen 2100 pcc 1.000 sep_end 0 first_sep 55 tag None (2.4s; 7486s total)
nat above None mN=1.091 I=64 rep 609: frozen gen 300 pcc 1.000 sep_end 0 first_sep -1 tag None (0.3s; 7486s total)
nat cheap None mN=1.091 I=64 rep 607: unresolved gen 100000 pcc 0.977 sep_end 1 first_sep 85 tag None (53.6s; 7509s total)
nat above None mN=1.091 I=64 rep 610: frozen gen 345 pcc 1.000 sep_end 0 first_sep -1 tag None (0.2s; 7509s total)
nat cheap None mN=1.091 I=64 rep 610: frozen gen 350 pcc 1.000 sep_end 0 first_sep -1 tag None (0.3s; 7510s total)
nat cheap None mN=1.091 I=64 rep 606: unresolved gen 100000 pcc 0.980 sep_end 3 first_sep 100 tag None (67.4s; 7510s total)
nat above None mN=1.091 I=64 rep 611: frozen gen 310 pcc 1.000 sep_end 0 first_sep -1 tag None (0.3s; 7510s total)
nat above None mN=1.091 I=64 rep 612: frozen gen 305 pcc 1.000 sep_end 0 first_sep -1 tag None (0.3s; 7510s total)
nat cheap None mN=1.091 I=64 rep 609: unresolved gen 100000 pcc 0.973 sep_end 3 first_sep 85 tag None (68.4s; 7554s total)
nat above None mN=1.091 I=64 rep 613: frozen gen 330 pcc 1.000 sep_end 0 first_sep -1 tag None (0.3s; 7555s total)
nat cheap None mN=1.091 I=64 rep 611: unresolved gen 100000 pcc 0.979 sep_end 1 first_sep 100 tag None (61.9s; 7572s total)
nat above None mN=1.091 I=64 rep 614: frozen gen 310 pcc 1.000 sep_end 0 first_sep -1 tag None (0.3s; 7572s total)
nat cheap None mN=1.091 I=64 rep 612: unresolved gen 100000 pcc 0.983 sep_end 1 first_sep 80 tag None (62.5s; 7573s total)
nat above None mN=1.091 I=64 rep 615: frozen gen 365 pcc 1.000 sep_end 0 first_sep -1 tag None (0.4s; 7573s total)
nat cheap None mN=1.091 I=64 rep 615: frozen gen 660 pcc 1.000 sep_end 0 first_sep 135 tag None (0.7s; 7574s total)
nat above None mN=1.091 I=64 rep 616: frozen gen 305 pcc 1.000 sep_end 0 first_sep -1 tag None (0.3s; 7574s total)
nat cheap None mN=1.091 I=64 rep 616: unresolved gen 100000 pcc 0.989 sep_end 1 first_sep 60 tag None (41.8s; 7616s total)
nat above None mN=1.091 I=64 rep 617: frozen gen 280 pcc 1.000 sep_end 0 first_sep -1 tag None (0.3s; 7616s total)
nat cheap None mN=1.091 I=64 rep 617: frozen gen 315 pcc 1.000 sep_end 0 first_sep -1 tag None (0.3s; 7617s total)
nat above None mN=1.091 I=64 rep 618: frozen gen 270 pcc 1.000 sep_end 0 first_sep -1 tag None (0.2s; 7617s total)
nat cheap None mN=1.091 I=64 rep 613: unresolved gen 100000 pcc 0.983 sep_end 1 first_sep 70 tag None (62.8s; 7617s total)
nat above None mN=1.091 I=64 rep 619: frozen gen 290 pcc 1.000 sep_end 0 first_sep -1 tag None (0.3s; 7618s total)
nat cheap None mN=1.091 I=64 rep 618: frozen gen 2100 pcc 1.000 sep_end 0 first_sep 165 tag None (2.3s; 7619s total)
nat above None mN=1.091 I=64 rep 620: frozen gen 370 pcc 1.000 sep_end 0 first_sep -1 tag None (0.3s; 7619s total)
nat cheap None mN=1.091 I=64 rep 614: unresolved gen 100000 pcc 0.984 sep_end 1 first_sep 65 tag None (54.1s; 7626s total)
nat above None mN=1.091 I=64 rep 621: frozen gen 385 pcc 1.000 sep_end 0 first_sep -1 tag None (0.3s; 7627s total)
nat cheap None mN=1.091 I=64 rep 619: unresolved gen 100000 pcc 0.989 sep_end 1 first_sep 90 tag None (26.8s; 7645s total)
nat above None mN=1.091 I=64 rep 622: frozen gen 350 pcc 1.000 sep_end 0 first_sep -1 tag None (0.3s; 7645s total)
nat cheap None mN=1.091 I=64 rep 620: unresolved gen 100000 pcc 0.984 sep_end 1 first_sep 85 tag None (56.8s; 7676s total)
nat above None mN=1.091 I=64 rep 623: frozen gen 275 pcc 1.000 sep_end 0 first_sep -1 tag None (0.3s; 7677s total)
nat cheap None mN=1.091 I=64 rep 621: unresolved gen 100000 pcc 0.985 sep_end 1 first_sep 80 tag None (58.0s; 7685s total)
nat above None mN=1.091 I=64 rep 624: frozen gen 285 pcc 1.000 sep_end 0 first_sep -1 tag None (0.3s; 7685s total)
nat cheap None mN=1.091 I=64 rep 623: unresolved gen 100000 pcc 1.000 sep_end 1 first_sep 115 tag None (9.0s; 7685s total)
nat above None mN=1.091 I=64 rep 625: frozen gen 270 pcc 1.000 sep_end 0 first_sep -1 tag None (0.2s; 7686s total)
nat cheap None mN=1.091 I=64 rep 622: unresolved gen 100000 pcc 0.981 sep_end 1 first_sep 60 tag None (61.0s; 7706s total)
nat above None mN=1.091 I=64 rep 626: frozen gen 265 pcc 1.000 sep_end 0 first_sep -1 tag None (0.2s; 7706s total)
nat cheap None mN=1.091 I=64 rep 625: unresolved gen 100000 pcc 0.974 sep_end 1 first_sep 90 tag None (62.1s; 7748s total)
nat cheap None mN=1.091 I=64 rep 624: unresolved gen 100000 pcc 0.977 sep_end 1 first_sep 110 tag None (63.0s; 7748s total)
nat above None mN=1.091 I=64 rep 627: frozen gen 300 pcc 1.000 sep_end 0 first_sep -1 tag None (0.3s; 7748s total)
nat above None mN=1.091 I=64 rep 628: frozen gen 300 pcc 1.000 sep_end 0 first_sep 160 tag None (0.4s; 7749s total)
nat cheap None mN=1.091 I=64 rep 626: unresolved gen 100000 pcc 0.988 sep_end 3 first_sep 125 tag None (42.5s; 7749s total)
nat above None mN=1.091 I=64 rep 629: frozen gen 275 pcc 1.000 sep_end 0 first_sep -1 tag None (0.2s; 7749s total)
nat cheap None mN=1.091 I=64 rep 627: unresolved gen 100000 pcc 0.999 sep_end 1 first_sep 90 tag None (9.0s; 7757s total)
nat above None mN=1.091 I=64 rep 630: frozen gen 365 pcc 1.000 sep_end 0 first_sep -1 tag None (0.3s; 7757s total)
nat cheap None mN=1.091 I=64 rep 630: frozen gen 375 pcc 1.000 sep_end 0 first_sep -1 tag None (0.3s; 7758s total)
nat above None mN=1.091 I=64 rep 631: frozen gen 290 pcc 1.000 sep_end 0 first_sep -1 tag None (0.3s; 7758s total)
nat cheap None mN=1.091 I=64 rep 631: frozen gen 380 pcc 1.000 sep_end 0 first_sep -1 tag None (0.4s; 7758s total)
nat above None mN=1.091 I=64 rep 632: frozen gen 290 pcc 1.000 sep_end 0 first_sep -1 tag None (0.2s; 7759s total)
nat cheap None mN=1.091 I=64 rep 632: unresolved gen 100000 pcc 0.991 sep_end 1 first_sep 90 tag None (38.7s; 7797s total)
nat above None mN=1.091 I=64 rep 633: frozen gen 290 pcc 1.000 sep_end 0 first_sep -1 tag None (0.3s; 7798s total)
nat cheap None mN=1.091 I=64 rep 628: unresolved gen 100000 pcc 0.980 sep_end 1 first_sep 95 tag None (56.7s; 7805s total)
nat above None mN=1.091 I=64 rep 634: frozen gen 280 pcc 1.000 sep_end 0 first_sep -1 tag None (0.2s; 7806s total)
nat cheap None mN=1.091 I=64 rep 629: unresolved gen 100000 pcc 0.975 sep_end 1 first_sep 60 tag None (62.6s; 7811s total)
nat above None mN=1.091 I=64 rep 635: frozen gen 325 pcc 1.000 sep_end 0 first_sep -1 tag None (0.3s; 7812s total)
nat cheap None mN=1.091 I=64 rep 633: unresolved gen 100000 pcc 0.987 sep_end 1 first_sep 125 tag None (34.6s; 7832s total)
nat above None mN=1.091 I=64 rep 636: frozen gen 290 pcc 1.000 sep_end 0 first_sep -1 tag None (0.3s; 7832s total)
nat cheap None mN=1.091 I=64 rep 634: unresolved gen 100000 pcc 0.989 sep_end 1 first_sep 70 tag None (32.2s; 7838s total)
nat above None mN=1.091 I=64 rep 637: frozen gen 280 pcc 1.000 sep_end 0 first_sep -1 tag None (0.3s; 7838s total)
nat cheap None mN=1.091 I=64 rep 635: unresolved gen 100000 pcc 0.978 sep_end 3 first_sep 75 tag None (57.4s; 7869s total)
nat above None mN=1.091 I=64 rep 638: frozen gen 265 pcc 1.000 sep_end 0 first_sep -1 tag None (0.3s; 7869s total)
nat cheap None mN=1.091 I=64 rep 638: frozen gen 805 pcc 1.000 sep_end 0 first_sep 60 tag None (0.7s; 7870s total)
nat above None mN=1.091 I=64 rep 639: frozen gen 305 pcc 1.000 sep_end 0 first_sep -1 tag None (0.3s; 7870s total)
nat cheap None mN=1.091 I=64 rep 636: unresolved gen 100000 pcc 0.982 sep_end 1 first_sep 115 tag None (57.5s; 7890s total)
nat above None mN=1.091 I=64 rep 640: frozen gen 345 pcc 1.000 sep_end 0 first_sep -1 tag None (0.3s; 7890s total)
nat cheap None mN=1.091 I=64 rep 637: unresolved gen 100000 pcc 0.976 sep_end 1 first_sep 50 tag None (62.1s; 7900s total)
nat above None mN=1.091 I=64 rep 641: frozen gen 325 pcc 1.000 sep_end 0 first_sep -1 tag None (0.3s; 7901s total)
nat cheap None mN=1.091 I=64 rep 641: frozen gen 340 pcc 1.000 sep_end 0 first_sep 125 tag None (0.3s; 7901s total)
nat above None mN=1.091 I=64 rep 642: frozen gen 300 pcc 1.000 sep_end 0 first_sep -1 tag None (0.2s; 7901s total)
nat cheap None mN=1.091 I=64 rep 642: frozen gen 275 pcc 1.000 sep_end 0 first_sep -1 tag None (0.2s; 7901s total)
nat above None mN=1.091 I=64 rep 643: frozen gen 265 pcc 1.000 sep_end 0 first_sep -1 tag None (0.2s; 7902s total)
nat cheap None mN=1.091 I=64 rep 643: frozen gen 305 pcc 1.000 sep_end 0 first_sep -1 tag None (0.2s; 7902s total)
nat above None mN=1.091 I=64 rep 644: frozen gen 280 pcc 1.000 sep_end 0 first_sep -1 tag None (0.3s; 7902s total)
nat cheap None mN=1.091 I=64 rep 639: unresolved gen 100000 pcc 0.978 sep_end 1 first_sep 60 tag None (64.2s; 7935s total)
nat above None mN=1.091 I=64 rep 645: frozen gen 285 pcc 1.000 sep_end 0 first_sep -1 tag None (0.3s; 7935s total)
nat cheap None mN=1.091 I=64 rep 640: unresolved gen 100000 pcc 0.984 sep_end 1 first_sep 105 tag None (45.6s; 7936s total)
nat above None mN=1.091 I=64 rep 646: frozen gen 320 pcc 1.000 sep_end 0 first_sep -1 tag None (0.3s; 7936s total)
nat cheap None mN=1.091 I=64 rep 646: frozen gen 380 pcc 1.000 sep_end 0 first_sep -1 tag None (0.3s; 7936s total)
nat above None mN=1.091 I=64 rep 647: frozen gen 320 pcc 1.000 sep_end 0 first_sep -1 tag None (0.3s; 7937s total)
nat cheap None mN=1.091 I=64 rep 647: frozen gen 1370 pcc 1.000 sep_end 0 first_sep 100 tag None (1.6s; 7938s total)
nat above None mN=1.091 I=64 rep 648: frozen gen 375 pcc 1.000 sep_end 0 first_sep -1 tag None (0.4s; 7939s total)
nat cheap None mN=1.091 I=64 rep 644: unresolved gen 100000 pcc 0.980 sep_end 1 first_sep 80 tag None (63.4s; 7966s total)
nat above None mN=1.091 I=64 rep 649: frozen gen 275 pcc 1.000 sep_end 0 first_sep -1 tag None (0.2s; 7966s total)
nat cheap None mN=1.091 I=64 rep 649: frozen gen 275 pcc 1.000 sep_end 0 first_sep -1 tag None (0.2s; 7966s total)
nat above None mN=1.091 I=64 rep 650: frozen gen 275 pcc 1.000 sep_end 0 first_sep -1 tag None (0.2s; 7966s total)
nat cheap None mN=1.091 I=64 rep 648: unresolved gen 100000 pcc 0.992 sep_end 1 first_sep 115 tag None (33.1s; 7972s total)
nat above None mN=1.091 I=64 rep 651: frozen gen 260 pcc 1.000 sep_end 0 first_sep -1 tag None (0.2s; 7972s total)
nat cheap None mN=1.091 I=64 rep 650: unresolved gen 100000 pcc 0.993 sep_end 1 first_sep 175 tag None (26.7s; 7993s total)
nat above None mN=1.091 I=64 rep 652: frozen gen 300 pcc 1.000 sep_end 0 first_sep -1 tag None (0.3s; 7993s total)
nat cheap None mN=1.091 I=64 rep 645: unresolved gen 100000 pcc 0.982 sep_end 1 first_sep 70 tag None (62.5s; 7997s total)
nat above None mN=1.091 I=64 rep 653: frozen gen 260 pcc 1.000 sep_end 0 first_sep -1 tag None (0.3s; 7998s total)
nat cheap None mN=1.091 I=64 rep 652: unresolved gen 100000 pcc 0.995 sep_end 1 first_sep 90 tag None (12.8s; 8006s total)
nat above None mN=1.091 I=64 rep 654: frozen gen 285 pcc 1.000 sep_end 0 first_sep -1 tag None (0.3s; 8006s total)
nat cheap None mN=1.091 I=64 rep 654: frozen gen 675 pcc 1.000 sep_end 0 first_sep 90 tag None (0.8s; 8007s total)
nat above None mN=1.091 I=64 rep 655: frozen gen 300 pcc 1.000 sep_end 0 first_sep -1 tag None (0.3s; 8008s total)
nat cheap None mN=1.091 I=64 rep 655: frozen gen 245 pcc 1.000 sep_end 0 first_sep -1 tag None (0.2s; 8008s total)
nat above None mN=1.091 I=64 rep 656: frozen gen 285 pcc 1.000 sep_end 0 first_sep -1 tag None (0.3s; 8008s total)
nat cheap None mN=1.091 I=64 rep 651: unresolved gen 100000 pcc 0.987 sep_end 1 first_sep 65 tag None (44.0s; 8016s total)
nat above None mN=1.091 I=64 rep 657: frozen gen 330 pcc 1.000 sep_end 0 first_sep -1 tag None (0.3s; 8016s total)
nat cheap None mN=1.091 I=64 rep 657: frozen gen 310 pcc 1.000 sep_end 0 first_sep -1 tag None (0.3s; 8017s total)
nat above None mN=1.091 I=64 rep 658: frozen gen 290 pcc 1.000 sep_end 0 first_sep -1 tag None (0.3s; 8017s total)
nat cheap None mN=1.091 I=64 rep 658: frozen gen 295 pcc 1.000 sep_end 0 first_sep -1 tag None (0.3s; 8017s total)
nat above None mN=1.091 I=64 rep 659: frozen gen 340 pcc 1.000 sep_end 0 first_sep -1 tag None (0.2s; 8017s total)
nat cheap None mN=1.091 I=64 rep 653: unresolved gen 100000 pcc 0.989 sep_end 1 first_sep 115 tag None (32.0s; 8030s total)
nat above None mN=1.091 I=64 rep 660: frozen gen 290 pcc 1.000 sep_end 0 first_sep -1 tag None (0.3s; 8030s total)
nat cheap None mN=1.091 I=64 rep 660: frozen gen 1190 pcc 1.000 sep_end 0 first_sep 100 tag None (1.1s; 8031s total)
nat above None mN=1.091 I=64 rep 661: frozen gen 325 pcc 1.000 sep_end 0 first_sep -1 tag None (0.3s; 8031s total)
nat cheap None mN=1.091 I=64 rep 661: frozen gen 305 pcc 1.000 sep_end 0 first_sep -1 tag None (0.3s; 8032s total)
nat above None mN=1.091 I=64 rep 662: frozen gen 305 pcc 1.000 sep_end 0 first_sep -1 tag None (0.3s; 8032s total)
nat cheap None mN=1.091 I=64 rep 662: frozen gen 280 pcc 1.000 sep_end 0 first_sep -1 tag None (0.3s; 8032s total)
nat above None mN=1.091 I=64 rep 663: frozen gen 245 pcc 1.000 sep_end 0 first_sep -1 tag None (0.2s; 8032s total)
nat cheap None mN=1.091 I=64 rep 663: frozen gen 1800 pcc 1.000 sep_end 0 first_sep 70 tag None (1.9s; 8034s total)
nat above None mN=1.091 I=64 rep 664: frozen gen 380 pcc 1.000 sep_end 0 first_sep -1 tag None (0.4s; 8035s total)
nat cheap None mN=1.091 I=64 rep 664: unresolved gen 100000 pcc 0.994 sep_end 1 first_sep 100 tag None (23.5s; 8058s total)
nat above None mN=1.091 I=64 rep 665: frozen gen 400 pcc 1.000 sep_end 0 first_sep -1 tag None (0.3s; 8059s total)
nat cheap None mN=1.091 I=64 rep 656: unresolved gen 100000 pcc 0.987 sep_end 3 first_sep 105 tag None (51.0s; 8059s total)
nat above None mN=1.091 I=64 rep 666: frozen gen 275 pcc 1.000 sep_end 0 first_sep 100 tag None (0.3s; 8059s total)
nat cheap None mN=1.091 I=64 rep 659: unresolved gen 100000 pcc 0.985 sep_end 1 first_sep 95 tag None (49.7s; 8067s total)
nat above None mN=1.091 I=64 rep 667: frozen gen 275 pcc 1.000 sep_end 0 first_sep -1 tag None (0.2s; 8067s total)
nat cheap None mN=1.091 I=64 rep 666: unresolved gen 100000 pcc 0.989 sep_end 1 first_sep 145 tag None (23.7s; 8083s total)
nat above None mN=1.091 I=64 rep 668: frozen gen 380 pcc 1.000 sep_end 0 first_sep -1 tag None (0.4s; 8084s total)
nat cheap None mN=1.091 I=64 rep 665: unresolved gen 100000 pcc 0.988 sep_end 1 first_sep 85 tag None (34.9s; 8094s total)
nat above None mN=1.091 I=64 rep 669: frozen gen 365 pcc 1.000 sep_end 0 first_sep -1 tag None (0.3s; 8094s total)
nat cheap None mN=1.091 I=64 rep 669: unresolved gen 100000 pcc 0.988 sep_end 3 first_sep 65 tag None (42.3s; 8136s total)
nat above None mN=1.091 I=64 rep 670: frozen gen 310 pcc 1.000 sep_end 0 first_sep -1 tag None (0.2s; 8136s total)
nat cheap None mN=1.091 I=64 rep 667: unresolved gen 100000 pcc 0.974 sep_end 3 first_sep 85 tag None (71.2s; 8139s total)
nat above None mN=1.091 I=64 rep 671: frozen gen 335 pcc 1.000 sep_end 0 first_sep -1 tag None (0.3s; 8139s total)
nat cheap None mN=1.091 I=64 rep 668: unresolved gen 100000 pcc 0.975 sep_end 3 first_sep 80 tag None (74.2s; 8158s total)
nat above None mN=1.091 I=64 rep 672: frozen gen 340 pcc 1.000 sep_end 0 first_sep -1 tag None (0.2s; 8158s total)
nat cheap None mN=1.091 I=64 rep 670: unresolved gen 100000 pcc 0.995 sep_end 1 first_sep 115 tag None (34.1s; 8171s total)
nat above None mN=1.091 I=64 rep 673: frozen gen 310 pcc 1.000 sep_end 0 first_sep -1 tag None (0.4s; 8171s total)
nat cheap None mN=1.091 I=64 rep 673: frozen gen 2400 pcc 1.000 sep_end 0 first_sep 85 tag None (2.1s; 8173s total)
nat above None mN=1.091 I=64 rep 674: frozen gen 275 pcc 1.000 sep_end 0 first_sep -1 tag None (0.3s; 8173s total)
nat cheap None mN=1.091 I=64 rep 671: unresolved gen 100000 pcc 0.987 sep_end 1 first_sep 80 tag None (43.9s; 8183s total)
nat above None mN=1.091 I=64 rep 675: frozen gen 270 pcc 1.000 sep_end 0 first_sep -1 tag None (0.3s; 8183s total)
nat cheap None mN=1.091 I=64 rep 674: unresolved gen 100000 pcc 0.997 sep_end 1 first_sep 185 tag None (13.0s; 8186s total)
nat above None mN=1.091 I=64 rep 676: frozen gen 285 pcc 1.000 sep_end 0 first_sep -1 tag None (0.2s; 8187s total)
nat cheap None mN=1.091 I=64 rep 676: frozen gen 335 pcc 1.000 sep_end 0 first_sep -1 tag None (0.3s; 8187s total)
nat above None mN=1.091 I=64 rep 677: frozen gen 370 pcc 1.000 sep_end 0 first_sep -1 tag None (0.3s; 8187s total)
nat cheap None mN=1.091 I=64 rep 677: frozen gen 2800 pcc 1.000 sep_end 0 first_sep 140 tag None (2.2s; 8189s total)
nat above None mN=1.091 I=64 rep 678: frozen gen 360 pcc 1.000 sep_end 0 first_sep -1 tag None (0.4s; 8190s total)
nat cheap None mN=1.091 I=64 rep 675: unresolved gen 100000 pcc 0.995 sep_end 1 first_sep 90 tag None (27.0s; 8210s total)
nat above None mN=1.091 I=64 rep 679: frozen gen 335 pcc 1.000 sep_end 0 first_sep -1 tag None (0.3s; 8210s total)
nat cheap None mN=1.091 I=64 rep 672: unresolved gen 100000 pcc 0.977 sep_end 3 first_sep 70 tag None (69.0s; 8227s total)
nat above None mN=1.091 I=64 rep 680: frozen gen 415 pcc 1.000 sep_end 0 first_sep -1 tag None (0.5s; 8228s total)
nat cheap None mN=1.091 I=64 rep 678: unresolved gen 100000 pcc 0.987 sep_end 1 first_sep 80 tag None (39.4s; 8229s total)
nat above None mN=1.091 I=64 rep 681: frozen gen 295 pcc 1.000 sep_end 0 first_sep -1 tag None (0.3s; 8229s total)
nat cheap None mN=1.091 I=64 rep 679: unresolved gen 100000 pcc 0.978 sep_end 1 first_sep 105 tag None (63.5s; 8274s total)
nat above None mN=1.091 I=64 rep 682: frozen gen 275 pcc 1.000 sep_end 0 first_sep -1 tag None (0.3s; 8274s total)
nat cheap None mN=1.091 I=64 rep 680: unresolved gen 100000 pcc 0.979 sep_end 1 first_sep 145 tag None (59.9s; 8287s total)
nat above None mN=1.091 I=64 rep 683: frozen gen 310 pcc 1.000 sep_end 0 first_sep -1 tag None (0.3s; 8288s total)
nat cheap None mN=1.091 I=64 rep 681: unresolved gen 100000 pcc 0.975 sep_end 3 first_sep 95 tag None (70.8s; 8300s total)
nat above None mN=1.091 I=64 rep 684: frozen gen 320 pcc 1.000 sep_end 0 first_sep -1 tag None (0.2s; 8300s total)
nat cheap None mN=1.091 I=64 rep 682: unresolved gen 100000 pcc 0.975 sep_end 1 first_sep 75 tag None (63.6s; 8338s total)
nat above None mN=1.091 I=64 rep 685: frozen gen 285 pcc 1.000 sep_end 0 first_sep -1 tag None (0.2s; 8338s total)
nat cheap None mN=1.091 I=64 rep 683: unresolved gen 100000 pcc 0.985 sep_end 1 first_sep 80 tag None (60.7s; 8348s total)
nat above None mN=1.091 I=64 rep 686: frozen gen 295 pcc 1.000 sep_end 0 first_sep -1 tag None (0.3s; 8349s total)
nat cheap None mN=1.091 I=64 rep 686: frozen gen 2175 pcc 1.000 sep_end 0 first_sep 160 tag None (1.8s; 8351s total)
nat above None mN=1.091 I=64 rep 687: frozen gen 265 pcc 1.000 sep_end 0 first_sep -1 tag None (0.3s; 8351s total)
nat cheap None mN=1.091 I=64 rep 684: unresolved gen 100000 pcc 0.977 sep_end 1 first_sep 70 tag None (63.2s; 8364s total)
nat above None mN=1.091 I=64 rep 688: frozen gen 310 pcc 1.000 sep_end 0 first_sep -1 tag None (0.3s; 8364s total)
nat cheap None mN=1.091 I=64 rep 685: unresolved gen 100000 pcc 0.981 sep_end 1 first_sep 90 tag None (64.3s; 8402s total)
nat above None mN=1.091 I=64 rep 689: frozen gen 300 pcc 1.000 sep_end 0 first_sep -1 tag None (0.3s; 8403s total)
nat cheap None mN=1.091 I=64 rep 687: unresolved gen 100000 pcc 0.978 sep_end 1 first_sep 80 tag None (52.0s; 8403s total)
nat above None mN=1.091 I=64 rep 690: frozen gen 285 pcc 1.000 sep_end 0 first_sep -1 tag None (0.3s; 8403s total)
nat cheap None mN=1.091 I=64 rep 688: unresolved gen 100000 pcc 0.984 sep_end 1 first_sep 85 tag None (46.4s; 8410s total)
nat above None mN=1.091 I=64 rep 691: frozen gen 330 pcc 1.000 sep_end 0 first_sep -1 tag None (0.4s; 8411s total)
nat cheap None mN=1.091 I=64 rep 689: unresolved gen 100000 pcc 0.986 sep_end 3 first_sep 85 tag None (33.4s; 8436s total)
nat above None mN=1.091 I=64 rep 692: frozen gen 345 pcc 1.000 sep_end 0 first_sep -1 tag None (0.3s; 8436s total)
nat cheap None mN=1.091 I=64 rep 690: unresolved gen 100000 pcc 0.987 sep_end 1 first_sep 80 tag None (46.5s; 8450s total)
nat above None mN=1.091 I=64 rep 693: frozen gen 340 pcc 1.000 sep_end 0 first_sep -1 tag None (0.4s; 8450s total)
nat cheap None mN=1.091 I=64 rep 692: unresolved gen 100000 pcc 0.991 sep_end 1 first_sep 105 tag None (28.1s; 8465s total)
nat above None mN=1.091 I=64 rep 694: frozen gen 275 pcc 1.000 sep_end 0 first_sep -1 tag None (0.2s; 8465s total)
nat cheap None mN=1.091 I=64 rep 691: unresolved gen 100000 pcc 0.977 sep_end 3 first_sep 80 tag None (70.9s; 8482s total)
nat above None mN=1.091 I=64 rep 695: frozen gen 330 pcc 1.000 sep_end 0 first_sep -1 tag None (0.3s; 8482s total)
nat cheap None mN=1.091 I=64 rep 695: frozen gen 315 pcc 1.000 sep_end 0 first_sep -1 tag None (0.3s; 8482s total)
nat above None mN=1.091 I=64 rep 696: frozen gen 260 pcc 1.000 sep_end 0 first_sep -1 tag None (0.2s; 8483s total)
nat cheap None mN=1.091 I=64 rep 696: frozen gen 400 pcc 1.000 sep_end 0 first_sep -1 tag None (0.3s; 8483s total)
nat above None mN=1.091 I=64 rep 697: frozen gen 280 pcc 1.000 sep_end 0 first_sep -1 tag None (0.3s; 8483s total)
nat cheap None mN=1.091 I=64 rep 693: unresolved gen 100000 pcc 0.983 sep_end 1 first_sep 85 tag None (44.0s; 8494s total)
nat above None mN=1.091 I=64 rep 698: frozen gen 285 pcc 1.000 sep_end 0 first_sep -1 tag None (0.3s; 8494s total)
nat cheap None mN=1.091 I=64 rep 698: frozen gen 2175 pcc 1.000 sep_end 0 first_sep 125 tag None (2.3s; 8497s total)
nat above None mN=1.091 I=64 rep 699: frozen gen 300 pcc 1.000 sep_end 0 first_sep -1 tag None (0.4s; 8497s total)
nat cheap None mN=1.091 I=64 rep 697: unresolved gen 100000 pcc 0.986 sep_end 1 first_sep 95 tag None (39.4s; 8523s total)
nat above None mN=1.091 I=64 rep 700: frozen gen 295 pcc 1.000 sep_end 0 first_sep -1 tag None (0.3s; 8523s total)
nat cheap None mN=1.091 I=64 rep 694: unresolved gen 100000 pcc 0.979 sep_end 3 first_sep 90 tag None (59.3s; 8524s total)
nat above None mN=1.091 I=64 rep 701: frozen gen 265 pcc 1.000 sep_end 0 first_sep -1 tag None (0.3s; 8524s total)
nat cheap None mN=1.091 I=64 rep 699: unresolved gen 100000 pcc 0.975 sep_end 1 first_sep 130 tag None (60.0s; 8557s total)
nat above None mN=1.091 I=64 rep 702: frozen gen 265 pcc 1.000 sep_end 0 first_sep -1 tag None (0.3s; 8557s total)
nat cheap None mN=1.091 I=64 rep 700: unresolved gen 100000 pcc 0.987 sep_end 1 first_sep 60 tag None (39.6s; 8562s total)
nat above None mN=1.091 I=64 rep 703: frozen gen 345 pcc 1.000 sep_end 0 first_sep -1 tag None (0.3s; 8563s total)
nat cheap None mN=1.091 I=64 rep 703: frozen gen 1280 pcc 1.000 sep_end 0 first_sep 65 tag None (1.4s; 8564s total)
nat above None mN=1.091 I=64 rep 704: frozen gen 370 pcc 1.000 sep_end 0 first_sep -1 tag None (0.3s; 8564s total)
nat cheap None mN=1.091 I=64 rep 701: unresolved gen 100000 pcc 0.975 sep_end 3 first_sep 75 tag None (64.5s; 8589s total)
nat above None mN=1.091 I=64 rep 705: frozen gen 245 pcc 1.000 sep_end 0 first_sep -1 tag None (0.3s; 8589s total)
nat cheap None mN=1.091 I=64 rep 705: frozen gen 285 pcc 1.000 sep_end 0 first_sep -1 tag None (0.3s; 8589s total)
nat above None mN=1.091 I=64 rep 706: frozen gen 300 pcc 1.000 sep_end 0 first_sep -1 tag None (0.3s; 8590s total)
nat cheap None mN=1.091 I=64 rep 706: frozen gen 1880 pcc 1.000 sep_end 0 first_sep 115 tag None (1.6s; 8591s total)
nat above None mN=1.091 I=64 rep 707: frozen gen 310 pcc 1.000 sep_end 0 first_sep -1 tag None (0.2s; 8591s total)
nat cheap None mN=1.091 I=64 rep 702: unresolved gen 100000 pcc 0.979 sep_end 3 first_sep 40 tag None (58.9s; 8616s total)
nat above None mN=1.091 I=64 rep 708: frozen gen 325 pcc 1.000 sep_end 0 first_sep -1 tag None (0.3s; 8617s total)
nat cheap None mN=1.091 I=64 rep 704: unresolved gen 100000 pcc 0.980 sep_end 1 first_sep 110 tag None (64.0s; 8628s total)
nat above None mN=1.091 I=64 rep 709: frozen gen 285 pcc 1.000 sep_end 0 first_sep -1 tag None (0.3s; 8629s total)
nat cheap None mN=1.091 I=64 rep 707: unresolved gen 100000 pcc 0.979 sep_end 3 first_sep 70 tag None (68.4s; 8660s total)
nat above None mN=1.091 I=64 rep 710: frozen gen 310 pcc 1.000 sep_end 0 first_sep -1 tag None (0.3s; 8660s total)
nat cheap None mN=1.091 I=64 rep 710: frozen gen 2350 pcc 1.000 sep_end 0 first_sep 135 tag None (1.7s; 8662s total)
nat above None mN=1.091 I=64 rep 711: frozen gen 305 pcc 1.000 sep_end 0 first_sep -1 tag None (0.3s; 8662s total)
nat cheap None mN=1.091 I=64 rep 708: unresolved gen 100000 pcc 0.976 sep_end 3 first_sep 90 tag None (67.0s; 8684s total)
nat above None mN=1.091 I=64 rep 712: frozen gen 305 pcc 1.000 sep_end 0 first_sep -1 tag None (0.3s; 8684s total)
nat cheap None mN=1.091 I=64 rep 712: frozen gen 290 pcc 1.000 sep_end 0 first_sep -1 tag None (0.2s; 8684s total)
nat above None mN=1.091 I=64 rep 713: frozen gen 280 pcc 1.000 sep_end 0 first_sep -1 tag None (0.2s; 8684s total)
nat cheap None mN=1.091 I=64 rep 709: unresolved gen 100000 pcc 0.982 sep_end 1 first_sep 65 tag None (62.7s; 8691s total)
nat above None mN=1.091 I=64 rep 714: frozen gen 340 pcc 1.000 sep_end 0 first_sep -1 tag None (0.3s; 8692s total)
nat cheap None mN=1.091 I=64 rep 714: frozen gen 820 pcc 1.000 sep_end 0 first_sep 85 tag None (1.0s; 8693s total)
nat above None mN=1.091 I=64 rep 715: frozen gen 315 pcc 1.000 sep_end 0 first_sep -1 tag None (0.2s; 8693s total)
nat cheap None mN=1.091 I=64 rep 711: unresolved gen 100000 pcc 0.978 sep_end 1 first_sep 65 tag None (64.1s; 8726s total)
nat above None mN=1.091 I=64 rep 716: frozen gen 330 pcc 1.000 sep_end 0 first_sep -1 tag None (0.4s; 8727s total)
nat cheap None mN=1.091 I=64 rep 713: unresolved gen 100000 pcc 0.982 sep_end 1 first_sep 130 tag None (64.1s; 8749s total)
nat above None mN=1.091 I=64 rep 717: frozen gen 295 pcc 1.000 sep_end 0 first_sep -1 tag None (0.3s; 8749s total)
nat cheap None mN=1.091 I=64 rep 715: unresolved gen 100000 pcc 0.978 sep_end 3 first_sep 85 tag None (64.6s; 8758s total)
nat above None mN=1.091 I=64 rep 718: frozen gen 325 pcc 1.000 sep_end 0 first_sep -1 tag None (0.2s; 8758s total)
nat cheap None mN=1.091 I=64 rep 718: unresolved gen 100000 pcc 0.998 sep_end 1 first_sep 215 tag None (9.2s; 8767s total)
nat above None mN=1.091 I=64 rep 719: frozen gen 310 pcc 1.000 sep_end 0 first_sep -1 tag None (0.3s; 8767s total)
nat cheap None mN=1.091 I=64 rep 716: unresolved gen 100000 pcc 0.989 sep_end 1 first_sep 80 tag None (47.8s; 8774s total)
nat above None mN=1.091 I=64 rep 720: frozen gen 255 pcc 1.000 sep_end 0 first_sep -1 tag None (0.3s; 8775s total)
nat cheap None mN=1.091 I=64 rep 720: frozen gen 2400 pcc 1.000 sep_end 0 first_sep 165 tag None (2.3s; 8777s total)
nat above None mN=1.091 I=64 rep 721: frozen gen 350 pcc 1.000 sep_end 0 first_sep -1 tag None (0.4s; 8778s total)
nat cheap None mN=1.091 I=64 rep 721: frozen gen 1225 pcc 1.000 sep_end 0 first_sep 105 tag None (1.4s; 8779s total)
nat above None mN=1.091 I=64 rep 722: frozen gen 255 pcc 1.000 sep_end 0 first_sep -1 tag None (0.2s; 8779s total)
nat cheap None mN=1.091 I=64 rep 722: frozen gen 280 pcc 1.000 sep_end 0 first_sep -1 tag None (0.3s; 8779s total)
nat above None mN=1.091 I=64 rep 723: frozen gen 355 pcc 1.000 sep_end 0 first_sep -1 tag None (0.3s; 8780s total)
nat cheap None mN=1.091 I=64 rep 719: unresolved gen 100000 pcc 0.988 sep_end 1 first_sep 50 tag None (37.2s; 8805s total)
nat above None mN=1.091 I=64 rep 724: frozen gen 300 pcc 1.000 sep_end 0 first_sep -1 tag None (0.3s; 8805s total)
nat cheap None mN=1.091 I=64 rep 723: unresolved gen 100000 pcc 0.995 sep_end 1 first_sep 125 tag None (27.3s; 8807s total)
nat above None mN=1.091 I=64 rep 725: frozen gen 235 pcc 1.000 sep_end 0 first_sep -1 tag None (0.2s; 8807s total)
nat cheap None mN=1.091 I=64 rep 717: unresolved gen 100000 pcc 0.969 sep_end 1 first_sep 45 tag None (60.4s; 8809s total)
nat above None mN=1.091 I=64 rep 726: frozen gen 330 pcc 1.000 sep_end 0 first_sep -1 tag None (0.3s; 8810s total)
nat cheap None mN=1.091 I=64 rep 726: frozen gen 1325 pcc 1.000 sep_end 0 first_sep 90 tag None (1.3s; 8811s total)
nat above None mN=1.091 I=64 rep 727: frozen gen 245 pcc 1.000 sep_end 0 first_sep -1 tag None (0.2s; 8811s total)
nat cheap None mN=1.091 I=64 rep 727: frozen gen 2200 pcc 1.000 sep_end 0 first_sep 120 tag None (2.2s; 8813s total)
nat above None mN=1.091 I=64 rep 728: frozen gen 260 pcc 1.000 sep_end 0 first_sep -1 tag None (0.3s; 8814s total)
nat cheap None mN=1.091 I=64 rep 724: unresolved gen 100000 pcc 0.988 sep_end 1 first_sep 105 tag None (35.7s; 8841s total)
nat above None mN=1.091 I=64 rep 729: frozen gen 265 pcc 1.000 sep_end 0 first_sep -1 tag None (0.2s; 8841s total)
nat cheap None mN=1.091 I=64 rep 728: unresolved gen 100000 pcc 0.981 sep_end 3 first_sep 95 tag None (46.0s; 8860s total)
nat above None mN=1.091 I=64 rep 730: frozen gen 270 pcc 1.000 sep_end 0 first_sep -1 tag None (0.2s; 8860s total)
nat cheap None mN=1.091 I=64 rep 730: unresolved gen 100000 pcc 0.997 sep_end 1 first_sep 80 tag None (9.6s; 8869s total)
nat above None mN=1.091 I=64 rep 731: frozen gen 360 pcc 1.000 sep_end 0 first_sep -1 tag None (0.4s; 8870s total)
nat cheap None mN=1.091 I=64 rep 725: unresolved gen 100000 pcc 0.978 sep_end 1 first_sep 70 tag None (64.2s; 8871s total)
nat above None mN=1.091 I=64 rep 732: frozen gen 325 pcc 1.000 sep_end 0 first_sep -1 tag None (0.3s; 8872s total)
nat cheap None mN=1.091 I=64 rep 729: unresolved gen 100000 pcc 0.972 sep_end 3 first_sep 60 tag None (70.1s; 8911s total)
nat above None mN=1.091 I=64 rep 733: frozen gen 280 pcc 1.000 sep_end 0 first_sep -1 tag None (0.3s; 8911s total)
nat cheap None mN=1.091 I=64 rep 731: unresolved gen 100000 pcc 0.982 sep_end 1 first_sep 70 tag None (59.0s; 8929s total)
nat above None mN=1.091 I=64 rep 734: frozen gen 350 pcc 1.000 sep_end 0 first_sep -1 tag None (0.4s; 8929s total)
nat cheap None mN=1.091 I=64 rep 732: unresolved gen 100000 pcc 0.977 sep_end 1 first_sep 80 tag None (62.1s; 8934s total)
nat above None mN=1.091 I=64 rep 735: frozen gen 330 pcc 1.000 sep_end 0 first_sep -1 tag None (0.4s; 8934s total)
nat cheap None mN=1.091 I=64 rep 735: frozen gen 285 pcc 1.000 sep_end 0 first_sep -1 tag None (0.2s; 8935s total)
nat above None mN=1.091 I=64 rep 736: frozen gen 290 pcc 1.000 sep_end 0 first_sep -1 tag None (0.3s; 8935s total)
nat cheap None mN=1.091 I=64 rep 733: unresolved gen 100000 pcc 0.983 sep_end 1 first_sep 70 tag None (60.8s; 8972s total)
nat above None mN=1.091 I=64 rep 737: frozen gen 265 pcc 1.000 sep_end 0 first_sep -1 tag None (0.2s; 8972s total)
nat cheap None mN=1.091 I=64 rep 734: unresolved gen 100000 pcc 0.981 sep_end 1 first_sep 85 tag None (61.2s; 8990s total)
nat above None mN=1.091 I=64 rep 738: frozen gen 235 pcc 1.000 sep_end 0 first_sep -1 tag None (0.3s; 8991s total)
nat cheap None mN=1.091 I=64 rep 738: frozen gen 255 pcc 1.000 sep_end 0 first_sep -1 tag None (0.2s; 8991s total)
nat above None mN=1.091 I=64 rep 739: frozen gen 260 pcc 1.000 sep_end 0 first_sep -1 tag None (0.3s; 8991s total)
nat cheap None mN=1.091 I=64 rep 736: unresolved gen 100000 pcc 0.986 sep_end 1 first_sep 90 tag None (60.2s; 8995s total)
nat above None mN=1.091 I=64 rep 740: frozen gen 325 pcc 1.000 sep_end 0 first_sep -1 tag None (0.3s; 8995s total)
nat cheap None mN=1.091 I=64 rep 737: unresolved gen 100000 pcc 0.983 sep_end 1 first_sep 60 tag None (65.6s; 9038s total)
nat above None mN=1.091 I=64 rep 741: frozen gen 255 pcc 1.000 sep_end 0 first_sep -1 tag None (0.2s; 9038s total)
nat cheap None mN=1.091 I=64 rep 740: unresolved gen 100000 pcc 0.979 sep_end 1 first_sep 85 tag None (52.0s; 9047s total)
nat above None mN=1.091 I=64 rep 742: frozen gen 335 pcc 1.000 sep_end 0 first_sep -1 tag None (0.3s; 9048s total)
nat cheap None mN=1.091 I=64 rep 739: unresolved gen 100000 pcc 0.977 sep_end 1 first_sep 50 tag None (61.9s; 9053s total)
nat above None mN=1.091 I=64 rep 743: frozen gen 270 pcc 1.000 sep_end 0 first_sep -1 tag None (0.2s; 9054s total)
nat cheap None mN=1.091 I=64 rep 743: unresolved gen 100000 pcc 0.993 sep_end 1 first_sep 80 tag None (21.6s; 9075s total)
nat above None mN=1.091 I=64 rep 744: frozen gen 335 pcc 1.000 sep_end 0 first_sep -1 tag None (0.4s; 9076s total)
nat cheap None mN=1.091 I=64 rep 742: unresolved gen 100000 pcc 0.991 sep_end 1 first_sep 80 tag None (36.0s; 9084s total)
nat above None mN=1.091 I=64 rep 745: frozen gen 720 pcc 1.000 sep_end 0 first_sep -1 tag None (0.7s; 9084s total)
nat cheap None mN=1.091 I=64 rep 741: unresolved gen 100000 pcc 0.978 sep_end 1 first_sep 75 tag None (59.0s; 9097s total)
nat above None mN=1.091 I=64 rep 746: frozen gen 285 pcc 1.000 sep_end 0 first_sep -1 tag None (0.3s; 9098s total)
nat cheap None mN=1.091 I=64 rep 745: unresolved gen 100000 pcc 0.992 sep_end 3 first_sep 130 tag None (31.3s; 9116s total)
nat above None mN=1.091 I=64 rep 747: frozen gen 340 pcc 1.000 sep_end 0 first_sep -1 tag None (0.3s; 9116s total)
nat cheap None mN=1.091 I=64 rep 744: unresolved gen 100000 pcc 0.986 sep_end 3 first_sep 95 tag None (43.9s; 9119s total)
nat above None mN=1.091 I=64 rep 748: frozen gen 250 pcc 1.000 sep_end 0 first_sep -1 tag None (0.3s; 9120s total)
nat cheap None mN=1.091 I=64 rep 748: unresolved gen 100000 pcc 0.993 sep_end 1 first_sep 90 tag None (39.5s; 9159s total)
nat cheap None mN=1.091 I=64 rep 746: unresolved gen 100000 pcc 0.984 sep_end 1 first_sep 115 tag None (64.2s; 9162s total)
nat cheap None mN=1.091 I=64 rep 747: unresolved gen 100000 pcc 0.983 sep_end 1 first_sep 90 tag None (63.5s; 9180s total)
nat above None mN=1.091 I=64 rep 750: frozen gen 295 pcc 1.000 sep_end 0 first_sep -1 tag None (0.4s; 9180s total)
nat cheap None mN=1.091 I=64 rep 750: frozen gen 300 pcc 1.000 sep_end 0 first_sep -1 tag None (0.3s; 9180s total)
nat above None mN=1.091 I=64 rep 751: frozen gen 315 pcc 1.000 sep_end 0 first_sep -1 tag None (0.3s; 9181s total)
nat cheap None mN=1.091 I=64 rep 749: unresolved gen 100000 pcc 0.991 sep_end 1 first_sep 75 tag None (31.1s; 9193s total)
nat above None mN=1.091 I=64 rep 752: frozen gen 580 pcc 1.000 sep_end 0 first_sep -1 tag None (0.3s; 9193s total)
nat cheap None mN=1.091 I=64 rep 752: unresolved gen 100000 pcc 0.995 sep_end 1 first_sep 35 tag None (14.8s; 9208s total)
nat above None mN=1.091 I=64 rep 753: frozen gen 300 pcc 1.000 sep_end 0 first_sep -1 tag None (0.3s; 9208s total)
nat above None mN=1.091 I=64 rep 749: unresolved gen 100000 pcc 0.982 sep_end 1 first_sep 65 tag None (57.9s; 9217s total)
nat above None mN=1.091 I=64 rep 754: frozen gen 290 pcc 1.000 sep_end 0 first_sep -1 tag None (0.3s; 9218s total)
nat cheap None mN=1.091 I=64 rep 754: frozen gen 370 pcc 1.000 sep_end 0 first_sep -1 tag None (0.3s; 9218s total)
nat above None mN=1.091 I=64 rep 755: frozen gen 290 pcc 1.000 sep_end 0 first_sep -1 tag None (0.4s; 9218s total)
nat cheap None mN=1.091 I=64 rep 755: frozen gen 345 pcc 1.000 sep_end 0 first_sep -1 tag None (0.3s; 9219s total)
nat above None mN=1.091 I=64 rep 756: frozen gen 285 pcc 1.000 sep_end 0 first_sep -1 tag None (0.2s; 9219s total)
nat cheap None mN=1.091 I=64 rep 756: frozen gen 2075 pcc 1.000 sep_end 0 first_sep 105 tag None (2.2s; 9221s total)
nat above None mN=1.091 I=64 rep 757: frozen gen 265 pcc 1.000 sep_end 0 first_sep -1 tag None (0.3s; 9221s total)
nat cheap None mN=1.091 I=64 rep 751: unresolved gen 100000 pcc 0.976 sep_end 1 first_sep 70 tag None (66.1s; 9247s total)
nat above None mN=1.091 I=64 rep 758: frozen gen 330 pcc 1.000 sep_end 0 first_sep -1 tag None (0.3s; 9247s total)
nat cheap None mN=1.091 I=64 rep 753: unresolved gen 100000 pcc 0.979 sep_end 1 first_sep 50 tag None (63.7s; 9272s total)
nat above None mN=1.091 I=64 rep 759: frozen gen 265 pcc 1.000 sep_end 0 first_sep -1 tag None (0.3s; 9272s total)
nat cheap None mN=1.091 I=64 rep 757: unresolved gen 100000 pcc 0.976 sep_end 1 first_sep 55 tag None (65.9s; 9287s total)
nat above None mN=1.091 I=64 rep 760: frozen gen 315 pcc 1.000 sep_end 0 first_sep -1 tag None (0.3s; 9287s total)
nat cheap None mN=1.091 I=64 rep 758: unresolved gen 100000 pcc 0.980 sep_end 1 first_sep 65 tag None (64.9s; 9312s total)
nat above None mN=1.091 I=64 rep 761: frozen gen 270 pcc 1.000 sep_end 0 first_sep -1 tag None (0.3s; 9312s total)
nat cheap None mN=1.091 I=64 rep 761: frozen gen 365 pcc 1.000 sep_end 0 first_sep -1 tag None (0.4s; 9313s total)
nat above None mN=1.091 I=64 rep 762: frozen gen 285 pcc 1.000 sep_end 0 first_sep -1 tag None (0.3s; 9313s total)
nat cheap None mN=1.091 I=64 rep 760: unresolved gen 100000 pcc 0.986 sep_end 1 first_sep 135 tag None (45.3s; 9333s total)
nat above None mN=1.091 I=64 rep 763: frozen gen 250 pcc 1.000 sep_end 0 first_sep -1 tag None (0.3s; 9333s total)
nat cheap None mN=1.091 I=64 rep 759: unresolved gen 100000 pcc 0.977 sep_end 1 first_sep 110 tag None (62.9s; 9335s total)
nat above None mN=1.091 I=64 rep 764: frozen gen 410 pcc 1.000 sep_end 0 first_sep -1 tag None (0.3s; 9335s total)
nat cheap None mN=1.091 I=64 rep 764: unresolved gen 100000 pcc 0.999 sep_end 1 first_sep 105 tag None (9.2s; 9345s total)
nat above None mN=1.091 I=64 rep 765: frozen gen 330 pcc 1.000 sep_end 0 first_sep -1 tag None (0.3s; 9345s total)
nat cheap None mN=1.091 I=64 rep 763: unresolved gen 100000 pcc 0.994 sep_end 1 first_sep 100 tag None (17.1s; 9350s total)
nat above None mN=1.091 I=64 rep 766: frozen gen 350 pcc 1.000 sep_end 0 first_sep -1 tag None (0.3s; 9350s total)
nat cheap None mN=1.091 I=64 rep 766: frozen gen 2025 pcc 1.000 sep_end 0 first_sep 95 tag None (2.4s; 9353s total)
nat above None mN=1.091 I=64 rep 767: frozen gen 285 pcc 1.000 sep_end 0 first_sep -1 tag None (0.3s; 9353s total)
nat cheap None mN=1.091 I=64 rep 767: unresolved gen 100000 pcc 0.995 sep_end 1 first_sep 125 tag None (28.2s; 9381s total)
nat above None mN=1.091 I=64 rep 768: frozen gen 420 pcc 1.000 sep_end 0 first_sep -1 tag None (0.4s; 9382s total)
nat cheap None mN=1.091 I=64 rep 765: unresolved gen 100000 pcc 0.985 sep_end 1 first_sep 85 tag None (41.1s; 9386s total)
nat above None mN=1.091 I=64 rep 769: frozen gen 255 pcc 1.000 sep_end 0 first_sep -1 tag None (0.3s; 9386s total)
nat cheap None mN=1.091 I=64 rep 762: unresolved gen 100000 pcc 0.977 sep_end 3 first_sep 75 tag None (75.0s; 9388s total)
nat above None mN=1.091 I=64 rep 770: frozen gen 2725 pcc 1.000 sep_end 0 first_sep 125 tag None (2.2s; 9390s total)
nat cheap None mN=1.091 I=64 rep 770: frozen gen 1890 pcc 1.000 sep_end 0 first_sep 65 tag None (2.0s; 9392s total)
nat above None mN=1.091 I=64 rep 771: frozen gen 240 pcc 1.000 sep_end 0 first_sep -1 tag None (0.2s; 9392s total)
nat cheap None mN=1.091 I=64 rep 771: unresolved gen 100000 pcc 0.991 sep_end 1 first_sep 145 tag None (37.2s; 9429s total)
nat cheap None mN=1.091 I=64 rep 769: unresolved gen 100000 pcc 0.977 sep_end 1 first_sep 65 tag None (65.7s; 9452s total)
nat cheap None mN=1.091 I=64 rep 768: unresolved gen 100000 pcc 0.977 sep_end 3 first_sep 55 tag None (77.4s; 9459s total)
nat above None mN=1.091 I=64 rep 773: frozen gen 305 pcc 1.000 sep_end 0 first_sep -1 tag None (0.3s; 9459s total)
nat above None mN=1.091 I=64 rep 772: unresolved gen 100000 pcc 0.978 sep_end 1 first_sep 100 tag None (61.9s; 9491s total)
nat above None mN=1.091 I=64 rep 774: frozen gen 285 pcc 1.000 sep_end 0 first_sep -1 tag None (0.2s; 9492s total)
nat cheap None mN=1.091 I=64 rep 772: unresolved gen 100000 pcc 0.981 sep_end 1 first_sep 110 tag None (47.8s; 9500s total)
nat above None mN=1.091 I=64 rep 775: frozen gen 310 pcc 1.000 sep_end 0 first_sep -1 tag None (0.3s; 9500s total)
nat cheap None mN=1.091 I=64 rep 775: frozen gen 330 pcc 1.000 sep_end 0 first_sep -1 tag None (0.2s; 9500s total)
nat above None mN=1.091 I=64 rep 776: frozen gen 275 pcc 1.000 sep_end 0 first_sep -1 tag None (0.3s; 9501s total)
nat cheap None mN=1.091 I=64 rep 776: frozen gen 365 pcc 1.000 sep_end 0 first_sep -1 tag None (0.3s; 9501s total)
nat above None mN=1.091 I=64 rep 777: frozen gen 275 pcc 1.000 sep_end 0 first_sep -1 tag None (0.3s; 9501s total)
nat cheap None mN=1.091 I=64 rep 777: unresolved gen 100000 pcc 0.998 sep_end 1 first_sep 115 tag None (10.9s; 9512s total)
nat above None mN=1.091 I=64 rep 778: frozen gen 290 pcc 1.000 sep_end 0 first_sep -1 tag None (0.4s; 9513s total)
nat cheap None mN=1.091 I=64 rep 773: unresolved gen 100000 pcc 0.979 sep_end 1 first_sep 55 tag None (57.1s; 9517s total)
nat above None mN=1.091 I=64 rep 779: frozen gen 275 pcc 1.000 sep_end 0 first_sep -1 tag None (0.3s; 9517s total)
nat cheap None mN=1.091 I=64 rep 779: unresolved gen 100000 pcc 0.997 sep_end 1 first_sep 85 tag None (17.1s; 9534s total)
nat above None mN=1.091 I=64 rep 780: frozen gen 280 pcc 1.000 sep_end 0 first_sep -1 tag None (0.2s; 9534s total)
nat cheap None mN=1.091 I=64 rep 780: frozen gen 320 pcc 1.000 sep_end 0 first_sep -1 tag None (0.3s; 9535s total)
nat above None mN=1.091 I=64 rep 781: frozen gen 380 pcc 1.000 sep_end 0 first_sep -1 tag None (0.3s; 9535s total)
nat cheap None mN=1.091 I=64 rep 778: unresolved gen 100000 pcc 0.993 sep_end 1 first_sep 120 tag None (24.2s; 9537s total)
nat above None mN=1.091 I=64 rep 782: frozen gen 390 pcc 1.000 sep_end 0 first_sep -1 tag None (0.4s; 9537s total)
nat cheap None mN=1.091 I=64 rep 782: frozen gen 1145 pcc 1.000 sep_end 0 first_sep 80 tag None (1.3s; 9539s total)
nat above None mN=1.091 I=64 rep 783: frozen gen 250 pcc 1.000 sep_end 0 first_sep -1 tag None (0.3s; 9539s total)
nat cheap None mN=1.091 I=64 rep 774: unresolved gen 100000 pcc 0.983 sep_end 1 first_sep 135 tag None (56.5s; 9548s total)
nat above None mN=1.091 I=64 rep 784: frozen gen 290 pcc 1.000 sep_end 0 first_sep -1 tag None (0.3s; 9548s total)
nat cheap None mN=1.091 I=64 rep 784: unresolved gen 100000 pcc 0.993 sep_end 1 first_sep 110 tag None (27.9s; 9576s total)
nat above None mN=1.091 I=64 rep 785: frozen gen 305 pcc 1.000 sep_end 0 first_sep -1 tag None (0.3s; 9577s total)
nat cheap None mN=1.091 I=64 rep 781: unresolved gen 100000 pcc 0.989 sep_end 1 first_sep 70 tag None (42.9s; 9578s total)
nat above None mN=1.091 I=64 rep 786: frozen gen 305 pcc 1.000 sep_end 0 first_sep -1 tag None (0.2s; 9578s total)
nat cheap None mN=1.091 I=64 rep 786: frozen gen 1605 pcc 1.000 sep_end 0 first_sep 125 tag None (0.8s; 9579s total)
nat above None mN=1.091 I=64 rep 787: frozen gen 335 pcc 1.000 sep_end 0 first_sep -1 tag None (0.3s; 9579s total)
nat cheap None mN=1.091 I=64 rep 783: unresolved gen 100000 pcc 0.979 sep_end 1 first_sep 70 tag None (62.0s; 9601s total)
nat above None mN=1.091 I=64 rep 788: frozen gen 260 pcc 1.000 sep_end 0 first_sep -1 tag None (0.2s; 9601s total)
nat cheap None mN=1.091 I=64 rep 787: unresolved gen 100000 pcc 0.977 sep_end 1 first_sep 105 tag None (51.7s; 9631s total)
nat above None mN=1.091 I=64 rep 789: frozen gen 345 pcc 1.000 sep_end 0 first_sep -1 tag None (0.3s; 9631s total)
nat cheap None mN=1.091 I=64 rep 789: frozen gen 340 pcc 1.000 sep_end 0 first_sep -1 tag None (0.3s; 9632s total)
nat above None mN=1.091 I=64 rep 790: frozen gen 300 pcc 1.000 sep_end 0 first_sep -1 tag None (0.3s; 9632s total)
nat cheap None mN=1.091 I=64 rep 790: frozen gen 295 pcc 1.000 sep_end 0 first_sep -1 tag None (0.3s; 9632s total)
nat above None mN=1.091 I=64 rep 791: frozen gen 380 pcc 1.000 sep_end 0 first_sep -1 tag None (0.5s; 9633s total)
nat cheap None mN=1.091 I=64 rep 791: unresolved gen 100000 pcc 0.998 sep_end 1 first_sep 130 tag None (5.1s; 9638s total)
nat above None mN=1.091 I=64 rep 792: frozen gen 370 pcc 1.000 sep_end 0 first_sep -1 tag None (0.3s; 9638s total)
nat cheap None mN=1.091 I=64 rep 785: unresolved gen 100000 pcc 0.977 sep_end 1 first_sep 120 tag None (64.3s; 9641s total)
nat above None mN=1.091 I=64 rep 793: frozen gen 300 pcc 1.000 sep_end 0 first_sep -1 tag None (0.3s; 9641s total)
nat cheap None mN=1.091 I=64 rep 788: unresolved gen 100000 pcc 0.983 sep_end 1 first_sep 70 tag None (44.9s; 9646s total)
nat above None mN=1.091 I=64 rep 794: frozen gen 295 pcc 1.000 sep_end 0 first_sep -1 tag None (0.2s; 9646s total)
nat cheap None mN=1.091 I=64 rep 794: frozen gen 3375 pcc 1.000 sep_end 0 first_sep 55 tag None (3.4s; 9650s total)
nat above None mN=1.091 I=64 rep 795: frozen gen 275 pcc 1.000 sep_end 0 first_sep -1 tag None (0.2s; 9650s total)
nat cheap None mN=1.091 I=64 rep 795: frozen gen 630 pcc 1.000 sep_end 0 first_sep 125 tag None (0.7s; 9651s total)
nat above None mN=1.091 I=64 rep 796: frozen gen 275 pcc 1.000 sep_end 0 first_sep -1 tag None (0.3s; 9651s total)
nat cheap None mN=1.091 I=64 rep 793: unresolved gen 100000 pcc 0.992 sep_end 1 first_sep 60 tag None (24.5s; 9666s total)
nat above None mN=1.091 I=64 rep 797: frozen gen 275 pcc 1.000 sep_end 0 first_sep -1 tag None (0.3s; 9666s total)
nat cheap None mN=1.091 I=64 rep 797: frozen gen 970 pcc 1.000 sep_end 0 first_sep 95 tag None (1.1s; 9667s total)
nat above None mN=1.091 I=64 rep 798: frozen gen 405 pcc 1.000 sep_end 0 first_sep -1 tag None (0.4s; 9668s total)
nat cheap None mN=1.091 I=64 rep 792: unresolved gen 100000 pcc 0.987 sep_end 1 first_sep 120 tag None (37.2s; 9675s total)
nat above None mN=1.091 I=64 rep 799: frozen gen 375 pcc 1.000 sep_end 0 first_sep -1 tag None (0.3s; 9676s total)
nat cheap None mN=1.091 I=64 rep 799: frozen gen 345 pcc 1.000 sep_end 0 first_sep -1 tag None (0.3s; 9676s total)
nat above None mN=1.091 I=64 rep 800: frozen gen 285 pcc 1.000 sep_end 0 first_sep -1 tag None (0.2s; 9676s total)
nat cheap None mN=1.091 I=64 rep 796: unresolved gen 100000 pcc 0.982 sep_end 1 first_sep 125 tag None (61.1s; 9712s total)
nat above None mN=1.091 I=64 rep 801: frozen gen 365 pcc 1.000 sep_end 0 first_sep -1 tag None (0.4s; 9713s total)
nat cheap None mN=1.091 I=64 rep 798: unresolved gen 100000 pcc 0.982 sep_end 3 first_sep 110 tag None (68.2s; 9736s total)
nat above None mN=1.091 I=64 rep 802: frozen gen 270 pcc 1.000 sep_end 0 first_sep 60 tag None (0.2s; 9736s total)
nat cheap None mN=1.091 I=64 rep 800: unresolved gen 100000 pcc 0.981 sep_end 1 first_sep 120 tag None (60.2s; 9736s total)
nat above None mN=1.091 I=64 rep 803: frozen gen 370 pcc 1.000 sep_end 0 first_sep -1 tag None (0.3s; 9737s total)
nat cheap None mN=1.091 I=64 rep 803: frozen gen 2100 pcc 1.000 sep_end 0 first_sep 70 tag None (2.1s; 9739s total)
nat above None mN=1.091 I=64 rep 804: frozen gen 325 pcc 1.000 sep_end 0 first_sep -1 tag None (0.3s; 9739s total)
nat cheap None mN=1.091 I=64 rep 804: frozen gen 300 pcc 1.000 sep_end 0 first_sep -1 tag None (0.3s; 9739s total)
nat above None mN=1.091 I=64 rep 805: frozen gen 405 pcc 1.000 sep_end 0 first_sep -1 tag None (0.3s; 9740s total)
nat cheap None mN=1.091 I=64 rep 805: frozen gen 1965 pcc 1.000 sep_end 0 first_sep 110 tag None (1.9s; 9742s total)
nat above None mN=1.091 I=64 rep 806: frozen gen 360 pcc 1.000 sep_end 0 first_sep -1 tag None (0.3s; 9742s total)
nat cheap None mN=1.091 I=64 rep 801: unresolved gen 100000 pcc 0.974 sep_end 1 first_sep 110 tag None (64.2s; 9777s total)
nat above None mN=1.091 I=64 rep 807: frozen gen 355 pcc 1.000 sep_end 0 first_sep -1 tag None (0.3s; 9777s total)
nat cheap None mN=1.091 I=64 rep 806: unresolved gen 100000 pcc 0.986 sep_end 6 first_sep 55 tag None (56.0s; 9798s total)
nat above None mN=1.091 I=64 rep 808: frozen gen 305 pcc 1.000 sep_end 0 first_sep -1 tag None (0.3s; 9798s total)
nat cheap None mN=1.091 I=64 rep 802: unresolved gen 100000 pcc 0.973 sep_end 3 first_sep 80 tag None (70.6s; 9807s total)
nat above None mN=1.091 I=64 rep 809: frozen gen 450 pcc 1.000 sep_end 0 first_sep -1 tag None (0.4s; 9807s total)
nat cheap None mN=1.091 I=64 rep 807: unresolved gen 100000 pcc 0.979 sep_end 1 first_sep 45 tag None (57.2s; 9834s total)
nat above None mN=1.091 I=64 rep 810: frozen gen 335 pcc 1.000 sep_end 0 first_sep -1 tag None (0.3s; 9834s total)
nat cheap None mN=1.091 I=64 rep 808: unresolved gen 100000 pcc 0.980 sep_end 1 first_sep 70 tag None (49.8s; 9848s total)
nat above None mN=1.091 I=64 rep 811: frozen gen 400 pcc 1.000 sep_end 0 first_sep -1 tag None (0.4s; 9848s total)
nat cheap None mN=1.091 I=64 rep 809: unresolved gen 100000 pcc 0.988 sep_end 1 first_sep 95 tag None (47.3s; 9854s total)
nat above None mN=1.091 I=64 rep 812: frozen gen 280 pcc 1.000 sep_end 0 first_sep -1 tag None (0.3s; 9855s total)
nat cheap None mN=1.091 I=64 rep 812: frozen gen 1060 pcc 1.000 sep_end 0 first_sep 100 tag None (1.2s; 9856s total)
nat above None mN=1.091 I=64 rep 813: frozen gen 320 pcc 1.000 sep_end 0 first_sep -1 tag None (0.3s; 9856s total)
nat cheap None mN=1.091 I=64 rep 813: frozen gen 370 pcc 1.000 sep_end 0 first_sep -1 tag None (0.3s; 9857s total)
nat above None mN=1.091 I=64 rep 814: frozen gen 345 pcc 1.000 sep_end 0 first_sep -1 tag None (0.4s; 9857s total)
nat cheap None mN=1.091 I=64 rep 811: unresolved gen 100000 pcc 0.991 sep_end 1 first_sep 65 tag None (32.4s; 9881s total)
nat above None mN=1.091 I=64 rep 815: frozen gen 250 pcc 1.000 sep_end 0 first_sep -1 tag None (0.2s; 9881s total)
nat cheap None mN=1.091 I=64 rep 810: unresolved gen 100000 pcc 0.975 sep_end 1 first_sep 75 tag None (63.4s; 9898s total)
nat above None mN=1.091 I=64 rep 816: frozen gen 335 pcc 1.000 sep_end 0 first_sep -1 tag None (0.3s; 9898s total)
nat cheap None mN=1.091 I=64 rep 815: unresolved gen 100000 pcc 0.990 sep_end 1 first_sep 40 tag None (27.6s; 9909s total)
nat above None mN=1.091 I=64 rep 817: frozen gen 375 pcc 1.000 sep_end 0 first_sep -1 tag None (0.4s; 9909s total)
nat cheap None mN=1.091 I=64 rep 816: unresolved gen 100000 pcc 0.997 sep_end 1 first_sep 75 tag None (13.0s; 9911s total)
nat above None mN=1.091 I=64 rep 818: frozen gen 300 pcc 1.000 sep_end 0 first_sep -1 tag None (0.3s; 9911s total)
nat cheap None mN=1.091 I=64 rep 814: unresolved gen 100000 pcc 0.981 sep_end 1 first_sep 90 tag None (63.3s; 9920s total)
nat above None mN=1.091 I=64 rep 819: frozen gen 295 pcc 1.000 sep_end 0 first_sep -1 tag None (0.2s; 9920s total)
nat cheap None mN=1.091 I=64 rep 819: frozen gen 2525 pcc 1.000 sep_end 0 first_sep 185 tag None (1.8s; 9922s total)
nat above None mN=1.091 I=64 rep 820: frozen gen 295 pcc 1.000 sep_end 0 first_sep -1 tag None (0.3s; 9923s total)
nat cheap None mN=1.091 I=64 rep 820: frozen gen 365 pcc 1.000 sep_end 0 first_sep -1 tag None (0.3s; 9923s total)
nat above None mN=1.091 I=64 rep 821: frozen gen 315 pcc 1.000 sep_end 0 first_sep -1 tag None (0.2s; 9923s total)
nat cheap None mN=1.091 I=64 rep 817: unresolved gen 100000 pcc 0.985 sep_end 3 first_sep 135 tag None (43.7s; 9953s total)
nat above None mN=1.091 I=64 rep 822: frozen gen 285 pcc 1.000 sep_end 0 first_sep -1 tag None (0.3s; 9953s total)
nat cheap None mN=1.091 I=64 rep 822: frozen gen 1085 pcc 1.000 sep_end 0 first_sep 55 tag None (1.2s; 9954s total)
nat above None mN=1.091 I=64 rep 823: frozen gen 270 pcc 1.000 sep_end 0 first_sep -1 tag None (0.3s; 9954s total)
nat cheap None mN=1.091 I=64 rep 821: unresolved gen 100000 pcc 0.988 sep_end 1 first_sep 115 tag None (35.8s; 9959s total)
nat above None mN=1.091 I=64 rep 824: frozen gen 290 pcc 1.000 sep_end 0 first_sep -1 tag None (0.3s; 9959s total)
nat cheap None mN=1.091 I=64 rep 818: unresolved gen 100000 pcc 0.981 sep_end 1 first_sep 50 tag None (62.0s; 9974s total)
nat above None mN=1.091 I=64 rep 825: frozen gen 315 pcc 1.000 sep_end 0 first_sep -1 tag None (0.4s; 9974s total)
nat cheap None mN=1.091 I=64 rep 824: unresolved gen 100000 pcc 0.993 sep_end 1 first_sep 215 tag None (24.2s; 9984s total)
nat above None mN=1.091 I=64 rep 826: frozen gen 315 pcc 1.000 sep_end 0 first_sep -1 tag None (0.4s; 9984s total)
nat cheap None mN=1.091 I=64 rep 826: unresolved gen 100000 pcc 0.994 sep_end 1 first_sep 125 tag None (20.4s; 10004s total)
nat above None mN=1.091 I=64 rep 827: frozen gen 285 pcc 1.000 sep_end 0 first_sep -1 tag None (0.3s; 10005s total)
nat cheap None mN=1.091 I=64 rep 827: frozen gen 1625 pcc 1.000 sep_end 0 first_sep 95 tag None (1.9s; 10007s total)
nat above None mN=1.091 I=64 rep 828: frozen gen 270 pcc 1.000 sep_end 0 first_sep -1 tag None (0.4s; 10007s total)
nat cheap None mN=1.091 I=64 rep 823: unresolved gen 100000 pcc 0.975 sep_end 3 first_sep 80 tag None (63.7s; 10018s total)
nat above None mN=1.091 I=64 rep 829: frozen gen 245 pcc 1.000 sep_end 0 first_sep -1 tag None (0.2s; 10018s total)
nat cheap None mN=1.091 I=64 rep 825: unresolved gen 100000 pcc 0.981 sep_end 3 first_sep 65 tag None (49.5s; 10023s total)
nat above None mN=1.091 I=64 rep 830: frozen gen 655 pcc 1.000 sep_end 0 first_sep -1 tag None (0.6s; 10024s total)
nat cheap None mN=1.091 I=64 rep 828: unresolved gen 100000 pcc 0.988 sep_end 1 first_sep 120 tag None (34.3s; 10041s total)
nat cheap None mN=1.091 I=64 rep 829: unresolved gen 100000 pcc 0.994 sep_end 1 first_sep 90 tag None (23.0s; 10041s total)
nat above None mN=1.091 I=64 rep 831: frozen gen 320 pcc 1.000 sep_end 0 first_sep -1 tag None (0.3s; 10042s total)
nat above None mN=1.091 I=64 rep 832: frozen gen 340 pcc 1.000 sep_end 0 first_sep -1 tag None (0.3s; 10042s total)
nat cheap None mN=1.091 I=64 rep 830: unresolved gen 100000 pcc 0.981 sep_end 1 first_sep 60 tag None (52.8s; 10077s total)
nat above None mN=1.091 I=64 rep 833: frozen gen 395 pcc 1.000 sep_end 0 first_sep -1 tag None (0.4s; 10077s total)
nat cheap None mN=1.091 I=64 rep 833: frozen gen 2775 pcc 1.000 sep_end 0 first_sep 75 tag None (3.1s; 10080s total)
nat above None mN=1.091 I=64 rep 834: frozen gen 510 pcc 1.000 sep_end 0 first_sep -1 tag None (0.5s; 10081s total)
nat cheap None mN=1.091 I=64 rep 831: unresolved gen 100000 pcc 0.965 sep_end 1 first_sep 90 tag None (62.3s; 10104s total)
nat above None mN=1.091 I=64 rep 835: frozen gen 325 pcc 1.000 sep_end 0 first_sep -1 tag None (0.3s; 10104s total)
nat cheap None mN=1.091 I=64 rep 835: frozen gen 325 pcc 1.000 sep_end 0 first_sep -1 tag None (0.3s; 10104s total)
nat above None mN=1.091 I=64 rep 836: frozen gen 310 pcc 1.000 sep_end 0 first_sep -1 tag None (0.3s; 10105s total)
nat cheap None mN=1.091 I=64 rep 836: frozen gen 2075 pcc 1.000 sep_end 0 first_sep 75 tag None (1.9s; 10106s total)
nat above None mN=1.091 I=64 rep 837: frozen gen 250 pcc 1.000 sep_end 0 first_sep -1 tag None (0.3s; 10107s total)
nat cheap None mN=1.091 I=64 rep 837: frozen gen 315 pcc 1.000 sep_end 0 first_sep -1 tag None (0.3s; 10107s total)
nat above None mN=1.091 I=64 rep 838: frozen gen 305 pcc 1.000 sep_end 0 first_sep -1 tag None (0.3s; 10107s total)
nat cheap None mN=1.091 I=64 rep 832: unresolved gen 100000 pcc 0.961 sep_end 3 first_sep 135 tag None (75.1s; 10117s total)
nat above None mN=1.091 I=64 rep 839: frozen gen 380 pcc 1.000 sep_end 0 first_sep -1 tag None (0.3s; 10117s total)
nat cheap None mN=1.091 I=64 rep 839: frozen gen 350 pcc 1.000 sep_end 0 first_sep -1 tag None (0.3s; 10118s total)
nat above None mN=1.091 I=64 rep 840: frozen gen 300 pcc 1.000 sep_end 0 first_sep -1 tag None (0.3s; 10118s total)
nat cheap None mN=1.091 I=64 rep 834: unresolved gen 100000 pcc 0.984 sep_end 1 first_sep 100 tag None (43.4s; 10124s total)
nat above None mN=1.091 I=64 rep 841: frozen gen 345 pcc 1.000 sep_end 0 first_sep -1 tag None (0.3s; 10125s total)
nat cheap None mN=1.091 I=64 rep 838: unresolved gen 100000 pcc 0.994 sep_end 1 first_sep 125 tag None (27.4s; 10135s total)
nat above None mN=1.091 I=64 rep 842: frozen gen 350 pcc 1.000 sep_end 0 first_sep -1 tag None (0.4s; 10135s total)
nat cheap None mN=1.091 I=64 rep 840: unresolved gen 100000 pcc 0.988 sep_end 1 first_sep 70 tag None (33.3s; 10151s total)
nat above None mN=1.091 I=64 rep 843: frozen gen 400 pcc 1.000 sep_end 0 first_sep -1 tag None (0.4s; 10152s total)
nat cheap None mN=1.091 I=64 rep 843: unresolved gen 100000 pcc 0.992 sep_end 1 first_sep 90 tag None (17.5s; 10169s total)
nat above None mN=1.091 I=64 rep 844: frozen gen 275 pcc 1.000 sep_end 0 first_sep -1 tag None (0.2s; 10169s total)
nat cheap None mN=1.091 I=64 rep 841: unresolved gen 100000 pcc 0.987 sep_end 3 first_sep 90 tag None (55.5s; 10180s total)
nat above None mN=1.091 I=64 rep 845: frozen gen 250 pcc 1.000 sep_end 0 first_sep -1 tag None (0.3s; 10180s total)
nat cheap None mN=1.091 I=64 rep 842: unresolved gen 100000 pcc 0.977 sep_end 1 first_sep 70 tag None (65.4s; 10201s total)
nat above None mN=1.091 I=64 rep 846: frozen gen 330 pcc 1.000 sep_end 0 first_sep -1 tag None (0.3s; 10201s total)
nat cheap None mN=1.091 I=64 rep 844: unresolved gen 100000 pcc 0.983 sep_end 1 first_sep 80 tag None (53.9s; 10223s total)
nat above None mN=1.091 I=64 rep 847: frozen gen 290 pcc 1.000 sep_end 0 first_sep -1 tag None (0.2s; 10223s total)
nat cheap None mN=1.091 I=64 rep 845: unresolved gen 100000 pcc 0.977 sep_end 3 first_sep 90 tag None (67.2s; 10248s total)
nat above None mN=1.091 I=64 rep 848: frozen gen 400 pcc 1.000 sep_end 0 first_sep -1 tag None (0.6s; 10248s total)
nat cheap None mN=1.091 I=64 rep 848: frozen gen 255 pcc 1.000 sep_end 0 first_sep -1 tag None (0.4s; 10249s total)
nat above None mN=1.091 I=64 rep 849: frozen gen 275 pcc 1.000 sep_end 0 first_sep -1 tag None (0.3s; 10249s total)
nat cheap None mN=1.091 I=64 rep 849: frozen gen 315 pcc 1.000 sep_end 0 first_sep -1 tag None (0.3s; 10249s total)
nat above None mN=1.091 I=64 rep 850: frozen gen 260 pcc 1.000 sep_end 0 first_sep -1 tag None (0.3s; 10250s total)
nat cheap None mN=1.091 I=64 rep 846: unresolved gen 100000 pcc 0.977 sep_end 1 first_sep 70 tag None (65.2s; 10266s total)
nat above None mN=1.091 I=64 rep 851: frozen gen 365 pcc 1.000 sep_end 0 first_sep -1 tag None (0.3s; 10267s total)
nat cheap None mN=1.091 I=64 rep 847: unresolved gen 100000 pcc 0.986 sep_end 1 first_sep 105 tag None (55.5s; 10279s total)
nat above None mN=1.091 I=64 rep 852: frozen gen 310 pcc 1.000 sep_end 0 first_sep -1 tag None (0.3s; 10279s total)
nat cheap None mN=1.091 I=64 rep 850: unresolved gen 100000 pcc 0.985 sep_end 3 first_sep 80 tag None (44.1s; 10294s total)
nat above None mN=1.091 I=64 rep 853: frozen gen 345 pcc 1.000 sep_end 0 first_sep -1 tag None (0.3s; 10294s total)
nat cheap None mN=1.091 I=64 rep 853: unresolved gen 100000 pcc 0.994 sep_end 1 first_sep 145 tag None (28.4s; 10322s total)
nat above None mN=1.091 I=64 rep 854: frozen gen 270 pcc 1.000 sep_end 0 first_sep -1 tag None (0.2s; 10323s total)
nat cheap None mN=1.091 I=64 rep 854: frozen gen 360 pcc 1.000 sep_end 0 first_sep -1 tag None (0.3s; 10323s total)
nat above None mN=1.091 I=64 rep 855: frozen gen 445 pcc 1.000 sep_end 0 first_sep -1 tag None (0.4s; 10323s total)
nat cheap None mN=1.091 I=64 rep 855: frozen gen 2325 pcc 1.000 sep_end 0 first_sep 125 tag None (2.3s; 10326s total)
nat cheap None mN=1.091 I=64 rep 852: unresolved gen 100000 pcc 0.985 sep_end 3 first_sep 95 tag None (46.7s; 10326s total)
nat above None mN=1.091 I=64 rep 856: frozen gen 340 pcc 1.000 sep_end 0 first_sep -1 tag None (0.3s; 10326s total)
nat above None mN=1.091 I=64 rep 857: frozen gen 325 pcc 1.000 sep_end 0 first_sep -1 tag None (0.3s; 10326s total)
nat cheap None mN=1.091 I=64 rep 857: frozen gen 1150 pcc 1.000 sep_end 0 first_sep 80 tag None (1.2s; 10328s total)
nat above None mN=1.091 I=64 rep 858: frozen gen 345 pcc 1.000 sep_end 0 first_sep -1 tag None (0.3s; 10328s total)
nat cheap None mN=1.091 I=64 rep 851: unresolved gen 100000 pcc 0.977 sep_end 1 first_sep 70 tag None (65.2s; 10332s total)
nat above None mN=1.091 I=64 rep 859: frozen gen 305 pcc 1.000 sep_end 0 first_sep -1 tag None (0.3s; 10332s total)
nat cheap None mN=1.091 I=64 rep 858: unresolved gen 100000 pcc 0.989 sep_end 1 first_sep 100 tag None (24.1s; 10352s total)
nat above None mN=1.091 I=64 rep 860: frozen gen 355 pcc 1.000 sep_end 0 first_sep -1 tag None (0.3s; 10352s total)
nat cheap None mN=1.091 I=64 rep 860: unresolved gen 100000 pcc 0.993 sep_end 1 first_sep 80 tag None (21.2s; 10374s total)
nat above None mN=1.091 I=64 rep 861: frozen gen 285 pcc 1.000 sep_end 0 first_sep -1 tag None (0.3s; 10374s total)
nat cheap None mN=1.091 I=64 rep 861: frozen gen 2225 pcc 1.000 sep_end 0 first_sep 80 tag None (2.5s; 10376s total)
nat above None mN=1.091 I=64 rep 862: frozen gen 2225 pcc 1.000 sep_end 0 first_sep 105 tag None (1.6s; 10378s total)
nat cheap None mN=1.091 I=64 rep 862: frozen gen 1710 pcc 1.000 sep_end 0 first_sep 85 tag None (1.8s; 10380s total)
nat above None mN=1.091 I=64 rep 863: frozen gen 275 pcc 1.000 sep_end 0 first_sep -1 tag None (0.3s; 10380s total)
nat cheap None mN=1.091 I=64 rep 856: unresolved gen 100000 pcc 0.981 sep_end 3 first_sep 80 tag None (57.6s; 10384s total)
nat above None mN=1.091 I=64 rep 864: frozen gen 310 pcc 1.000 sep_end 0 first_sep -1 tag None (0.3s; 10384s total)
nat cheap None mN=1.091 I=64 rep 859: unresolved gen 100000 pcc 0.982 sep_end 1 first_sep 100 tag None (63.8s; 10396s total)
nat above None mN=1.091 I=64 rep 865: frozen gen 305 pcc 1.000 sep_end 0 first_sep -1 tag None (0.3s; 10396s total)
nat cheap None mN=1.091 I=64 rep 865: frozen gen 305 pcc 1.000 sep_end 0 first_sep -1 tag None (0.3s; 10396s total)
nat above None mN=1.091 I=64 rep 866: frozen gen 280 pcc 1.000 sep_end 0 first_sep -1 tag None (0.3s; 10397s total)
nat cheap None mN=1.091 I=64 rep 866: frozen gen 1480 pcc 1.000 sep_end 0 first_sep 115 tag None (1.6s; 10398s total)
nat above None mN=1.091 I=64 rep 867: frozen gen 370 pcc 1.000 sep_end 0 first_sep -1 tag None (0.3s; 10399s total)
nat cheap None mN=1.091 I=64 rep 867: frozen gen 315 pcc 1.000 sep_end 0 first_sep -1 tag None (0.3s; 10399s total)
nat above None mN=1.091 I=64 rep 868: frozen gen 345 pcc 1.000 sep_end 0 first_sep -1 tag None (0.3s; 10399s total)
nat cheap None mN=1.091 I=64 rep 863: unresolved gen 100000 pcc 0.989 sep_end 1 first_sep 145 tag None (24.5s; 10405s total)
nat above None mN=1.091 I=64 rep 869: frozen gen 270 pcc 1.000 sep_end 0 first_sep -1 tag None (0.2s; 10405s total)
nat cheap None mN=1.091 I=64 rep 868: unresolved gen 100000 pcc 0.990 sep_end 1 first_sep 160 tag None (34.6s; 10434s total)
nat above None mN=1.091 I=64 rep 870: frozen gen 340 pcc 1.000 sep_end 0 first_sep -1 tag None (0.3s; 10434s total)
nat cheap None mN=1.091 I=64 rep 870: frozen gen 300 pcc 1.000 sep_end 0 first_sep -1 tag None (0.3s; 10435s total)
nat above None mN=1.091 I=64 rep 871: frozen gen 265 pcc 1.000 sep_end 0 first_sep -1 tag None (0.2s; 10435s total)
nat cheap None mN=1.091 I=64 rep 864: unresolved gen 100000 pcc 0.985 sep_end 1 first_sep 110 tag None (63.9s; 10448s total)
nat above None mN=1.091 I=64 rep 872: frozen gen 310 pcc 1.000 sep_end 0 first_sep -1 tag None (0.3s; 10448s total)
nat cheap None mN=1.091 I=64 rep 869: unresolved gen 100000 pcc 0.979 sep_end 1 first_sep 70 tag None (65.3s; 10470s total)
nat above None mN=1.091 I=64 rep 873: frozen gen 235 pcc 1.000 sep_end 0 first_sep -1 tag None (0.3s; 10470s total)
nat cheap None mN=1.091 I=64 rep 873: unresolved gen 100000 pcc 0.997 sep_end 1 first_sep 120 tag None (15.2s; 10486s total)
nat above None mN=1.091 I=64 rep 874: frozen gen 310 pcc 1.000 sep_end 0 first_sep -1 tag None (0.3s; 10486s total)
nat cheap None mN=1.091 I=64 rep 871: unresolved gen 100000 pcc 0.985 sep_end 1 first_sep 80 tag None (53.4s; 10488s total)
nat above None mN=1.091 I=64 rep 875: frozen gen 400 pcc 1.000 sep_end 0 first_sep -1 tag None (0.3s; 10489s total)
nat cheap None mN=1.091 I=64 rep 872: unresolved gen 100000 pcc 0.973 sep_end 3 first_sep 80 tag None (68.2s; 10516s total)
nat above None mN=1.091 I=64 rep 876: frozen gen 270 pcc 1.000 sep_end 0 first_sep -1 tag None (0.3s; 10517s total)
nat cheap None mN=1.091 I=64 rep 874: unresolved gen 100000 pcc 0.983 sep_end 1 first_sep 85 tag None (48.1s; 10534s total)
nat above None mN=1.091 I=64 rep 877: frozen gen 300 pcc 1.000 sep_end 0 first_sep -1 tag None (0.4s; 10534s total)
nat cheap None mN=1.091 I=64 rep 875: unresolved gen 100000 pcc 0.979 sep_end 3 first_sep 65 tag None (62.7s; 10551s total)
nat above None mN=1.091 I=64 rep 878: frozen gen 260 pcc 1.000 sep_end 0 first_sep -1 tag None (0.2s; 10551s total)
nat cheap None mN=1.091 I=64 rep 878: unresolved gen 100000 pcc 0.985 sep_end 1 first_sep 60 tag None (39.6s; 10591s total)
nat above None mN=1.091 I=64 rep 879: frozen gen 295 pcc 1.000 sep_end 0 first_sep -1 tag None (0.3s; 10591s total)
nat cheap None mN=1.091 I=64 rep 876: unresolved gen 100000 pcc 0.980 sep_end 3 first_sep 75 tag None (78.0s; 10594s total)
nat above None mN=1.091 I=64 rep 880: frozen gen 270 pcc 1.000 sep_end 0 first_sep -1 tag None (0.3s; 10595s total)
nat cheap None mN=1.091 I=64 rep 877: unresolved gen 100000 pcc 0.977 sep_end 1 first_sep 105 tag None (65.3s; 10600s total)
nat above None mN=1.091 I=64 rep 881: frozen gen 290 pcc 1.000 sep_end 0 first_sep -1 tag None (0.3s; 10600s total)
nat cheap None mN=1.091 I=64 rep 881: frozen gen 320 pcc 1.000 sep_end 0 first_sep -1 tag None (0.3s; 10600s total)
nat above None mN=1.091 I=64 rep 882: frozen gen 245 pcc 1.000 sep_end 0 first_sep -1 tag None (0.3s; 10601s total)
nat cheap None mN=1.091 I=64 rep 882: frozen gen 1445 pcc 1.000 sep_end 0 first_sep 110 tag None (1.5s; 10602s total)
nat above None mN=1.091 I=64 rep 883: frozen gen 305 pcc 1.000 sep_end 0 first_sep -1 tag None (0.3s; 10603s total)
nat cheap None mN=1.091 I=64 rep 883: unresolved gen 100000 pcc 0.987 sep_end 1 first_sep 105 tag None (36.4s; 10639s total)
nat above None mN=1.091 I=64 rep 884: frozen gen 220 pcc 1.000 sep_end 0 first_sep -1 tag None (0.2s; 10639s total)
nat cheap None mN=1.091 I=64 rep 884: frozen gen 320 pcc 1.000 sep_end 0 first_sep -1 tag None (0.3s; 10639s total)
nat above None mN=1.091 I=64 rep 885: frozen gen 275 pcc 1.000 sep_end 0 first_sep -1 tag None (0.3s; 10640s total)
nat cheap None mN=1.091 I=64 rep 879: unresolved gen 100000 pcc 0.976 sep_end 1 first_sep 70 tag None (66.1s; 10657s total)
nat above None mN=1.091 I=64 rep 886: frozen gen 325 pcc 1.000 sep_end 0 first_sep -1 tag None (0.3s; 10658s total)
nat cheap None mN=1.091 I=64 rep 880: unresolved gen 100000 pcc 0.980 sep_end 1 first_sep 70 tag None (65.2s; 10660s total)
nat above None mN=1.091 I=64 rep 887: frozen gen 265 pcc 1.000 sep_end 0 first_sep -1 tag None (0.3s; 10660s total)
nat cheap None mN=1.091 I=64 rep 887: unresolved gen 100000 pcc 0.989 sep_end 1 first_sep 130 tag None (32.0s; 10692s total)
nat above None mN=1.091 I=64 rep 888: frozen gen 280 pcc 1.000 sep_end 0 first_sep -1 tag None (0.3s; 10693s total)
nat cheap None mN=1.091 I=64 rep 885: unresolved gen 100000 pcc 0.971 sep_end 1 first_sep 70 tag None (66.2s; 10706s total)
nat above None mN=1.091 I=64 rep 889: frozen gen 285 pcc 1.000 sep_end 0 first_sep -1 tag None (0.3s; 10706s total)
nat cheap None mN=1.091 I=64 rep 889: frozen gen 980 pcc 1.000 sep_end 0 first_sep 135 tag None (1.2s; 10707s total)
nat above None mN=1.091 I=64 rep 890: frozen gen 320 pcc 1.000 sep_end 0 first_sep -1 tag None (0.3s; 10708s total)
nat cheap None mN=1.091 I=64 rep 886: unresolved gen 100000 pcc 0.970 sep_end 3 first_sep 135 tag None (71.8s; 10730s total)
nat above None mN=1.091 I=64 rep 891: frozen gen 290 pcc 1.000 sep_end 0 first_sep -1 tag None (0.3s; 10730s total)
nat cheap None mN=1.091 I=64 rep 890: unresolved gen 100000 pcc 0.987 sep_end 1 first_sep 45 tag None (49.1s; 10757s total)
nat above None mN=1.091 I=64 rep 892: frozen gen 320 pcc 1.000 sep_end 0 first_sep -1 tag None (0.3s; 10757s total)
nat cheap None mN=1.091 I=64 rep 888: unresolved gen 100000 pcc 0.969 sep_end 3 first_sep 120 tag None (65.3s; 10758s total)
nat above None mN=1.091 I=64 rep 893: frozen gen 295 pcc 1.000 sep_end 0 first_sep -1 tag None (0.3s; 10758s total)
nat cheap None mN=1.091 I=64 rep 891: unresolved gen 100000 pcc 0.983 sep_end 1 first_sep 95 tag None (54.9s; 10785s total)
nat above None mN=1.091 I=64 rep 894: frozen gen 225 pcc 1.000 sep_end 0 first_sep -1 tag None (0.2s; 10785s total)
nat cheap None mN=1.091 I=64 rep 894: frozen gen 320 pcc 1.000 sep_end 0 first_sep 75 tag None (0.4s; 10785s total)
nat above None mN=1.091 I=64 rep 895: frozen gen 265 pcc 1.000 sep_end 0 first_sep -1 tag None (0.3s; 10786s total)
nat cheap None mN=1.091 I=64 rep 893: unresolved gen 100000 pcc 0.984 sep_end 1 first_sep 70 tag None (47.8s; 10806s total)
nat above None mN=1.091 I=64 rep 896: frozen gen 325 pcc 1.000 sep_end 0 first_sep -1 tag None (0.3s; 10806s total)
nat cheap None mN=1.091 I=64 rep 892: unresolved gen 100000 pcc 0.977 sep_end 3 first_sep 85 tag None (65.3s; 10822s total)
nat above None mN=1.091 I=64 rep 897: frozen gen 285 pcc 1.000 sep_end 0 first_sep -1 tag None (0.3s; 10823s total)
nat cheap None mN=1.091 I=64 rep 897: frozen gen 260 pcc 1.000 sep_end 0 first_sep -1 tag None (0.2s; 10823s total)
nat above None mN=1.091 I=64 rep 898: frozen gen 250 pcc 1.000 sep_end 0 first_sep -1 tag None (0.3s; 10823s total)
nat cheap None mN=1.091 I=64 rep 898: frozen gen 2175 pcc 1.000 sep_end 0 first_sep 120 tag None (1.9s; 10825s total)
nat above None mN=1.091 I=64 rep 899: frozen gen 310 pcc 1.000 sep_end 0 first_sep -1 tag None (0.3s; 10826s total)
nat cheap None mN=1.091 I=64 rep 895: unresolved gen 100000 pcc 0.984 sep_end 1 first_sep 85 tag None (43.1s; 10829s total)
nat above None mN=1.091 I=64 rep 900: frozen gen 280 pcc 1.000 sep_end 0 first_sep -1 tag None (0.3s; 10829s total)
nat cheap None mN=1.091 I=64 rep 896: unresolved gen 100000 pcc 0.985 sep_end 1 first_sep 65 tag None (48.3s; 10855s total)
nat above None mN=1.091 I=64 rep 901: frozen gen 300 pcc 1.000 sep_end 0 first_sep -1 tag None (0.3s; 10855s total)
nat cheap None mN=1.091 I=64 rep 900: unresolved gen 100000 pcc 0.979 sep_end 1 first_sep 135 tag None (58.0s; 10887s total)
nat above None mN=1.091 I=64 rep 902: frozen gen 250 pcc 1.000 sep_end 0 first_sep -1 tag None (0.2s; 10887s total)
nat cheap None mN=1.091 I=64 rep 899: unresolved gen 100000 pcc 0.977 sep_end 1 first_sep 85 tag None (63.1s; 10889s total)
nat above None mN=1.091 I=64 rep 903: frozen gen 240 pcc 1.000 sep_end 0 first_sep -1 tag None (0.2s; 10889s total)
nat cheap None mN=1.091 I=64 rep 901: unresolved gen 100000 pcc 0.973 sep_end 1 first_sep 60 tag None (60.3s; 10915s total)
nat above None mN=1.091 I=64 rep 904: frozen gen 295 pcc 1.000 sep_end 0 first_sep -1 tag None (0.3s; 10916s total)
nat cheap None mN=1.091 I=64 rep 903: unresolved gen 100000 pcc 0.983 sep_end 3 first_sep 75 tag None (58.0s; 10947s total)
nat above None mN=1.091 I=64 rep 905: frozen gen 270 pcc 1.000 sep_end 0 first_sep -1 tag None (0.3s; 10947s total)
nat cheap None mN=1.091 I=64 rep 902: unresolved gen 100000 pcc 0.980 sep_end 1 first_sep 105 tag None (62.6s; 10950s total)
nat above None mN=1.091 I=64 rep 906: frozen gen 345 pcc 1.000 sep_end 0 first_sep -1 tag None (0.3s; 10950s total)
nat cheap None mN=1.091 I=64 rep 904: unresolved gen 100000 pcc 0.969 sep_end 3 first_sep 95 tag None (74.9s; 10990s total)
nat above None mN=1.091 I=64 rep 907: frozen gen 300 pcc 1.000 sep_end 0 first_sep -1 tag None (0.3s; 10991s total)
nat cheap None mN=1.091 I=64 rep 905: unresolved gen 100000 pcc 0.989 sep_end 1 first_sep 60 tag None (44.4s; 10992s total)
nat above None mN=1.091 I=64 rep 908: frozen gen 320 pcc 1.000 sep_end 0 first_sep -1 tag None (0.3s; 10992s total)
nat cheap None mN=1.091 I=64 rep 908: frozen gen 1620 pcc 1.000 sep_end 0 first_sep 90 tag None (1.9s; 10994s total)
nat above None mN=1.091 I=64 rep 909: frozen gen 280 pcc 1.000 sep_end 0 first_sep -1 tag None (0.3s; 10994s total)
nat cheap None mN=1.091 I=64 rep 909: frozen gen 290 pcc 1.000 sep_end 0 first_sep -1 tag None (0.3s; 10994s total)
nat above None mN=1.091 I=64 rep 910: frozen gen 280 pcc 1.000 sep_end 0 first_sep -1 tag None (0.3s; 10995s total)
nat cheap None mN=1.091 I=64 rep 906: unresolved gen 100000 pcc 0.985 sep_end 1 first_sep 100 tag None (51.4s; 11002s total)
nat above None mN=1.091 I=64 rep 911: frozen gen 340 pcc 1.000 sep_end 0 first_sep -1 tag None (0.3s; 11002s total)
nat cheap None mN=1.091 I=64 rep 911: frozen gen 280 pcc 1.000 sep_end 0 first_sep -1 tag None (0.3s; 11002s total)
nat above None mN=1.091 I=64 rep 912: frozen gen 265 pcc 1.000 sep_end 0 first_sep -1 tag None (0.3s; 11003s total)
nat cheap None mN=1.091 I=64 rep 912: frozen gen 715 pcc 1.000 sep_end 0 first_sep 155 tag None (0.9s; 11003s total)
nat above None mN=1.091 I=64 rep 913: frozen gen 285 pcc 1.000 sep_end 0 first_sep -1 tag None (0.3s; 11004s total)
nat cheap None mN=1.091 I=64 rep 907: unresolved gen 100000 pcc 0.994 sep_end 1 first_sep 125 tag None (21.0s; 11012s total)
nat above None mN=1.091 I=64 rep 914: frozen gen 345 pcc 1.000 sep_end 0 first_sep -1 tag None (0.3s; 11012s total)
nat cheap None mN=1.091 I=64 rep 914: frozen gen 1110 pcc 1.000 sep_end 0 first_sep 100 tag None (1.3s; 11013s total)
nat above None mN=1.091 I=64 rep 915: frozen gen 310 pcc 1.000 sep_end 0 first_sep -1 tag None (0.3s; 11014s total)
nat cheap None mN=1.091 I=64 rep 915: frozen gen 300 pcc 1.000 sep_end 0 first_sep -1 tag None (0.3s; 11014s total)
nat above None mN=1.091 I=64 rep 916: frozen gen 230 pcc 1.000 sep_end 0 first_sep -1 tag None (0.3s; 11014s total)
nat cheap None mN=1.091 I=64 rep 916: frozen gen 315 pcc 1.000 sep_end 0 first_sep -1 tag None (0.3s; 11015s total)
nat above None mN=1.091 I=64 rep 917: frozen gen 315 pcc 1.000 sep_end 0 first_sep -1 tag None (0.3s; 11015s total)
nat cheap None mN=1.091 I=64 rep 917: unresolved gen 100000 pcc 0.999 sep_end 1 first_sep 55 tag None (5.3s; 11020s total)
nat above None mN=1.091 I=64 rep 918: frozen gen 355 pcc 1.000 sep_end 0 first_sep -1 tag None (0.4s; 11021s total)
nat cheap None mN=1.091 I=64 rep 910: unresolved gen 100000 pcc 0.992 sep_end 1 first_sep 135 tag None (32.8s; 11028s total)
nat above None mN=1.091 I=64 rep 919: frozen gen 295 pcc 1.000 sep_end 0 first_sep -1 tag None (0.3s; 11028s total)
nat cheap None mN=1.091 I=64 rep 913: unresolved gen 100000 pcc 0.985 sep_end 1 first_sep 60 tag None (38.3s; 11042s total)
nat above None mN=1.091 I=64 rep 920: frozen gen 345 pcc 1.000 sep_end 0 first_sep -1 tag None (0.3s; 11042s total)
nat cheap None mN=1.091 I=64 rep 920: frozen gen 1975 pcc 1.000 sep_end 0 first_sep 60 tag None (2.0s; 11044s total)
nat above None mN=1.091 I=64 rep 921: frozen gen 275 pcc 1.000 sep_end 0 first_sep -1 tag None (0.3s; 11045s total)
nat cheap None mN=1.091 I=64 rep 921: frozen gen 290 pcc 1.000 sep_end 0 first_sep -1 tag None (0.3s; 11045s total)
nat above None mN=1.091 I=64 rep 922: frozen gen 345 pcc 1.000 sep_end 0 first_sep -1 tag None (0.3s; 11045s total)
nat cheap None mN=1.091 I=64 rep 918: unresolved gen 100000 pcc 0.983 sep_end 1 first_sep 140 tag None (55.8s; 11076s total)
nat above None mN=1.091 I=64 rep 923: frozen gen 290 pcc 1.000 sep_end 0 first_sep -1 tag None (0.4s; 11077s total)
nat cheap None mN=1.091 I=64 rep 919: unresolved gen 100000 pcc 0.976 sep_end 1 first_sep 130 tag None (65.0s; 11093s total)
nat above None mN=1.091 I=64 rep 924: frozen gen 290 pcc 1.000 sep_end 0 first_sep -1 tag None (0.3s; 11093s total)
nat cheap None mN=1.091 I=64 rep 924: frozen gen 320 pcc 1.000 sep_end 0 first_sep -1 tag None (0.3s; 11093s total)
nat above None mN=1.091 I=64 rep 925: frozen gen 380 pcc 1.000 sep_end 0 first_sep -1 tag None (0.5s; 11094s total)
nat cheap None mN=1.091 I=64 rep 925: frozen gen 280 pcc 1.000 sep_end 0 first_sep -1 tag None (0.3s; 11094s total)
nat above None mN=1.091 I=64 rep 926: frozen gen 415 pcc 1.000 sep_end 0 first_sep -1 tag None (0.5s; 11095s total)
nat cheap None mN=1.091 I=64 rep 926: frozen gen 1615 pcc 1.000 sep_end 0 first_sep 120 tag None (1.9s; 11097s total)
nat above None mN=1.091 I=64 rep 927: frozen gen 250 pcc 1.000 sep_end 0 first_sep -1 tag None (0.2s; 11097s total)
nat cheap None mN=1.091 I=64 rep 922: unresolved gen 100000 pcc 0.977 sep_end 1 first_sep 80 tag None (65.1s; 11110s total)
nat above None mN=1.091 I=64 rep 928: frozen gen 330 pcc 1.000 sep_end 0 first_sep -1 tag None (0.3s; 11111s total)
nat cheap None mN=1.091 I=64 rep 923: unresolved gen 100000 pcc 0.987 sep_end 1 first_sep 95 tag None (59.6s; 11136s total)
nat above None mN=1.091 I=64 rep 929: frozen gen 370 pcc 1.000 sep_end 0 first_sep -1 tag None (0.4s; 11137s total)
nat cheap None mN=1.091 I=64 rep 929: frozen gen 285 pcc 1.000 sep_end 0 first_sep -1 tag None (0.2s; 11137s total)
nat above None mN=1.091 I=64 rep 930: frozen gen 320 pcc 1.000 sep_end 0 first_sep -1 tag None (0.3s; 11137s total)
nat cheap None mN=1.091 I=64 rep 927: unresolved gen 100000 pcc 0.982 sep_end 1 first_sep 60 tag None (56.1s; 11153s total)
nat above None mN=1.091 I=64 rep 931: frozen gen 315 pcc 1.000 sep_end 0 first_sep -1 tag None (0.3s; 11153s total)
nat cheap None mN=1.091 I=64 rep 931: frozen gen 765 pcc 1.000 sep_end 0 first_sep 85 tag None (0.9s; 11154s total)
nat above None mN=1.091 I=64 rep 932: frozen gen 280 pcc 1.000 sep_end 0 first_sep -1 tag None (0.3s; 11155s total)
nat cheap None mN=1.091 I=64 rep 932: frozen gen 345 pcc 1.000 sep_end 0 first_sep -1 tag None (0.3s; 11155s total)
nat above None mN=1.091 I=64 rep 933: frozen gen 400 pcc 1.000 sep_end 0 first_sep -1 tag None (0.4s; 11155s total)
nat cheap None mN=1.091 I=64 rep 933: unresolved gen 100000 pcc 0.991 sep_end 0 first_sep 95 tag None (20.5s; 11176s total)
nat above None mN=1.091 I=64 rep 934: frozen gen 275 pcc 1.000 sep_end 0 first_sep -1 tag None (0.2s; 11176s total)
nat cheap None mN=1.091 I=64 rep 934: unresolved gen 100000 pcc 0.999 sep_end 1 first_sep 155 tag None (7.2s; 11183s total)
nat above None mN=1.091 I=64 rep 935: frozen gen 265 pcc 1.000 sep_end 0 first_sep -1 tag None (0.2s; 11183s total)
nat cheap None mN=1.091 I=64 rep 935: frozen gen 335 pcc 1.000 sep_end 0 first_sep 90 tag None (0.3s; 11184s total)
nat above None mN=1.091 I=64 rep 936: frozen gen 360 pcc 1.000 sep_end 0 first_sep -1 tag None (0.3s; 11184s total)
nat cheap None mN=1.091 I=64 rep 928: unresolved gen 100000 pcc 0.965 sep_end 3 first_sep 105 tag None (77.4s; 11188s total)
nat above None mN=1.091 I=64 rep 937: frozen gen 275 pcc 1.000 sep_end 0 first_sep -1 tag None (0.3s; 11188s total)
nat cheap None mN=1.091 I=64 rep 930: unresolved gen 100000 pcc 0.979 sep_end 1 first_sep 105 tag None (64.8s; 11202s total)
nat above None mN=1.091 I=64 rep 938: frozen gen 350 pcc 1.000 sep_end 0 first_sep -1 tag None (0.3s; 11202s total)
nat cheap None mN=1.091 I=64 rep 938: frozen gen 3475 pcc 1.000 sep_end 0 first_sep 85 tag None (2.9s; 11205s total)
nat above None mN=1.091 I=64 rep 939: frozen gen 315 pcc 1.000 sep_end 0 first_sep -1 tag None (0.4s; 11206s total)
nat cheap None mN=1.091 I=64 rep 936: unresolved gen 100000 pcc 0.982 sep_end 3 first_sep 120 tag None (67.2s; 11251s total)
nat above None mN=1.091 I=64 rep 940: frozen gen 270 pcc 1.000 sep_end 0 first_sep -1 tag None (0.3s; 11252s total)
nat cheap None mN=1.091 I=64 rep 937: unresolved gen 100000 pcc 0.982 sep_end 1 first_sep 80 tag None (66.1s; 11255s total)
nat above None mN=1.091 I=64 rep 941: frozen gen 325 pcc 1.000 sep_end 0 first_sep -1 tag None (0.3s; 11255s total)
nat cheap None mN=1.091 I=64 rep 941: frozen gen 1475 pcc 1.000 sep_end 0 first_sep 80 tag None (1.7s; 11257s total)
nat above None mN=1.091 I=64 rep 942: frozen gen 280 pcc 1.000 sep_end 0 first_sep -1 tag None (0.3s; 11257s total)
nat cheap None mN=1.091 I=64 rep 942: frozen gen 365 pcc 1.000 sep_end 0 first_sep -1 tag None (0.3s; 11257s total)
nat above None mN=1.091 I=64 rep 943: frozen gen 285 pcc 1.000 sep_end 0 first_sep -1 tag None (0.3s; 11257s total)
nat cheap None mN=1.091 I=64 rep 939: unresolved gen 100000 pcc 0.977 sep_end 3 first_sep 70 tag None (68.4s; 11274s total)
nat above None mN=1.091 I=64 rep 944: frozen gen 420 pcc 1.000 sep_end 0 first_sep -1 tag None (0.5s; 11275s total)
nat cheap None mN=1.091 I=64 rep 944: frozen gen 1335 pcc 1.000 sep_end 0 first_sep 115 tag None (1.4s; 11276s total)
nat above None mN=1.091 I=64 rep 945: frozen gen 290 pcc 1.000 sep_end 0 first_sep -1 tag None (0.3s; 11276s total)
nat cheap None mN=1.091 I=64 rep 940: unresolved gen 100000 pcc 0.984 sep_end 1 first_sep 100 tag None (49.2s; 11301s total)
nat above None mN=1.091 I=64 rep 946: frozen gen 315 pcc 1.000 sep_end 0 first_sep -1 tag None (0.4s; 11301s total)
nat cheap None mN=1.091 I=64 rep 943: unresolved gen 100000 pcc 0.979 sep_end 3 first_sep 90 tag None (57.9s; 11315s total)
nat above None mN=1.091 I=64 rep 947: frozen gen 350 pcc 1.000 sep_end 0 first_sep -1 tag None (0.3s; 11316s total)
nat cheap None mN=1.091 I=64 rep 945: unresolved gen 100000 pcc 0.975 sep_end 3 first_sep 65 tag None (64.6s; 11341s total)
nat above None mN=1.091 I=64 rep 948: frozen gen 255 pcc 1.000 sep_end 0 first_sep -1 tag None (0.2s; 11341s total)
nat cheap None mN=1.091 I=64 rep 947: unresolved gen 100000 pcc 0.982 sep_end 1 first_sep 80 tag None (54.6s; 11370s total)
nat above None mN=1.091 I=64 rep 949: frozen gen 235 pcc 1.000 sep_end 0 first_sep -1 tag None (0.2s; 11371s total)
nat cheap None mN=1.091 I=64 rep 946: unresolved gen 100000 pcc 0.969 sep_end 3 first_sep 110 tag None (74.1s; 11375s total)
nat above None mN=1.091 I=64 rep 950: frozen gen 295 pcc 1.000 sep_end 0 first_sep -1 tag None (0.3s; 11376s total)
nat cheap None mN=1.091 I=64 rep 948: unresolved gen 100000 pcc 0.983 sep_end 1 first_sep 85 tag None (64.9s; 11406s total)
nat above None mN=1.091 I=64 rep 951: frozen gen 400 pcc 1.000 sep_end 0 first_sep -1 tag None (0.3s; 11407s total)
nat cheap None mN=1.091 I=64 rep 950: unresolved gen 100000 pcc 0.981 sep_end 1 first_sep 165 tag None (45.6s; 11421s total)
nat above None mN=1.091 I=64 rep 952: frozen gen 290 pcc 1.000 sep_end 0 first_sep -1 tag None (0.3s; 11421s total)
nat cheap None mN=1.091 I=64 rep 952: frozen gen 2450 pcc 1.000 sep_end 0 first_sep 110 tag None (2.3s; 11424s total)
nat above None mN=1.091 I=64 rep 953: frozen gen 275 pcc 1.000 sep_end 0 first_sep 150 tag None (0.3s; 11424s total)
nat cheap None mN=1.091 I=64 rep 949: unresolved gen 100000 pcc 0.979 sep_end 3 first_sep 85 tag None (64.7s; 11435s total)
nat above None mN=1.091 I=64 rep 954: frozen gen 375 pcc 1.000 sep_end 0 first_sep -1 tag None (0.4s; 11436s total)
nat cheap None mN=1.091 I=64 rep 951: unresolved gen 100000 pcc 0.973 sep_end 1 first_sep 75 tag None (65.5s; 11472s total)
nat above None mN=1.091 I=64 rep 955: frozen gen 245 pcc 1.000 sep_end 0 first_sep -1 tag None (0.2s; 11472s total)
nat cheap None mN=1.091 I=64 rep 955: frozen gen 2525 pcc 1.000 sep_end 0 first_sep 75 tag None (2.9s; 11475s total)
nat above None mN=1.091 I=64 rep 956: frozen gen 265 pcc 1.000 sep_end 0 first_sep -1 tag None (0.3s; 11475s total)
nat cheap None mN=1.091 I=64 rep 953: unresolved gen 100000 pcc 0.976 sep_end 3 first_sep 70 tag None (63.5s; 11488s total)
nat above None mN=1.091 I=64 rep 957: frozen gen 310 pcc 1.000 sep_end 0 first_sep -1 tag None (0.3s; 11488s total)
nat cheap None mN=1.091 I=64 rep 957: unresolved gen 100000 pcc 0.992 sep_end 1 first_sep 105 tag None (17.4s; 11505s total)
nat above None mN=1.091 I=64 rep 958: frozen gen 295 pcc 1.000 sep_end 0 first_sep -1 tag None (0.3s; 11506s total)
nat cheap None mN=1.091 I=64 rep 954: unresolved gen 100000 pcc 0.980 sep_end 3 first_sep 95 tag None (71.4s; 11507s total)
nat above None mN=1.091 I=64 rep 959: frozen gen 375 pcc 1.000 sep_end 0 first_sep -1 tag None (0.3s; 11507s total)
nat cheap None mN=1.091 I=64 rep 956: unresolved gen 100000 pcc 0.981 sep_end 1 first_sep 125 tag None (59.8s; 11535s total)
nat above None mN=1.091 I=64 rep 960: frozen gen 295 pcc 1.000 sep_end 0 first_sep -1 tag None (0.3s; 11536s total)
nat cheap None mN=1.091 I=64 rep 959: unresolved gen 100000 pcc 0.981 sep_end 1 first_sep 55 tag None (62.6s; 11570s total)
nat above None mN=1.091 I=64 rep 961: frozen gen 295 pcc 1.000 sep_end 0 first_sep -1 tag None (0.3s; 11570s total)
nat cheap None mN=1.091 I=64 rep 961: frozen gen 340 pcc 1.000 sep_end 0 first_sep -1 tag None (0.3s; 11571s total)
nat above None mN=1.091 I=64 rep 962: frozen gen 270 pcc 1.000 sep_end 0 first_sep -1 tag None (0.4s; 11571s total)
nat cheap None mN=1.091 I=64 rep 962: frozen gen 340 pcc 1.000 sep_end 0 first_sep -1 tag None (0.4s; 11571s total)
nat above None mN=1.091 I=64 rep 963: frozen gen 255 pcc 1.000 sep_end 0 first_sep -1 tag None (0.2s; 11572s total)
nat cheap None mN=1.091 I=64 rep 958: unresolved gen 100000 pcc 0.985 sep_end 1 first_sep 95 tag None (66.4s; 11572s total)
nat above None mN=1.091 I=64 rep 964: frozen gen 345 pcc 1.000 sep_end 0 first_sep 135 tag None (0.6s; 11573s total)
nat cheap None mN=1.091 I=64 rep 960: unresolved gen 100000 pcc 0.987 sep_end 1 first_sep 155 tag None (38.5s; 11574s total)
nat above None mN=1.091 I=64 rep 965: frozen gen 315 pcc 1.000 sep_end 0 first_sep -1 tag None (0.3s; 11574s total)
nat cheap None mN=1.091 I=64 rep 965: unresolved gen 100000 pcc 0.988 sep_end 3 first_sep 75 tag None (32.0s; 11606s total)
nat above None mN=1.091 I=64 rep 966: frozen gen 275 pcc 1.000 sep_end 0 first_sep -1 tag None (0.3s; 11607s total)
nat cheap None mN=1.091 I=64 rep 966: frozen gen 360 pcc 1.000 sep_end 0 first_sep -1 tag None (0.4s; 11607s total)
nat above None mN=1.091 I=64 rep 967: frozen gen 285 pcc 1.000 sep_end 0 first_sep -1 tag None (0.3s; 11607s total)
nat cheap None mN=1.091 I=64 rep 964: unresolved gen 100000 pcc 0.988 sep_end 3 first_sep 80 tag None (34.9s; 11608s total)
nat above None mN=1.091 I=64 rep 968: frozen gen 295 pcc 1.000 sep_end 0 first_sep -1 tag None (0.3s; 11608s total)
nat cheap None mN=1.091 I=64 rep 967: frozen gen 700 pcc 1.000 sep_end 0 first_sep 135 tag None (0.8s; 11608s total)
nat above None mN=1.091 I=64 rep 969: frozen gen 285 pcc 1.000 sep_end 0 first_sep -1 tag None (0.3s; 11608s total)
nat cheap None mN=1.091 I=64 rep 963: unresolved gen 100000 pcc 0.975 sep_end 3 first_sep 70 tag None (72.3s; 11644s total)
nat above None mN=1.091 I=64 rep 970: frozen gen 380 pcc 1.000 sep_end 0 first_sep -1 tag None (0.3s; 11644s total)
nat cheap None mN=1.091 I=64 rep 970: frozen gen 1470 pcc 1.000 sep_end 0 first_sep 175 tag None (1.7s; 11646s total)
nat above None mN=1.091 I=64 rep 971: frozen gen 250 pcc 1.000 sep_end 0 first_sep -1 tag None (0.3s; 11646s total)
nat cheap None mN=1.091 I=64 rep 971: frozen gen 2150 pcc 1.000 sep_end 0 first_sep 95 tag None (1.8s; 11648s total)
nat above None mN=1.091 I=64 rep 972: frozen gen 285 pcc 1.000 sep_end 0 first_sep -1 tag None (0.3s; 11648s total)
nat cheap None mN=1.091 I=64 rep 969: unresolved gen 100000 pcc 0.984 sep_end 1 first_sep 150 tag None (40.9s; 11649s total)
nat above None mN=1.091 I=64 rep 973: frozen gen 335 pcc 1.000 sep_end 0 first_sep -1 tag None (0.4s; 11650s total)
nat cheap None mN=1.091 I=64 rep 968: unresolved gen 100000 pcc 0.979 sep_end 1 first_sep 90 tag None (61.1s; 11669s total)
nat above None mN=1.091 I=64 rep 974: frozen gen 695 pcc 1.000 sep_end 0 first_sep 70 tag None (0.8s; 11670s total)
nat cheap None mN=1.091 I=64 rep 974: frozen gen 1045 pcc 1.000 sep_end 0 first_sep 95 tag None (1.2s; 11671s total)
nat above None mN=1.091 I=64 rep 975: frozen gen 380 pcc 1.000 sep_end 0 first_sep -1 tag None (0.4s; 11672s total)
nat cheap None mN=1.091 I=64 rep 975: frozen gen 1275 pcc 1.000 sep_end 0 first_sep 85 tag None (1.5s; 11673s total)
nat above None mN=1.091 I=64 rep 976: frozen gen 260 pcc 1.000 sep_end 0 first_sep -1 tag None (0.2s; 11674s total)
nat cheap None mN=1.091 I=64 rep 976: frozen gen 340 pcc 1.000 sep_end 0 first_sep -1 tag None (0.3s; 11674s total)
nat above None mN=1.091 I=64 rep 977: frozen gen 335 pcc 1.000 sep_end 0 first_sep -1 tag None (0.3s; 11674s total)
nat cheap None mN=1.091 I=64 rep 972: unresolved gen 100000 pcc 0.989 sep_end 1 first_sep 70 tag None (42.7s; 11691s total)
nat above None mN=1.091 I=64 rep 978: frozen gen 330 pcc 1.000 sep_end 0 first_sep -1 tag None (0.4s; 11691s total)
nat cheap None mN=1.091 I=64 rep 973: unresolved gen 100000 pcc 0.984 sep_end 1 first_sep 85 tag None (63.0s; 11713s total)
nat above None mN=1.091 I=64 rep 979: frozen gen 370 pcc 1.000 sep_end 0 first_sep -1 tag None (0.3s; 11713s total)
nat cheap None mN=1.091 I=64 rep 977: unresolved gen 100000 pcc 0.981 sep_end 1 first_sep 95 tag None (64.8s; 11739s total)
nat above None mN=1.091 I=64 rep 980: frozen gen 290 pcc 1.000 sep_end 0 first_sep -1 tag None (0.3s; 11739s total)
nat cheap None mN=1.091 I=64 rep 978: unresolved gen 100000 pcc 0.973 sep_end 3 first_sep 95 tag None (68.9s; 11760s total)
nat above None mN=1.091 I=64 rep 981: frozen gen 285 pcc 1.000 sep_end 0 first_sep -1 tag None (0.4s; 11761s total)
nat cheap None mN=1.091 I=64 rep 979: unresolved gen 100000 pcc 0.981 sep_end 1 first_sep 85 tag None (57.8s; 11771s total)
nat above None mN=1.091 I=64 rep 982: frozen gen 260 pcc 1.000 sep_end 0 first_sep -1 tag None (0.2s; 11771s total)
nat cheap None mN=1.091 I=64 rep 982: frozen gen 760 pcc 1.000 sep_end 0 first_sep 75 tag None (0.9s; 11772s total)
nat above None mN=1.091 I=64 rep 983: frozen gen 340 pcc 1.000 sep_end 0 first_sep -1 tag None (0.3s; 11772s total)
nat cheap None mN=1.091 I=64 rep 980: unresolved gen 100000 pcc 0.984 sep_end 1 first_sep 70 tag None (44.6s; 11784s total)
nat above None mN=1.091 I=64 rep 984: frozen gen 275 pcc 1.000 sep_end 0 first_sep -1 tag None (0.3s; 11784s total)
nat cheap None mN=1.091 I=64 rep 983: unresolved gen 100000 pcc 0.998 sep_end 1 first_sep 105 tag None (13.2s; 11786s total)
nat above None mN=1.091 I=64 rep 985: frozen gen 635 pcc 1.000 sep_end 0 first_sep -1 tag None (0.3s; 11786s total)
nat cheap None mN=1.091 I=64 rep 984: unresolved gen 100000 pcc 0.996 sep_end 1 first_sep 135 tag None (9.3s; 11793s total)
nat above None mN=1.091 I=64 rep 986: frozen gen 350 pcc 1.000 sep_end 0 first_sep -1 tag None (0.3s; 11794s total)
nat cheap None mN=1.091 I=64 rep 981: unresolved gen 100000 pcc 0.987 sep_end 1 first_sep 80 tag None (35.8s; 11797s total)
nat above None mN=1.091 I=64 rep 987: frozen gen 360 pcc 1.000 sep_end 0 first_sep -1 tag None (0.3s; 11797s total)
nat cheap None mN=1.091 I=64 rep 987: unresolved gen 100000 pcc 0.988 sep_end 1 first_sep 80 tag None (47.6s; 11844s total)
nat above None mN=1.091 I=64 rep 988: frozen gen 310 pcc 1.000 sep_end 0 first_sep -1 tag None (0.3s; 11845s total)
nat cheap None mN=1.091 I=64 rep 985: unresolved gen 100000 pcc 0.977 sep_end 3 first_sep 95 tag None (67.1s; 11853s total)
nat above None mN=1.091 I=64 rep 989: frozen gen 335 pcc 1.000 sep_end 0 first_sep -1 tag None (0.3s; 11853s total)
nat cheap None mN=1.091 I=64 rep 986: unresolved gen 100000 pcc 0.977 sep_end 1 first_sep 130 tag None (65.3s; 11859s total)
nat above None mN=1.091 I=64 rep 990: frozen gen 350 pcc 1.000 sep_end 0 first_sep -1 tag None (0.3s; 11859s total)
nat cheap None mN=1.091 I=64 rep 990: frozen gen 295 pcc 1.000 sep_end 0 first_sep -1 tag None (0.4s; 11860s total)
nat above None mN=1.091 I=64 rep 991: frozen gen 290 pcc 1.000 sep_end 0 first_sep -1 tag None (0.3s; 11860s total)
nat cheap None mN=1.091 I=64 rep 988: unresolved gen 100000 pcc 0.990 sep_end 3 first_sep 70 tag None (46.0s; 11891s total)
nat above None mN=1.091 I=64 rep 992: frozen gen 325 pcc 1.000 sep_end 0 first_sep -1 tag None (0.4s; 11891s total)
nat cheap None mN=1.091 I=64 rep 989: unresolved gen 100000 pcc 0.984 sep_end 1 first_sep 70 tag None (58.1s; 11911s total)
nat above None mN=1.091 I=64 rep 993: frozen gen 295 pcc 1.000 sep_end 0 first_sep -1 tag None (0.3s; 11912s total)
nat cheap None mN=1.091 I=64 rep 992: unresolved gen 100000 pcc 0.992 sep_end 1 first_sep 90 tag None (28.9s; 11920s total)
nat above None mN=1.091 I=64 rep 994: frozen gen 250 pcc 1.000 sep_end 0 first_sep -1 tag None (0.3s; 11920s total)
nat cheap None mN=1.091 I=64 rep 991: unresolved gen 100000 pcc 0.971 sep_end 1 first_sep 125 tag None (64.5s; 11924s total)
nat above None mN=1.091 I=64 rep 995: frozen gen 270 pcc 1.000 sep_end 0 first_sep -1 tag None (0.3s; 11925s total)
nat cheap None mN=1.091 I=64 rep 995: frozen gen 320 pcc 1.000 sep_end 0 first_sep -1 tag None (0.3s; 11925s total)
nat above None mN=1.091 I=64 rep 996: frozen gen 300 pcc 1.000 sep_end 0 first_sep -1 tag None (0.2s; 11925s total)
nat cheap None mN=1.091 I=64 rep 993: unresolved gen 100000 pcc 0.986 sep_end 3 first_sep 65 tag None (41.5s; 11953s total)
nat above None mN=1.091 I=64 rep 997: frozen gen 1480 pcc 1.000 sep_end 0 first_sep 75 tag None (1.6s; 11955s total)
nat cheap None mN=1.091 I=64 rep 997: frozen gen 1395 pcc 1.000 sep_end 0 first_sep 70 tag None (1.6s; 11957s total)
nat above None mN=1.091 I=64 rep 998: frozen gen 310 pcc 1.000 sep_end 0 first_sep -1 tag None (0.3s; 11957s total)
nat cheap None mN=1.091 I=64 rep 996: unresolved gen 100000 pcc 0.982 sep_end 1 first_sep 145 tag None (47.8s; 11973s total)
nat above None mN=1.091 I=64 rep 999: frozen gen 265 pcc 1.000 sep_end 0 first_sep -1 tag None (0.3s; 11973s total)
nat cheap None mN=1.091 I=64 rep 994: unresolved gen 100000 pcc 0.979 sep_end 1 first_sep 95 tag None (65.3s; 11986s total)
nat above None mN=1.091 I=64 rep 1000: frozen gen 280 pcc 1.000 sep_end 0 first_sep -1 tag None (0.3s; 11986s total)
nat cheap None mN=1.091 I=64 rep 998: unresolved gen 100000 pcc 0.983 sep_end 1 first_sep 150 tag None (61.6s; 12018s total)
nat cheap None mN=1.091 I=64 rep 999: unresolved gen 100000 pcc 0.989 sep_end 1 first_sep 65 tag None (50.0s; 12023s total)
nat cheap None mN=1.091 I=64 rep 1000: unresolved gen 100000 pcc 0.969 sep_end 3 first_sep 85 tag None (73.3s; 12059s total)
nat above None mN=1.091 I=64 rep 1002: frozen gen 285 pcc 1.000 sep_end 0 first_sep -1 tag None (0.3s; 12060s total)
nat cheap None mN=1.091 I=64 rep 1002: frozen gen 330 pcc 1.000 sep_end 0 first_sep -1 tag None (0.3s; 12060s total)
nat above None mN=1.091 I=64 rep 1003: frozen gen 295 pcc 1.000 sep_end 0 first_sep -1 tag None (0.3s; 12060s total)
nat cheap None mN=1.091 I=64 rep 1001: unresolved gen 100000 pcc 0.989 sep_end 1 first_sep 90 tag None (38.7s; 12062s total)
nat above None mN=1.091 I=64 rep 1004: frozen gen 290 pcc 1.000 sep_end 0 first_sep -1 tag None (0.3s; 12062s total)
nat above None mN=1.091 I=64 rep 1001: unresolved gen 100000 pcc 0.978 sep_end 1 first_sep 70 tag None (62.2s; 12081s total)
nat above None mN=1.091 I=64 rep 1005: frozen gen 350 pcc 1.000 sep_end 0 first_sep -1 tag None (0.3s; 12081s total)
nat cheap None mN=1.091 I=64 rep 1005: frozen gen 1965 pcc 1.000 sep_end 0 first_sep 145 tag None (2.0s; 12083s total)
nat above None mN=1.091 I=64 rep 1006: frozen gen 340 pcc 1.000 sep_end 0 first_sep -1 tag None (0.3s; 12083s total)
nat cheap None mN=1.091 I=64 rep 1004: unresolved gen 100000 pcc 0.987 sep_end 1 first_sep 85 tag None (55.7s; 12118s total)
nat above None mN=1.091 I=64 rep 1007: frozen gen 320 pcc 1.000 sep_end 0 first_sep -1 tag None (0.3s; 12118s total)
nat cheap None mN=1.091 I=64 rep 1007: frozen gen 355 pcc 1.000 sep_end 0 first_sep -1 tag None (0.3s; 12119s total)
nat above None mN=1.091 I=64 rep 1008: frozen gen 335 pcc 1.000 sep_end 0 first_sep -1 tag None (0.3s; 12119s total)
nat cheap None mN=1.091 I=64 rep 1003: unresolved gen 100000 pcc 0.971 sep_end 1 first_sep 105 tag None (60.5s; 12121s total)
nat above None mN=1.091 I=64 rep 1009: frozen gen 275 pcc 1.000 sep_end 0 first_sep -1 tag None (0.2s; 12121s total)
nat cheap None mN=1.091 I=64 rep 1006: unresolved gen 100000 pcc 0.967 sep_end 3 first_sep 110 tag None (77.1s; 12161s total)
nat above None mN=1.091 I=64 rep 1010: frozen gen 370 pcc 1.000 sep_end 0 first_sep -1 tag None (0.4s; 12161s total)
nat cheap None mN=1.091 I=64 rep 1010: frozen gen 295 pcc 1.000 sep_end 0 first_sep -1 tag None (0.3s; 12161s total)
nat above None mN=1.091 I=64 rep 1011: frozen gen 335 pcc 1.000 sep_end 0 first_sep -1 tag None (0.3s; 12162s total)
nat cheap None mN=1.091 I=64 rep 1011: frozen gen 1745 pcc 1.000 sep_end 0 first_sep 100 tag None (2.0s; 12164s total)
nat above None mN=1.091 I=64 rep 1012: frozen gen 405 pcc 1.000 sep_end 0 first_sep -1 tag None (0.3s; 12164s total)
nat cheap None mN=1.091 I=64 rep 1009: unresolved gen 100000 pcc 0.977 sep_end 1 first_sep 60 tag None (66.9s; 12188s total)
nat above None mN=1.091 I=64 rep 1013: frozen gen 360 pcc 1.000 sep_end 0 first_sep -1 tag None (0.3s; 12188s total)
nat cheap None mN=1.091 I=64 rep 1012: unresolved gen 100000 pcc 0.991 sep_end 1 first_sep 110 tag None (24.8s; 12189s total)
nat above None mN=1.091 I=64 rep 1014: frozen gen 270 pcc 1.000 sep_end 0 first_sep -1 tag None (0.3s; 12189s total)
nat cheap None mN=1.091 I=64 rep 1008: unresolved gen 100000 pcc 0.975 sep_end 3 first_sep 80 tag None (73.0s; 12192s total)
nat above None mN=1.091 I=64 rep 1015: frozen gen 335 pcc 1.000 sep_end 0 first_sep -1 tag None (0.3s; 12192s total)
nat cheap None mN=1.091 I=64 rep 1013: unresolved gen 100000 pcc 0.986 sep_end 1 first_sep 125 tag None (44.2s; 12233s total)
nat above None mN=1.091 I=64 rep 1016: frozen gen 315 pcc 1.000 sep_end 0 first_sep -1 tag None (0.3s; 12233s total)
nat cheap None mN=1.091 I=64 rep 1016: frozen gen 1565 pcc 1.000 sep_end 0 first_sep 55 tag None (1.9s; 12235s total)
nat above None mN=1.091 I=64 rep 1017: frozen gen 290 pcc 1.000 sep_end 0 first_sep 105 tag None (0.3s; 12235s total)
nat cheap None mN=1.091 I=64 rep 1014: unresolved gen 100000 pcc 0.984 sep_end 3 first_sep 65 tag None (61.7s; 12251s total)
nat above None mN=1.091 I=64 rep 1018: frozen gen 245 pcc 1.000 sep_end 0 first_sep -1 tag None (0.3s; 12251s total)
nat cheap None mN=1.091 I=64 rep 1018: frozen gen 325 pcc 1.000 sep_end 0 first_sep -1 tag None (0.3s; 12251s total)
nat above None mN=1.091 I=64 rep 1019: frozen gen 345 pcc 1.000 sep_end 0 first_sep -1 tag None (0.4s; 12252s total)
nat cheap None mN=1.091 I=64 rep 1015: unresolved gen 100000 pcc 0.978 sep_end 1 first_sep 60 tag None (65.7s; 12258s total)
nat above None mN=1.091 I=64 rep 1020: frozen gen 285 pcc 1.000 sep_end 0 first_sep -1 tag None (0.3s; 12258s total)
nat cheap None mN=1.091 I=64 rep 1017: unresolved gen 100000 pcc 0.992 sep_end 1 first_sep 85 tag None (26.2s; 12261s total)
nat above None mN=1.091 I=64 rep 1021: frozen gen 305 pcc 1.000 sep_end 0 first_sep -1 tag None (0.3s; 12262s total)
nat cheap None mN=1.091 I=64 rep 1019: unresolved gen 100000 pcc 0.986 sep_end 1 first_sep 85 tag None (41.6s; 12293s total)
nat above None mN=1.091 I=64 rep 1022: frozen gen 400 pcc 1.000 sep_end 0 first_sep -1 tag None (0.4s; 12294s total)
nat cheap None mN=1.091 I=64 rep 1022: frozen gen 1300 pcc 1.000 sep_end 0 first_sep 75 tag None (1.2s; 12295s total)
nat above None mN=1.091 I=64 rep 1023: frozen gen 310 pcc 1.000 sep_end 0 first_sep -1 tag None (0.3s; 12295s total)
nat cheap None mN=1.091 I=64 rep 1023: unresolved gen 100000 pcc 0.994 sep_end 1 first_sep 120 tag None (24.6s; 12320s total)
nat above None mN=1.091 I=64 rep 1024: frozen gen 310 pcc 1.000 sep_end 0 first_sep -1 tag None (0.3s; 12320s total)
nat cheap None mN=1.091 I=64 rep 1020: unresolved gen 100000 pcc 0.977 sep_end 1 first_sep 120 tag None (66.5s; 12325s total)
nat above None mN=1.091 I=64 rep 1025: frozen gen 430 pcc 1.000 sep_end 0 first_sep -1 tag None (0.5s; 12325s total)
nat cheap None mN=1.091 I=64 rep 1021: unresolved gen 100000 pcc 0.980 sep_end 1 first_sep 75 tag None (67.1s; 12329s total)
nat above None mN=1.091 I=64 rep 1026: frozen gen 445 pcc 1.000 sep_end 0 first_sep -1 tag None (0.4s; 12329s total)
nat cheap None mN=1.091 I=64 rep 1026: frozen gen 280 pcc 1.000 sep_end 0 first_sep -1 tag None (0.3s; 12329s total)
nat above None mN=1.091 I=64 rep 1027: frozen gen 350 pcc 1.000 sep_end 0 first_sep -1 tag None (0.3s; 12330s total)
nat cheap None mN=1.091 I=64 rep 1027: frozen gen 365 pcc 1.000 sep_end 0 first_sep -1 tag None (0.3s; 12330s total)
nat above None mN=1.091 I=64 rep 1028: frozen gen 330 pcc 1.000 sep_end 0 first_sep -1 tag None (0.5s; 12330s total)
nat cheap None mN=1.091 I=64 rep 1028: frozen gen 280 pcc 1.000 sep_end 0 first_sep -1 tag None (0.3s; 12331s total)
nat above None mN=1.091 I=64 rep 1029: frozen gen 290 pcc 1.000 sep_end 0 first_sep -1 tag None (0.3s; 12331s total)
nat cheap None mN=1.091 I=64 rep 1024: unresolved gen 100000 pcc 0.986 sep_end 1 first_sep 120 tag None (64.7s; 12385s total)
nat above None mN=1.091 I=64 rep 1030: frozen gen 320 pcc 1.000 sep_end 0 first_sep -1 tag None (0.4s; 12385s total)
nat cheap None mN=1.091 I=64 rep 1029: unresolved gen 100000 pcc 0.970 sep_end 1 first_sep 115 tag None (63.9s; 12395s total)
nat above None mN=1.091 I=64 rep 1031: frozen gen 265 pcc 1.000 sep_end 0 first_sep -1 tag None (0.2s; 12395s total)
nat cheap None mN=1.091 I=64 rep 1025: unresolved gen 100000 pcc 0.972 sep_end 3 first_sep 90 tag None (75.5s; 12401s total)
nat above None mN=1.091 I=64 rep 1032: frozen gen 300 pcc 1.000 sep_end 0 first_sep -1 tag None (0.4s; 12401s total)
nat cheap None mN=1.091 I=64 rep 1031: unresolved gen 100000 pcc 0.989 sep_end 1 first_sep 105 tag None (37.0s; 12432s total)
nat above None mN=1.091 I=64 rep 1033: frozen gen 280 pcc 1.000 sep_end 0 first_sep -1 tag None (0.3s; 12433s total)
nat cheap None mN=1.091 I=64 rep 1032: unresolved gen 100000 pcc 0.991 sep_end 1 first_sep 75 tag None (39.1s; 12440s total)
nat above None mN=1.091 I=64 rep 1034: frozen gen 365 pcc 1.000 sep_end 0 first_sep -1 tag None (0.2s; 12440s total)
nat cheap None mN=1.091 I=64 rep 1030: unresolved gen 100000 pcc 0.981 sep_end 1 first_sep 75 tag None (66.1s; 12451s total)
nat above None mN=1.091 I=64 rep 1035: frozen gen 310 pcc 1.000 sep_end 0 first_sep -1 tag None (0.4s; 12452s total)
nat cheap None mN=1.091 I=64 rep 1033: unresolved gen 100000 pcc 0.977 sep_end 1 first_sep 120 tag None (65.3s; 12498s total)
nat above None mN=1.091 I=64 rep 1036: frozen gen 275 pcc 1.000 sep_end 0 first_sep -1 tag None (0.3s; 12498s total)
nat cheap None mN=1.091 I=64 rep 1035: unresolved gen 100000 pcc 0.981 sep_end 1 first_sep 60 tag None (57.6s; 12509s total)
nat above None mN=1.091 I=64 rep 1037: frozen gen 290 pcc 1.000 sep_end 0 first_sep -1 tag None (0.3s; 12510s total)
nat cheap None mN=1.091 I=64 rep 1037: frozen gen 435 pcc 1.000 sep_end 0 first_sep 85 tag None (0.3s; 12510s total)
nat above None mN=1.091 I=64 rep 1038: frozen gen 300 pcc 1.000 sep_end 0 first_sep -1 tag None (0.3s; 12510s total)
nat cheap None mN=1.091 I=64 rep 1034: unresolved gen 100000 pcc 0.975 sep_end 3 first_sep 70 tag None (73.5s; 12514s total)
nat above None mN=1.091 I=64 rep 1039: frozen gen 310 pcc 1.000 sep_end 0 first_sep -1 tag None (0.3s; 12514s total)
nat cheap None mN=1.091 I=64 rep 1039: frozen gen 360 pcc 1.000 sep_end 0 first_sep -1 tag None (0.4s; 12515s total)
nat above None mN=1.091 I=64 rep 1040: frozen gen 250 pcc 1.000 sep_end 0 first_sep -1 tag None (0.3s; 12515s total)
nat cheap None mN=1.091 I=64 rep 1040: unresolved gen 100000 pcc 0.997 sep_end 1 first_sep 60 tag None (13.6s; 12528s total)
nat above None mN=1.091 I=64 rep 1041: frozen gen 320 pcc 1.000 sep_end 0 first_sep -1 tag None (0.3s; 12529s total)
nat cheap None mN=1.091 I=64 rep 1036: unresolved gen 100000 pcc 0.985 sep_end 3 first_sep 60 tag None (49.4s; 12548s total)
nat above None mN=1.091 I=64 rep 1042: frozen gen 300 pcc 1.000 sep_end 0 first_sep -1 tag None (0.3s; 12548s total)
nat cheap None mN=1.091 I=64 rep 1042: frozen gen 260 pcc 1.000 sep_end 0 first_sep -1 tag None (0.2s; 12548s total)
nat above None mN=1.091 I=64 rep 1043: frozen gen 305 pcc 1.000 sep_end 0 first_sep -1 tag None (0.2s; 12548s total)
nat cheap None mN=1.091 I=64 rep 1038: unresolved gen 100000 pcc 0.980 sep_end 1 first_sep 75 tag None (60.2s; 12570s total)
nat above None mN=1.091 I=64 rep 1044: frozen gen 405 pcc 1.000 sep_end 0 first_sep -1 tag None (0.4s; 12571s total)
nat cheap None mN=1.091 I=64 rep 1041: unresolved gen 100000 pcc 0.961 sep_end 3 first_sep 50 tag None (69.1s; 12598s total)
nat above None mN=1.091 I=64 rep 1045: frozen gen 305 pcc 1.000 sep_end 0 first_sep -1 tag None (0.2s; 12598s total)
nat cheap None mN=1.091 I=64 rep 1044: unresolved gen 100000 pcc 0.987 sep_end 1 first_sep 75 tag None (36.9s; 12608s total)
nat above None mN=1.091 I=64 rep 1046: frozen gen 400 pcc 1.000 sep_end 0 first_sep -1 tag None (0.4s; 12608s total)
nat cheap None mN=1.091 I=64 rep 1043: unresolved gen 100000 pcc 0.969 sep_end 1 first_sep 105 tag None (60.0s; 12608s total)
nat above None mN=1.091 I=64 rep 1047: frozen gen 270 pcc 1.000 sep_end 0 first_sep 145 tag None (0.3s; 12609s total)
nat cheap None mN=1.091 I=64 rep 1047: frozen gen 1975 pcc 1.000 sep_end 0 first_sep 165 tag None (2.0s; 12611s total)
nat above None mN=1.091 I=64 rep 1048: frozen gen 260 pcc 1.000 sep_end 0 first_sep -1 tag None (0.3s; 12611s total)
nat cheap None mN=1.091 I=64 rep 1048: frozen gen 285 pcc 1.000 sep_end 0 first_sep -1 tag None (0.3s; 12611s total)
nat above None mN=1.091 I=64 rep 1049: frozen gen 360 pcc 1.000 sep_end 0 first_sep -1 tag None (0.3s; 12612s total)
nat cheap None mN=1.091 I=64 rep 1046: unresolved gen 100000 pcc 0.996 sep_end 1 first_sep 100 tag None (12.8s; 12621s total)
nat above None mN=1.091 I=64 rep 1050: frozen gen 375 pcc 1.000 sep_end 0 first_sep -1 tag None (0.4s; 12621s total)
nat cheap None mN=1.091 I=64 rep 1045: unresolved gen 100000 pcc 0.980 sep_end 1 first_sep 65 tag None (60.7s; 12659s total)
nat above None mN=1.091 I=64 rep 1051: frozen gen 340 pcc 1.000 sep_end 0 first_sep -1 tag None (0.3s; 12659s total)
nat cheap None mN=1.091 I=64 rep 1051: frozen gen 2075 pcc 1.000 sep_end 0 first_sep 100 tag None (2.0s; 12661s total)
nat above None mN=1.091 I=64 rep 1052: frozen gen 300 pcc 1.000 sep_end 0 first_sep -1 tag None (0.3s; 12661s total)
nat cheap None mN=1.091 I=64 rep 1052: frozen gen 280 pcc 1.000 sep_end 0 first_sep -1 tag None (0.2s; 12662s total)
nat above None mN=1.091 I=64 rep 1053: frozen gen 600 pcc 1.000 sep_end 0 first_sep 130 tag None (0.6s; 12662s total)
nat cheap None mN=1.091 I=64 rep 1049: unresolved gen 100000 pcc 0.975 sep_end 1 first_sep 85 tag None (56.7s; 12668s total)
nat above None mN=1.091 I=64 rep 1054: frozen gen 340 pcc 1.000 sep_end 0 first_sep -1 tag None (0.3s; 12669s total)
nat cheap None mN=1.091 I=64 rep 1050: unresolved gen 100000 pcc 0.983 sep_end 1 first_sep 120 tag None (59.9s; 12681s total)
nat above None mN=1.091 I=64 rep 1055: frozen gen 345 pcc 1.000 sep_end 0 first_sep -1 tag None (0.3s; 12682s total)
nat cheap None mN=1.091 I=64 rep 1055: unresolved gen 100000 pcc 0.996 sep_end 1 first_sep 130 tag None (16.5s; 12698s total)
nat above None mN=1.091 I=64 rep 1056: frozen gen 295 pcc 1.000 sep_end 0 first_sep -1 tag None (0.2s; 12698s total)
nat cheap None mN=1.091 I=64 rep 1056: frozen gen 285 pcc 1.000 sep_end 0 first_sep -1 tag None (0.3s; 12699s total)
nat above None mN=1.091 I=64 rep 1057: frozen gen 370 pcc 1.000 sep_end 0 first_sep 90 tag None (0.4s; 12699s total)
nat cheap None mN=1.091 I=64 rep 1053: unresolved gen 100000 pcc 0.993 sep_end 1 first_sep 95 tag None (43.4s; 12706s total)
nat above None mN=1.091 I=64 rep 1058: frozen gen 280 pcc 1.000 sep_end 0 first_sep -1 tag None (0.3s; 12706s total)
nat cheap None mN=1.091 I=64 rep 1054: unresolved gen 100000 pcc 0.983 sep_end 1 first_sep 55 tag None (60.7s; 12729s total)
nat above None mN=1.091 I=64 rep 1059: frozen gen 295 pcc 1.000 sep_end 0 first_sep -1 tag None (0.2s; 12729s total)
nat cheap None mN=1.091 I=64 rep 1059: frozen gen 280 pcc 1.000 sep_end 0 first_sep -1 tag None (0.2s; 12730s total)
nat above None mN=1.091 I=64 rep 1060: frozen gen 285 pcc 1.000 sep_end 0 first_sep -1 tag None (0.2s; 12730s total)
nat cheap None mN=1.091 I=64 rep 1060: frozen gen 350 pcc 1.000 sep_end 0 first_sep -1 tag None (0.3s; 12730s total)
nat above None mN=1.091 I=64 rep 1061: frozen gen 300 pcc 1.000 sep_end 0 first_sep -1 tag None (0.3s; 12731s total)
nat cheap None mN=1.091 I=64 rep 1057: unresolved gen 100000 pcc 0.989 sep_end 1 first_sep 140 tag None (32.4s; 12732s total)
nat above None mN=1.091 I=64 rep 1062: frozen gen 375 pcc 1.000 sep_end 0 first_sep -1 tag None (0.4s; 12732s total)
nat cheap None mN=1.091 I=64 rep 1062: unresolved gen 100000 pcc 0.991 sep_end 1 first_sep 110 tag None (26.7s; 12759s total)
nat above None mN=1.091 I=64 rep 1063: frozen gen 220 pcc 1.000 sep_end 0 first_sep -1 tag None (0.2s; 12759s total)
nat cheap None mN=1.091 I=64 rep 1058: unresolved gen 100000 pcc 0.984 sep_end 3 first_sep 55 tag None (56.8s; 12763s total)
nat above None mN=1.091 I=64 rep 1064: frozen gen 345 pcc 1.000 sep_end 0 first_sep -1 tag None (0.3s; 12763s total)
nat cheap None mN=1.091 I=64 rep 1061: unresolved gen 100000 pcc 0.985 sep_end 1 first_sep 80 tag None (61.0s; 12792s total)
nat above None mN=1.091 I=64 rep 1065: frozen gen 270 pcc 1.000 sep_end 0 first_sep -1 tag None (0.3s; 12792s total)
nat cheap None mN=1.091 I=64 rep 1064: unresolved gen 100000 pcc 0.974 sep_end 1 first_sep 65 tag None (58.2s; 12821s total)
nat cheap None mN=1.091 I=64 rep 1063: unresolved gen 100000 pcc 0.981 sep_end 1 first_sep 80 tag None (62.4s; 12821s total)
nat above None mN=1.091 I=64 rep 1066: frozen gen 325 pcc 1.000 sep_end 0 first_sep -1 tag None (0.3s; 12822s total)
nat cheap None mN=1.091 I=64 rep 1066: frozen gen 295 pcc 1.000 sep_end 0 first_sep -1 tag None (0.3s; 12822s total)
nat above None mN=1.091 I=64 rep 1067: frozen gen 300 pcc 1.000 sep_end 0 first_sep -1 tag None (0.3s; 12822s total)
nat above None mN=1.091 I=64 rep 1068: frozen gen 375 pcc 1.000 sep_end 0 first_sep -1 tag None (0.3s; 12822s total)
nat cheap None mN=1.091 I=64 rep 1068: frozen gen 615 pcc 1.000 sep_end 0 first_sep 90 tag None (0.7s; 12823s total)
nat above None mN=1.091 I=64 rep 1069: frozen gen 295 pcc 1.000 sep_end 0 first_sep -1 tag None (0.3s; 12823s total)
nat cheap None mN=1.091 I=64 rep 1065: unresolved gen 100000 pcc 0.975 sep_end 1 first_sep 75 tag None (60.7s; 12853s total)
nat above None mN=1.091 I=64 rep 1070: frozen gen 270 pcc 1.000 sep_end 0 first_sep -1 tag None (0.3s; 12853s total)
nat cheap None mN=1.091 I=64 rep 1067: unresolved gen 100000 pcc 0.969 sep_end 1 first_sep 100 tag None (62.7s; 12884s total)
nat above None mN=1.091 I=64 rep 1071: frozen gen 250 pcc 1.000 sep_end 0 first_sep -1 tag None (0.3s; 12885s total)
nat cheap None mN=1.091 I=64 rep 1069: unresolved gen 100000 pcc 0.981 sep_end 1 first_sep 75 tag None (64.1s; 12887s total)
nat above None mN=1.091 I=64 rep 1072: frozen gen 325 pcc 1.000 sep_end 0 first_sep -1 tag None (0.4s; 12888s total)
nat cheap None mN=1.091 I=64 rep 1072: frozen gen 295 pcc 1.000 sep_end 0 first_sep -1 tag None (0.3s; 12888s total)
nat above None mN=1.091 I=64 rep 1073: frozen gen 285 pcc 1.000 sep_end 0 first_sep -1 tag None (0.3s; 12888s total)
nat cheap None mN=1.091 I=64 rep 1070: unresolved gen 100000 pcc 0.983 sep_end 1 first_sep 70 tag None (54.6s; 12907s total)
nat above None mN=1.091 I=64 rep 1074: frozen gen 245 pcc 1.000 sep_end 0 first_sep -1 tag None (0.2s; 12908s total)
nat cheap None mN=1.091 I=64 rep 1073: unresolved gen 100000 pcc 0.980 sep_end 3 first_sep 90 tag None (54.7s; 12943s total)
nat above None mN=1.091 I=64 rep 1075: frozen gen 305 pcc 1.000 sep_end 0 first_sep -1 tag None (0.3s; 12943s total)
nat cheap None mN=1.091 I=64 rep 1071: unresolved gen 100000 pcc 0.978 sep_end 1 first_sep 100 tag None (59.9s; 12945s total)
nat above None mN=1.091 I=64 rep 1076: frozen gen 325 pcc 1.000 sep_end 0 first_sep -1 tag None (0.4s; 12945s total)
nat cheap None mN=1.091 I=64 rep 1076: frozen gen 2275 pcc 1.000 sep_end 0 first_sep 60 tag None (2.2s; 12947s total)
nat above None mN=1.091 I=64 rep 1077: frozen gen 320 pcc 1.000 sep_end 0 first_sep -1 tag None (0.4s; 12948s total)
nat cheap None mN=1.091 I=64 rep 1077: frozen gen 1120 pcc 1.000 sep_end 0 first_sep 105 tag None (1.2s; 12949s total)
nat above None mN=1.091 I=64 rep 1078: frozen gen 335 pcc 1.000 sep_end 0 first_sep -1 tag None (0.4s; 12949s total)
nat cheap None mN=1.091 I=64 rep 1075: unresolved gen 100000 pcc 0.994 sep_end 1 first_sep 125 tag None (16.5s; 12960s total)
nat above None mN=1.091 I=64 rep 1079: frozen gen 305 pcc 1.000 sep_end 0 first_sep -1 tag None (0.3s; 12960s total)
nat cheap None mN=1.091 I=64 rep 1074: unresolved gen 100000 pcc 0.984 sep_end 1 first_sep 85 tag None (61.7s; 12969s total)
nat above None mN=1.091 I=64 rep 1080: frozen gen 330 pcc 1.000 sep_end 0 first_sep -1 tag None (0.3s; 12970s total)
nat cheap None mN=1.091 I=64 rep 1080: frozen gen 305 pcc 1.000 sep_end 0 first_sep -1 tag None (0.3s; 12970s total)
nat above None mN=1.091 I=64 rep 1081: frozen gen 330 pcc 1.000 sep_end 0 first_sep -1 tag None (0.3s; 12970s total)
nat cheap None mN=1.091 I=64 rep 1081: frozen gen 560 pcc 1.000 sep_end 0 first_sep 155 tag None (0.6s; 12971s total)
nat above None mN=1.091 I=64 rep 1082: frozen gen 315 pcc 1.000 sep_end 0 first_sep -1 tag None (0.3s; 12971s total)
nat cheap None mN=1.091 I=64 rep 1082: frozen gen 1590 pcc 1.000 sep_end 0 first_sep 75 tag None (1.7s; 12973s total)
nat above None mN=1.091 I=64 rep 1083: frozen gen 260 pcc 1.000 sep_end 0 first_sep -1 tag None (0.2s; 12973s total)
nat cheap None mN=1.091 I=64 rep 1078: unresolved gen 100000 pcc 0.991 sep_end 1 first_sep 90 tag None (36.8s; 12986s total)
nat above None mN=1.091 I=64 rep 1084: frozen gen 270 pcc 1.000 sep_end 0 first_sep -1 tag None (0.3s; 12986s total)
nat cheap None mN=1.091 I=64 rep 1079: unresolved gen 100000 pcc 0.984 sep_end 1 first_sep 70 tag None (49.7s; 13010s total)
nat above None mN=1.091 I=64 rep 1085: frozen gen 315 pcc 1.000 sep_end 0 first_sep -1 tag None (0.3s; 13010s total)
nat cheap None mN=1.091 I=64 rep 1085: unresolved gen 100000 pcc 0.994 sep_end 1 first_sep 140 tag None (12.8s; 13023s total)
nat above None mN=1.091 I=64 rep 1086: frozen gen 325 pcc 1.000 sep_end 0 first_sep -1 tag None (0.3s; 13023s total)
nat cheap None mN=1.091 I=64 rep 1084: unresolved gen 100000 pcc 0.980 sep_end 1 first_sep 80 tag None (48.0s; 13034s total)
nat above None mN=1.091 I=64 rep 1087: frozen gen 380 pcc 1.000 sep_end 0 first_sep -1 tag None (0.3s; 13035s total)
nat cheap None mN=1.091 I=64 rep 1083: unresolved gen 100000 pcc 0.982 sep_end 1 first_sep 150 tag None (62.1s; 13035s total)
nat above None mN=1.091 I=64 rep 1088: frozen gen 340 pcc 1.000 sep_end 0 first_sep -1 tag None (0.3s; 13036s total)
nat cheap None mN=1.091 I=64 rep 1088: frozen gen 340 pcc 1.000 sep_end 0 first_sep -1 tag None (0.3s; 13036s total)
nat above None mN=1.091 I=64 rep 1089: frozen gen 580 pcc 1.000 sep_end 0 first_sep -1 tag None (0.6s; 13036s total)
nat cheap None mN=1.091 I=64 rep 1087: unresolved gen 100000 pcc 0.979 sep_end 1 first_sep 90 tag None (54.0s; 13089s total)
nat above None mN=1.091 I=64 rep 1090: frozen gen 290 pcc 1.000 sep_end 0 first_sep -1 tag None (0.3s; 13089s total)
nat cheap None mN=1.091 I=64 rep 1090: frozen gen 315 pcc 1.000 sep_end 0 first_sep -1 tag None (0.3s; 13089s total)
nat above None mN=1.091 I=64 rep 1091: frozen gen 270 pcc 1.000 sep_end 0 first_sep -1 tag None (0.2s; 13089s total)
nat cheap None mN=1.091 I=64 rep 1086: unresolved gen 100000 pcc 0.971 sep_end 3 first_sep 90 tag None (70.7s; 13094s total)
nat above None mN=1.091 I=64 rep 1092: frozen gen 295 pcc 1.000 sep_end 0 first_sep -1 tag None (0.4s; 13094s total)
nat cheap None mN=1.091 I=64 rep 1089: unresolved gen 100000 pcc 0.975 sep_end 3 first_sep 75 tag None (68.8s; 13105s total)
nat above None mN=1.091 I=64 rep 1093: frozen gen 330 pcc 1.000 sep_end 0 first_sep -1 tag None (0.3s; 13106s total)
nat cheap None mN=1.091 I=64 rep 1093: unresolved gen 100000 pcc 0.998 sep_end 1 first_sep 130 tag None (9.0s; 13115s total)
nat above None mN=1.091 I=64 rep 1094: frozen gen 350 pcc 1.000 sep_end 0 first_sep -1 tag None (0.3s; 13115s total)
nat cheap None mN=1.091 I=64 rep 1094: frozen gen 1290 pcc 1.000 sep_end 0 first_sep 150 tag None (1.4s; 13116s total)
nat above None mN=1.091 I=64 rep 1095: frozen gen 295 pcc 1.000 sep_end 0 first_sep -1 tag None (0.3s; 13117s total)
nat cheap None mN=1.091 I=64 rep 1095: frozen gen 340 pcc 1.000 sep_end 0 first_sep -1 tag None (0.3s; 13117s total)
nat above None mN=1.091 I=64 rep 1096: frozen gen 330 pcc 1.000 sep_end 0 first_sep -1 tag None (0.2s; 13117s total)
nat cheap None mN=1.091 I=64 rep 1096: unresolved gen 100000 pcc 0.997 sep_end 1 first_sep 120 tag None (13.6s; 13131s total)
nat above None mN=1.091 I=64 rep 1097: frozen gen 290 pcc 1.000 sep_end 0 first_sep -1 tag None (0.2s; 13131s total)
nat cheap None mN=1.091 I=64 rep 1091: unresolved gen 100000 pcc 0.984 sep_end 1 first_sep 110 tag None (52.3s; 13142s total)
nat above None mN=1.091 I=64 rep 1098: frozen gen 435 pcc 1.000 sep_end 0 first_sep -1 tag None (0.4s; 13142s total)
nat cheap None mN=1.091 I=64 rep 1092: unresolved gen 100000 pcc 0.978 sep_end 1 first_sep 90 tag None (63.4s; 13158s total)
nat above None mN=1.091 I=64 rep 1099: frozen gen 265 pcc 1.000 sep_end 0 first_sep -1 tag None (0.3s; 13158s total)
nat cheap None mN=1.091 I=64 rep 1099: frozen gen 265 pcc 1.000 sep_end 0 first_sep -1 tag None (0.2s; 13158s total)
nat above None mN=1.091 I=64 rep 1100: frozen gen 355 pcc 1.000 sep_end 0 first_sep -1 tag None (0.3s; 13159s total)
nat cheap None mN=1.091 I=64 rep 1100: unresolved gen 100000 pcc 0.991 sep_end 3 first_sep 115 tag None (30.3s; 13189s total)
nat above None mN=1.091 I=64 rep 1101: frozen gen 290 pcc 1.000 sep_end 0 first_sep -1 tag None (0.2s; 13189s total)
nat cheap None mN=1.091 I=64 rep 1097: unresolved gen 100000 pcc 0.980 sep_end 1 first_sep 85 tag None (61.2s; 13192s total)
nat above None mN=1.091 I=64 rep 1102: frozen gen 340 pcc 1.000 sep_end 0 first_sep -1 tag None (0.4s; 13193s total)
nat cheap None mN=1.091 I=64 rep 1102: frozen gen 325 pcc 1.000 sep_end 0 first_sep -1 tag None (0.3s; 13193s total)
nat above None mN=1.091 I=64 rep 1103: frozen gen 290 pcc 1.000 sep_end 0 first_sep -1 tag None (0.2s; 13193s total)
nat cheap None mN=1.091 I=64 rep 1098: unresolved gen 100000 pcc 0.980 sep_end 1 first_sep 120 tag None (60.6s; 13203s total)
nat above None mN=1.091 I=64 rep 1104: frozen gen 365 pcc 1.000 sep_end 0 first_sep -1 tag None (0.3s; 13203s total)
nat cheap None mN=1.091 I=64 rep 1103: unresolved gen 100000 pcc 0.988 sep_end 1 first_sep 60 tag None (38.8s; 13232s total)
nat above None mN=1.091 I=64 rep 1105: frozen gen 280 pcc 1.000 sep_end 0 first_sep -1 tag None (0.3s; 13232s total)
nat cheap None mN=1.091 I=64 rep 1101: unresolved gen 100000 pcc 0.977 sep_end 1 first_sep 80 tag None (58.2s; 13247s total)
nat above None mN=1.091 I=64 rep 1106: frozen gen 285 pcc 1.000 sep_end 0 first_sep -1 tag None (0.3s; 13248s total)
nat cheap None mN=1.091 I=64 rep 1105: unresolved gen 100000 pcc 0.990 sep_end 1 first_sep 115 tag None (32.4s; 13265s total)
nat cheap None mN=1.091 I=64 rep 1104: unresolved gen 100000 pcc 0.974 sep_end 1 first_sep 95 tag None (61.7s; 13265s total)
nat above None mN=1.091 I=64 rep 1107: frozen gen 270 pcc 1.000 sep_end 0 first_sep -1 tag None (0.3s; 13265s total)
nat above None mN=1.091 I=64 rep 1108: frozen gen 300 pcc 1.000 sep_end 0 first_sep -1 tag None (0.3s; 13265s total)
nat cheap None mN=1.091 I=64 rep 1106: unresolved gen 100000 pcc 0.989 sep_end 1 first_sep 50 tag None (34.6s; 13282s total)
nat above None mN=1.091 I=64 rep 1109: frozen gen 275 pcc 1.000 sep_end 0 first_sep -1 tag None (0.3s; 13283s total)
nat cheap None mN=1.091 I=64 rep 1109: frozen gen 390 pcc 1.000 sep_end 0 first_sep -1 tag None (0.3s; 13283s total)
nat above None mN=1.091 I=64 rep 1110: frozen gen 275 pcc 1.000 sep_end 0 first_sep -1 tag None (0.2s; 13283s total)
nat cheap None mN=1.091 I=64 rep 1107: unresolved gen 100000 pcc 0.981 sep_end 1 first_sep 90 tag None (59.9s; 13325s total)
nat above None mN=1.091 I=64 rep 1111: frozen gen 365 pcc 1.000 sep_end 0 first_sep -1 tag None (0.3s; 13325s total)
nat cheap None mN=1.091 I=64 rep 1108: unresolved gen 100000 pcc 0.982 sep_end 1 first_sep 95 tag None (60.7s; 13326s total)
nat above None mN=1.091 I=64 rep 1112: frozen gen 330 pcc 1.000 sep_end 0 first_sep -1 tag None (0.3s; 13326s total)
nat cheap None mN=1.091 I=64 rep 1110: unresolved gen 100000 pcc 0.972 sep_end 3 first_sep 95 tag None (73.1s; 13356s total)
nat above None mN=1.091 I=64 rep 1113: frozen gen 255 pcc 1.000 sep_end 0 first_sep -1 tag None (0.3s; 13357s total)
nat cheap None mN=1.091 I=64 rep 1112: unresolved gen 100000 pcc 0.982 sep_end 3 first_sep 55 tag None (55.1s; 13381s total)
nat above None mN=1.091 I=64 rep 1114: frozen gen 310 pcc 1.000 sep_end 0 first_sep -1 tag None (0.4s; 13382s total)
nat cheap None mN=1.091 I=64 rep 1111: unresolved gen 100000 pcc 0.983 sep_end 1 first_sep 100 tag None (60.6s; 13386s total)
nat above None mN=1.091 I=64 rep 1115: frozen gen 330 pcc 1.000 sep_end 0 first_sep -1 tag None (0.3s; 13386s total)
nat cheap None mN=1.091 I=64 rep 1113: unresolved gen 100000 pcc 0.973 sep_end 1 first_sep 110 tag None (58.2s; 13415s total)
nat above None mN=1.091 I=64 rep 1116: frozen gen 310 pcc 1.000 sep_end 0 first_sep -1 tag None (0.4s; 13415s total)
nat cheap None mN=1.091 I=64 rep 1116: frozen gen 295 pcc 1.000 sep_end 0 first_sep -1 tag None (0.3s; 13415s total)
nat above None mN=1.091 I=64 rep 1117: frozen gen 285 pcc 1.000 sep_end 0 first_sep -1 tag None (0.2s; 13416s total)
nat cheap None mN=1.091 I=64 rep 1114: unresolved gen 100000 pcc 0.987 sep_end 1 first_sep 95 tag None (49.2s; 13431s total)
nat above None mN=1.091 I=64 rep 1118: frozen gen 325 pcc 1.000 sep_end 0 first_sep -1 tag None (0.3s; 13431s total)
nat cheap None mN=1.091 I=64 rep 1115: unresolved gen 100000 pcc 0.976 sep_end 1 first_sep 90 tag None (61.2s; 13447s total)
nat above None mN=1.091 I=64 rep 1119: frozen gen 320 pcc 1.000 sep_end 0 first_sep -1 tag None (0.3s; 13448s total)
nat cheap None mN=1.091 I=64 rep 1119: frozen gen 355 pcc 1.000 sep_end 0 first_sep -1 tag None (0.3s; 13448s total)
nat above None mN=1.091 I=64 rep 1120: frozen gen 320 pcc 1.000 sep_end 0 first_sep -1 tag None (0.3s; 13448s total)
nat cheap None mN=1.091 I=64 rep 1117: unresolved gen 100000 pcc 0.982 sep_end 3 first_sep 65 tag None (59.6s; 13475s total)
nat above None mN=1.091 I=64 rep 1121: frozen gen 265 pcc 1.000 sep_end 0 first_sep -1 tag None (0.2s; 13476s total)
nat cheap None mN=1.091 I=64 rep 1118: unresolved gen 100000 pcc 0.979 sep_end 1 first_sep 90 tag None (54.0s; 13485s total)
nat above None mN=1.091 I=64 rep 1122: frozen gen 355 pcc 1.000 sep_end 0 first_sep -1 tag None (0.3s; 13486s total)
nat cheap None mN=1.091 I=64 rep 1120: unresolved gen 100000 pcc 0.978 sep_end 1 first_sep 80 tag None (58.1s; 13506s total)
nat above None mN=1.091 I=64 rep 1123: frozen gen 320 pcc 1.000 sep_end 0 first_sep -1 tag None (0.3s; 13507s total)
nat cheap None mN=1.091 I=64 rep 1123: frozen gen 980 pcc 1.000 sep_end 0 first_sep 140 tag None (1.1s; 13508s total)
nat above None mN=1.091 I=64 rep 1124: frozen gen 295 pcc 1.000 sep_end 0 first_sep 80 tag None (0.3s; 13508s total)
nat cheap None mN=1.091 I=64 rep 1121: unresolved gen 100000 pcc 0.980 sep_end 1 first_sep 85 tag None (61.7s; 13537s total)
nat above None mN=1.091 I=64 rep 1125: frozen gen 245 pcc 1.000 sep_end 0 first_sep -1 tag None (0.2s; 13537s total)
nat cheap None mN=1.091 I=64 rep 1122: unresolved gen 100000 pcc 0.976 sep_end 1 first_sep 105 tag None (62.6s; 13548s total)
nat above None mN=1.091 I=64 rep 1126: frozen gen 315 pcc 1.000 sep_end 0 first_sep -1 tag None (0.3s; 13549s total)
nat cheap None mN=1.091 I=64 rep 1126: frozen gen 300 pcc 1.000 sep_end 0 first_sep -1 tag None (0.3s; 13549s total)
nat above None mN=1.091 I=64 rep 1127: frozen gen 285 pcc 1.000 sep_end 0 first_sep -1 tag None (0.3s; 13549s total)
nat cheap None mN=1.091 I=64 rep 1127: frozen gen 325 pcc 1.000 sep_end 0 first_sep -1 tag None (0.3s; 13549s total)
nat above None mN=1.091 I=64 rep 1128: frozen gen 245 pcc 1.000 sep_end 0 first_sep -1 tag None (0.2s; 13550s total)
nat cheap None mN=1.091 I=64 rep 1124: unresolved gen 100000 pcc 0.980 sep_end 1 first_sep 75 tag None (59.8s; 13568s total)
nat above None mN=1.091 I=64 rep 1129: frozen gen 220 pcc 1.000 sep_end 0 first_sep -1 tag None (0.2s; 13568s total)
nat cheap None mN=1.091 I=64 rep 1129: frozen gen 355 pcc 1.000 sep_end 0 first_sep -1 tag None (0.3s; 13568s total)
nat above None mN=1.091 I=64 rep 1130: frozen gen 375 pcc 1.000 sep_end 0 first_sep -1 tag None (0.4s; 13569s total)
nat cheap None mN=1.091 I=64 rep 1125: unresolved gen 100000 pcc 0.989 sep_end 3 first_sep 115 tag None (47.9s; 13585s total)
nat above None mN=1.091 I=64 rep 1131: frozen gen 335 pcc 1.000 sep_end 0 first_sep -1 tag None (0.3s; 13586s total)
nat cheap None mN=1.091 I=64 rep 1128: unresolved gen 100000 pcc 0.981 sep_end 1 first_sep 110 tag None (58.1s; 13608s total)
nat above None mN=1.091 I=64 rep 1132: frozen gen 415 pcc 1.000 sep_end 0 first_sep -1 tag None (0.4s; 13608s total)
nat cheap None mN=1.091 I=64 rep 1130: unresolved gen 100000 pcc 0.981 sep_end 1 first_sep 65 tag None (62.0s; 13631s total)
nat above None mN=1.091 I=64 rep 1133: frozen gen 315 pcc 1.000 sep_end 0 first_sep -1 tag None (0.3s; 13631s total)
nat cheap None mN=1.091 I=64 rep 1131: unresolved gen 100000 pcc 0.978 sep_end 3 first_sep 80 tag None (53.2s; 13639s total)
nat above None mN=1.091 I=64 rep 1134: frozen gen 375 pcc 1.000 sep_end 0 first_sep -1 tag None (0.3s; 13639s total)
nat cheap None mN=1.091 I=64 rep 1134: unresolved gen 100000 pcc 0.993 sep_end 1 first_sep 135 tag None (20.0s; 13659s total)
nat above None mN=1.091 I=64 rep 1135: frozen gen 255 pcc 1.000 sep_end 0 first_sep -1 tag None (0.2s; 13659s total)
nat cheap None mN=1.091 I=64 rep 1132: unresolved gen 100000 pcc 0.974 sep_end 1 first_sep 75 tag None (62.5s; 13671s total)
nat above None mN=1.091 I=64 rep 1136: frozen gen 305 pcc 1.000 sep_end 0 first_sep -1 tag None (0.3s; 13671s total)
nat cheap None mN=1.091 I=64 rep 1133: unresolved gen 100000 pcc 0.987 sep_end 3 first_sep 75 tag None (44.0s; 13675s total)
nat above None mN=1.091 I=64 rep 1137: frozen gen 225 pcc 1.000 sep_end 0 first_sep -1 tag None (0.2s; 13675s total)
nat cheap None mN=1.091 I=64 rep 1135: unresolved gen 100000 pcc 0.992 sep_end 1 first_sep 90 tag None (24.6s; 13684s total)
nat above None mN=1.091 I=64 rep 1138: frozen gen 340 pcc 1.000 sep_end 0 first_sep -1 tag None (0.3s; 13684s total)
nat cheap None mN=1.091 I=64 rep 1138: frozen gen 1180 pcc 1.000 sep_end 0 first_sep 130 tag None (1.3s; 13686s total)
nat above None mN=1.091 I=64 rep 1139: frozen gen 370 pcc 1.000 sep_end 0 first_sep -1 tag None (0.4s; 13686s total)
nat cheap None mN=1.091 I=64 rep 1136: unresolved gen 100000 pcc 0.977 sep_end 3 first_sep 65 tag None (69.7s; 13740s total)
nat above None mN=1.091 I=64 rep 1140: frozen gen 280 pcc 1.000 sep_end 0 first_sep -1 tag None (0.3s; 13741s total)
nat cheap None mN=1.091 I=64 rep 1137: unresolved gen 100000 pcc 0.975 sep_end 3 first_sep 70 tag None (67.4s; 13743s total)
nat above None mN=1.091 I=64 rep 1141: frozen gen 260 pcc 1.000 sep_end 0 first_sep -1 tag None (0.2s; 13743s total)
nat cheap None mN=1.091 I=64 rep 1139: unresolved gen 100000 pcc 0.981 sep_end 1 first_sep 105 tag None (60.0s; 13746s total)
nat above None mN=1.091 I=64 rep 1142: frozen gen 370 pcc 1.000 sep_end 0 first_sep -1 tag None (0.3s; 13746s total)
nat cheap None mN=1.091 I=64 rep 1142: frozen gen 350 pcc 1.000 sep_end 0 first_sep -1 tag None (0.3s; 13747s total)
nat above None mN=1.091 I=64 rep 1143: frozen gen 250 pcc 1.000 sep_end 0 first_sep -1 tag None (0.3s; 13747s total)
nat cheap None mN=1.091 I=64 rep 1140: unresolved gen 100000 pcc 0.995 sep_end 1 first_sep 80 tag None (17.1s; 13758s total)
nat above None mN=1.091 I=64 rep 1144: frozen gen 350 pcc 1.000 sep_end 0 first_sep -1 tag None (0.3s; 13758s total)
nat cheap None mN=1.091 I=64 rep 1143: unresolved gen 100000 pcc 0.991 sep_end 1 first_sep 105 tag None (35.0s; 13782s total)
nat above None mN=1.091 I=64 rep 1145: frozen gen 325 pcc 1.000 sep_end 0 first_sep -1 tag None (0.3s; 13782s total)
nat cheap None mN=1.091 I=64 rep 1145: unresolved gen 100000 pcc 0.999 sep_end 1 first_sep 115 tag None (9.0s; 13791s total)
nat above None mN=1.091 I=64 rep 1146: frozen gen 250 pcc 1.000 sep_end 0 first_sep -1 tag None (0.2s; 13791s total)
nat cheap None mN=1.091 I=64 rep 1141: unresolved gen 100000 pcc 0.977 sep_end 3 first_sep 80 tag None (62.2s; 13805s total)
nat above None mN=1.091 I=64 rep 1147: frozen gen 320 pcc 1.000 sep_end 0 first_sep -1 tag None (0.3s; 13805s total)
nat cheap None mN=1.091 I=64 rep 1144: unresolved gen 100000 pcc 0.985 sep_end 1 first_sep 65 tag None (49.6s; 13808s total)
nat above None mN=1.091 I=64 rep 1148: frozen gen 300 pcc 1.000 sep_end 0 first_sep -1 tag None (0.3s; 13808s total)
nat cheap None mN=1.091 I=64 rep 1148: frozen gen 2375 pcc 1.000 sep_end 0 first_sep 135 tag None (2.6s; 13811s total)
nat above None mN=1.091 I=64 rep 1149: frozen gen 295 pcc 1.000 sep_end 0 first_sep -1 tag None (0.2s; 13811s total)
nat cheap None mN=1.091 I=64 rep 1146: unresolved gen 100000 pcc 0.987 sep_end 1 first_sep 45 tag None (38.9s; 13830s total)
nat above None mN=1.091 I=64 rep 1150: frozen gen 280 pcc 1.000 sep_end 0 first_sep -1 tag None (0.3s; 13831s total)
nat cheap None mN=1.091 I=64 rep 1150: frozen gen 380 pcc 1.000 sep_end 0 first_sep -1 tag None (0.4s; 13831s total)
nat above None mN=1.091 I=64 rep 1151: frozen gen 325 pcc 1.000 sep_end 0 first_sep -1 tag None (0.3s; 13832s total)
nat cheap None mN=1.091 I=64 rep 1151: unresolved gen 100000 pcc 0.995 sep_end 1 first_sep 130 tag None (29.8s; 13861s total)
nat above None mN=1.091 I=64 rep 1152: frozen gen 255 pcc 1.000 sep_end 0 first_sep -1 tag None (0.2s; 13861s total)
nat cheap None mN=1.091 I=64 rep 1152: frozen gen 1055 pcc 1.000 sep_end 0 first_sep 75 tag None (1.0s; 13862s total)
nat above None mN=1.091 I=64 rep 1153: frozen gen 305 pcc 1.000 sep_end 0 first_sep -1 tag None (0.3s; 13863s total)
nat cheap None mN=1.091 I=64 rep 1149: unresolved gen 100000 pcc 0.978 sep_end 3 first_sep 135 tag None (55.1s; 13866s total)
nat above None mN=1.091 I=64 rep 1154: frozen gen 280 pcc 1.000 sep_end 0 first_sep -1 tag None (0.3s; 13866s total)
nat cheap None mN=1.091 I=64 rep 1154: frozen gen 730 pcc 1.000 sep_end 0 first_sep 105 tag None (0.8s; 13867s total)
nat above None mN=1.091 I=64 rep 1155: frozen gen 255 pcc 1.000 sep_end 0 first_sep -1 tag None (0.3s; 13867s total)
nat cheap None mN=1.091 I=64 rep 1147: unresolved gen 100000 pcc 0.976 sep_end 3 first_sep 100 tag None (66.8s; 13872s total)
nat above None mN=1.091 I=64 rep 1156: frozen gen 315 pcc 1.000 sep_end 0 first_sep -1 tag None (0.4s; 13872s total)
nat cheap None mN=1.091 I=64 rep 1156: unresolved gen 100000 pcc 0.994 sep_end 1 first_sep 150 tag None (26.8s; 13899s total)
nat above None mN=1.091 I=64 rep 1157: frozen gen 285 pcc 1.000 sep_end 0 first_sep -1 tag None (0.3s; 13900s total)
nat cheap None mN=1.091 I=64 rep 1153: unresolved gen 100000 pcc 0.983 sep_end 1 first_sep 70 tag None (57.9s; 13921s total)
nat above None mN=1.091 I=64 rep 1158: frozen gen 295 pcc 1.000 sep_end 0 first_sep -1 tag None (0.3s; 13921s total)
nat cheap None mN=1.091 I=64 rep 1155: unresolved gen 100000 pcc 0.965 sep_end 3 first_sep 90 tag None (67.1s; 13935s total)
nat above None mN=1.091 I=64 rep 1159: frozen gen 270 pcc 1.000 sep_end 0 first_sep -1 tag None (0.3s; 13935s total)
nat cheap None mN=1.091 I=64 rep 1157: unresolved gen 100000 pcc 0.978 sep_end 1 first_sep 100 tag None (53.1s; 13953s total)
nat above None mN=1.091 I=64 rep 1160: frozen gen 310 pcc 1.000 sep_end 0 first_sep -1 tag None (0.3s; 13953s total)
nat cheap None mN=1.091 I=64 rep 1158: unresolved gen 100000 pcc 0.979 sep_end 1 first_sep 100 tag None (50.2s; 13971s total)
nat above None mN=1.091 I=64 rep 1161: frozen gen 330 pcc 1.000 sep_end 0 first_sep -1 tag None (0.3s; 13971s total)
nat cheap None mN=1.091 I=64 rep 1161: frozen gen 380 pcc 1.000 sep_end 0 first_sep 100 tag None (0.4s; 13972s total)
nat above None mN=1.091 I=64 rep 1162: frozen gen 530 pcc 1.000 sep_end 0 first_sep -1 tag None (0.5s; 13972s total)
nat cheap None mN=1.091 I=64 rep 1159: unresolved gen 100000 pcc 0.983 sep_end 1 first_sep 80 tag None (41.7s; 13977s total)
nat above None mN=1.091 I=64 rep 1163: frozen gen 350 pcc 1.000 sep_end 0 first_sep -1 tag None (0.3s; 13977s total)
nat cheap None mN=1.091 I=64 rep 1162: unresolved gen 100000 pcc 0.999 sep_end 1 first_sep 70 tag None (12.8s; 13985s total)
nat above None mN=1.091 I=64 rep 1164: frozen gen 300 pcc 1.000 sep_end 0 first_sep -1 tag None (0.3s; 13986s total)
nat cheap None mN=1.091 I=64 rep 1164: frozen gen 295 pcc 1.000 sep_end 0 first_sep 135 tag None (0.3s; 13986s total)
nat above None mN=1.091 I=64 rep 1165: frozen gen 255 pcc 1.000 sep_end 0 first_sep -1 tag None (0.3s; 13986s total)
nat cheap None mN=1.091 I=64 rep 1165: unresolved gen 100000 pcc 0.994 sep_end 1 first_sep 80 tag None (20.3s; 14006s total)
nat above None mN=1.091 I=64 rep 1166: frozen gen 310 pcc 1.000 sep_end 0 first_sep -1 tag None (0.3s; 14007s total)
nat cheap None mN=1.091 I=64 rep 1160: unresolved gen 100000 pcc 0.977 sep_end 1 first_sep 60 tag None (61.6s; 14015s total)
nat above None mN=1.091 I=64 rep 1167: frozen gen 265 pcc 1.000 sep_end 0 first_sep -1 tag None (0.3s; 14015s total)
nat cheap None mN=1.091 I=64 rep 1167: frozen gen 255 pcc 1.000 sep_end 0 first_sep -1 tag None (0.3s; 14015s total)
nat cheap None mN=1.091 I=64 rep 1163: unresolved gen 100000 pcc 0.985 sep_end 1 first_sep 105 tag None (61.5s; 14038s total)
nat cheap None mN=1.091 I=64 rep 1168: frozen gen 2125 pcc 1.000 sep_end 0 first_sep 85 tag None (2.2s; 14041s total)
nat above None mN=1.091 I=64 rep 1169: frozen gen 320 pcc 1.000 sep_end 0 first_sep -1 tag None (0.3s; 14041s total)
nat cheap None mN=1.091 I=64 rep 1169: frozen gen 730 pcc 1.000 sep_end 0 first_sep 80 tag None (0.8s; 14042s total)
nat above None mN=1.091 I=64 rep 1170: frozen gen 245 pcc 1.000 sep_end 0 first_sep -1 tag None (0.2s; 14042s total)
nat cheap None mN=1.091 I=64 rep 1166: unresolved gen 100000 pcc 0.972 sep_end 3 first_sep 85 tag None (70.5s; 14077s total)
nat above None mN=1.091 I=64 rep 1171: frozen gen 305 pcc 1.000 sep_end 0 first_sep -1 tag None (0.3s; 14078s total)
nat above None mN=1.091 I=64 rep 1168: unresolved gen 100000 pcc 0.977 sep_end 1 first_sep 85 tag None (63.3s; 14079s total)
nat above None mN=1.091 I=64 rep 1172: frozen gen 370 pcc 1.000 sep_end 0 first_sep -1 tag None (0.3s; 14079s total)
nat cheap None mN=1.091 I=64 rep 1171: frozen gen 2125 pcc 1.000 sep_end 0 first_sep 80 tag None (2.0s; 14080s total)
nat above None mN=1.091 I=64 rep 1173: frozen gen 265 pcc 1.000 sep_end 0 first_sep -1 tag None (0.3s; 14080s total)
nat cheap None mN=1.091 I=64 rep 1173: frozen gen 2650 pcc 1.000 sep_end 0 first_sep 75 tag None (2.0s; 14082s total)
nat above None mN=1.091 I=64 rep 1174: frozen gen 290 pcc 1.000 sep_end 0 first_sep -1 tag None (0.3s; 14082s total)
nat cheap None mN=1.091 I=64 rep 1170: unresolved gen 100000 pcc 0.986 sep_end 1 first_sep 105 tag None (44.3s; 14086s total)
nat above None mN=1.091 I=64 rep 1175: frozen gen 320 pcc 1.000 sep_end 0 first_sep -1 tag None (0.3s; 14087s total)
nat cheap None mN=1.091 I=64 rep 1174: unresolved gen 100000 pcc 0.981 sep_end 3 first_sep 80 tag None (59.3s; 14142s total)
nat above None mN=1.091 I=64 rep 1176: frozen gen 295 pcc 1.000 sep_end 0 first_sep -1 tag None (0.2s; 14142s total)
nat cheap None mN=1.091 I=64 rep 1172: unresolved gen 100000 pcc 0.978 sep_end 3 first_sep 55 tag None (63.1s; 14142s total)
nat above None mN=1.091 I=64 rep 1177: frozen gen 300 pcc 1.000 sep_end 0 first_sep -1 tag None (0.3s; 14142s total)
nat cheap None mN=1.091 I=64 rep 1177: frozen gen 920 pcc 1.000 sep_end 0 first_sep 115 tag None (1.0s; 14143s total)
nat above None mN=1.091 I=64 rep 1178: frozen gen 365 pcc 1.000 sep_end 0 first_sep -1 tag None (0.3s; 14144s total)
nat cheap None mN=1.091 I=64 rep 1178: frozen gen 1755 pcc 1.000 sep_end 0 first_sep 70 tag None (1.9s; 14145s total)
nat above None mN=1.091 I=64 rep 1179: frozen gen 410 pcc 1.000 sep_end 0 first_sep -1 tag None (0.3s; 14146s total)
nat cheap None mN=1.091 I=64 rep 1179: frozen gen 355 pcc 1.000 sep_end 0 first_sep -1 tag None (0.3s; 14146s total)
nat above None mN=1.091 I=64 rep 1180: frozen gen 255 pcc 1.000 sep_end 0 first_sep -1 tag None (0.2s; 14146s total)
nat cheap None mN=1.091 I=64 rep 1175: unresolved gen 100000 pcc 0.979 sep_end 1 first_sep 45 tag None (59.7s; 14146s total)
nat above None mN=1.091 I=64 rep 1181: frozen gen 795 pcc 1.000 sep_end 0 first_sep -1 tag None (0.5s; 14147s total)
nat cheap None mN=1.091 I=64 rep 1181: unresolved gen 100000 pcc 0.991 sep_end 1 first_sep 115 tag None (19.9s; 14167s total)
nat above None mN=1.091 I=64 rep 1182: frozen gen 250 pcc 1.000 sep_end 0 first_sep -1 tag None (0.3s; 14167s total)
nat cheap None mN=1.091 I=64 rep 1182: unresolved gen 100000 pcc 0.999 sep_end 1 first_sep 125 tag None (5.2s; 14172s total)
nat above None mN=1.091 I=64 rep 1183: frozen gen 335 pcc 1.000 sep_end 0 first_sep -1 tag None (0.4s; 14173s total)
nat cheap None mN=1.091 I=64 rep 1183: frozen gen 270 pcc 1.000 sep_end 0 first_sep 90 tag None (0.3s; 14173s total)
nat above None mN=1.091 I=64 rep 1184: frozen gen 295 pcc 1.000 sep_end 0 first_sep -1 tag None (0.3s; 14173s total)
nat cheap None mN=1.091 I=64 rep 1184: frozen gen 360 pcc 1.000 sep_end 0 first_sep -1 tag None (0.3s; 14174s total)
nat above None mN=1.091 I=64 rep 1185: frozen gen 265 pcc 1.000 sep_end 0 first_sep -1 tag None (0.2s; 14174s total)
nat cheap None mN=1.091 I=64 rep 1176: unresolved gen 100000 pcc 0.979 sep_end 1 first_sep 85 tag None (55.6s; 14197s total)
nat above None mN=1.091 I=64 rep 1186: frozen gen 415 pcc 1.000 sep_end 0 first_sep -1 tag None (0.5s; 14198s total)
nat cheap None mN=1.091 I=64 rep 1186: frozen gen 340 pcc 1.000 sep_end 0 first_sep -1 tag None (0.3s; 14198s total)
nat above None mN=1.091 I=64 rep 1187: frozen gen 350 pcc 1.000 sep_end 0 first_sep -1 tag None (0.3s; 14198s total)
nat cheap None mN=1.091 I=64 rep 1180: unresolved gen 100000 pcc 0.972 sep_end 1 first_sep 70 tag None (62.4s; 14209s total)
nat above None mN=1.091 I=64 rep 1188: frozen gen 320 pcc 1.000 sep_end 0 first_sep -1 tag None (0.3s; 14209s total)
nat cheap None mN=1.091 I=64 rep 1185: unresolved gen 100000 pcc 0.986 sep_end 1 first_sep 110 tag None (45.9s; 14220s total)
nat above None mN=1.091 I=64 rep 1189: frozen gen 845 pcc 1.000 sep_end 0 first_sep 130 tag None (0.9s; 14221s total)
nat cheap None mN=1.091 I=64 rep 1189: unresolved gen 100000 pcc 1.000 sep_end 1 first_sep 215 tag None (5.0s; 14226s total)
nat above None mN=1.091 I=64 rep 1190: frozen gen 265 pcc 1.000 sep_end 0 first_sep -1 tag None (0.2s; 14226s total)
nat cheap None mN=1.091 I=64 rep 1187: unresolved gen 100000 pcc 0.991 sep_end 1 first_sep 95 tag None (40.2s; 14239s total)
nat above None mN=1.091 I=64 rep 1191: frozen gen 340 pcc 1.000 sep_end 0 first_sep -1 tag None (0.4s; 14239s total)
nat cheap None mN=1.091 I=64 rep 1191: frozen gen 290 pcc 1.000 sep_end 0 first_sep -1 tag None (0.2s; 14239s total)
nat above None mN=1.091 I=64 rep 1192: frozen gen 295 pcc 1.000 sep_end 0 first_sep -1 tag None (0.3s; 14240s total)
nat cheap None mN=1.091 I=64 rep 1188: unresolved gen 100000 pcc 0.987 sep_end 1 first_sep 185 tag None (45.6s; 14255s total)
nat above None mN=1.091 I=64 rep 1193: frozen gen 280 pcc 1.000 sep_end 0 first_sep -1 tag None (0.3s; 14255s total)
nat cheap None mN=1.091 I=64 rep 1190: unresolved gen 100000 pcc 0.980 sep_end 1 first_sep 115 tag None (55.7s; 14282s total)
nat above None mN=1.091 I=64 rep 1194: frozen gen 355 pcc 1.000 sep_end 0 first_sep -1 tag None (0.3s; 14282s total)
nat cheap None mN=1.091 I=64 rep 1192: unresolved gen 100000 pcc 0.976 sep_end 3 first_sep 70 tag None (49.9s; 14289s total)
nat above None mN=1.091 I=64 rep 1195: frozen gen 285 pcc 1.000 sep_end 0 first_sep -1 tag None (0.2s; 14290s total)
nat cheap None mN=1.091 I=64 rep 1193: unresolved gen 100000 pcc 0.987 sep_end 1 first_sep 125 tag None (43.5s; 14298s total)
nat above None mN=1.091 I=64 rep 1196: frozen gen 265 pcc 1.000 sep_end 0 first_sep -1 tag None (0.3s; 14299s total)
nat cheap None mN=1.091 I=64 rep 1196: frozen gen 50200 pcc 1.000 sep_end 0 first_sep 70 tag None (2.6s; 14301s total)
nat above None mN=1.091 I=64 rep 1197: frozen gen 335 pcc 1.000 sep_end 0 first_sep -1 tag None (0.3s; 14302s total)
nat cheap None mN=1.091 I=64 rep 1194: unresolved gen 100000 pcc 0.989 sep_end 1 first_sep 65 tag None (39.0s; 14321s total)
nat above None mN=1.091 I=64 rep 1198: frozen gen 260 pcc 1.000 sep_end 0 first_sep -1 tag None (0.2s; 14321s total)
nat cheap None mN=1.091 I=64 rep 1197: unresolved gen 100000 pcc 0.995 sep_end 1 first_sep 125 tag None (26.7s; 14328s total)
nat above None mN=1.091 I=64 rep 1199: frozen gen 315 pcc 1.000 sep_end 0 first_sep -1 tag None (0.3s; 14329s total)
nat cheap None mN=1.091 I=64 rep 1195: unresolved gen 100000 pcc 0.978 sep_end 1 first_sep 95 tag None (62.8s; 14352s total)
nat above None mN=1.091 I=64 rep 1200: frozen gen 395 pcc 1.000 sep_end 0 first_sep -1 tag None (0.4s; 14353s total)
nat cheap None mN=1.091 I=64 rep 1198: unresolved gen 100000 pcc 0.986 sep_end 1 first_sep 60 tag None (51.5s; 14373s total)
nat above None mN=1.091 I=64 rep 1201: frozen gen 250 pcc 1.000 sep_end 0 first_sep -1 tag None (0.2s; 14373s total)
nat cheap None mN=1.091 I=64 rep 1199: unresolved gen 100000 pcc 0.975 sep_end 1 first_sep 85 tag None (61.8s; 14390s total)
nat above None mN=1.091 I=64 rep 1202: frozen gen 360 pcc 1.000 sep_end 0 first_sep -1 tag None (0.3s; 14391s total)
nat cheap None mN=1.091 I=64 rep 1200: unresolved gen 100000 pcc 0.988 sep_end 1 first_sep 45 tag None (44.9s; 14398s total)
nat above None mN=1.091 I=64 rep 1203: frozen gen 280 pcc 1.000 sep_end 0 first_sep -1 tag None (0.2s; 14398s total)
nat cheap None mN=1.091 I=64 rep 1203: frozen gen 270 pcc 1.000 sep_end 0 first_sep -1 tag None (0.2s; 14398s total)
nat above None mN=1.091 I=64 rep 1204: frozen gen 275 pcc 1.000 sep_end 0 first_sep -1 tag None (0.3s; 14399s total)
nat cheap None mN=1.091 I=64 rep 1204: frozen gen 325 pcc 1.000 sep_end 0 first_sep -1 tag None (0.3s; 14399s total)
nat above None mN=1.091 I=64 rep 1205: frozen gen 325 pcc 1.000 sep_end 0 first_sep -1 tag None (0.3s; 14399s total)
nat cheap None mN=1.091 I=64 rep 1201: unresolved gen 100000 pcc 0.986 sep_end 1 first_sep 65 tag None (48.1s; 14421s total)
nat above None mN=1.091 I=64 rep 1206: frozen gen 290 pcc 1.000 sep_end 0 first_sep -1 tag None (0.3s; 14421s total)
nat cheap None mN=1.091 I=64 rep 1206: frozen gen 275 pcc 1.000 sep_end 0 first_sep -1 tag None (0.3s; 14422s total)
nat above None mN=1.091 I=64 rep 1207: frozen gen 330 pcc 1.000 sep_end 0 first_sep -1 tag None (0.3s; 14422s total)
nat cheap None mN=1.091 I=64 rep 1207: frozen gen 315 pcc 1.000 sep_end 0 first_sep -1 tag None (0.3s; 14422s total)
nat above None mN=1.091 I=64 rep 1208: frozen gen 365 pcc 1.000 sep_end 0 first_sep -1 tag None (0.3s; 14423s total)
nat cheap None mN=1.091 I=64 rep 1205: unresolved gen 100000 pcc 0.989 sep_end 1 first_sep 100 tag None (29.8s; 14429s total)
nat above None mN=1.091 I=64 rep 1209: frozen gen 335 pcc 1.000 sep_end 0 first_sep -1 tag None (0.3s; 14429s total)
nat cheap None mN=1.091 I=64 rep 1202: unresolved gen 100000 pcc 0.985 sep_end 1 first_sep 95 tag None (45.7s; 14436s total)
nat above None mN=1.091 I=64 rep 1210: frozen gen 300 pcc 1.000 sep_end 0 first_sep -1 tag None (0.2s; 14437s total)
nat cheap None mN=1.091 I=64 rep 1210: unresolved gen 100000 pcc 0.975 sep_end 1 first_sep 100 tag None (42.5s; 14479s total)
nat above None mN=1.091 I=64 rep 1211: frozen gen 325 pcc 1.000 sep_end 0 first_sep -1 tag None (0.3s; 14479s total)
nat cheap None mN=1.091 I=64 rep 1211: frozen gen 305 pcc 1.000 sep_end 0 first_sep -1 tag None (0.3s; 14480s total)
nat above None mN=1.091 I=64 rep 1212: frozen gen 315 pcc 1.000 sep_end 0 first_sep -1 tag None (0.3s; 14480s total)
nat cheap None mN=1.091 I=64 rep 1212: frozen gen 1445 pcc 1.000 sep_end 0 first_sep 115 tag None (1.7s; 14482s total)
nat above None mN=1.091 I=64 rep 1213: frozen gen 265 pcc 1.000 sep_end 0 first_sep -1 tag None (0.2s; 14482s total)
nat cheap None mN=1.091 I=64 rep 1209: unresolved gen 100000 pcc 0.984 sep_end 1 first_sep 80 tag None (52.8s; 14483s total)
nat above None mN=1.091 I=64 rep 1214: frozen gen 310 pcc 1.000 sep_end 0 first_sep -1 tag None (0.3s; 14483s total)
nat cheap None mN=1.091 I=64 rep 1208: unresolved gen 100000 pcc 0.980 sep_end 1 first_sep 80 tag None (62.6s; 14485s total)
nat above None mN=1.091 I=64 rep 1215: frozen gen 255 pcc 1.000 sep_end 0 first_sep -1 tag None (0.2s; 14485s total)
nat cheap None mN=1.091 I=64 rep 1213: unresolved gen 100000 pcc 0.985 sep_end 1 first_sep 105 tag None (55.6s; 14537s total)
nat above None mN=1.091 I=64 rep 1216: frozen gen 295 pcc 1.000 sep_end 0 first_sep -1 tag None (0.2s; 14538s total)
nat cheap None mN=1.091 I=64 rep 1216: frozen gen 305 pcc 1.000 sep_end 0 first_sep -1 tag None (0.3s; 14538s total)
nat above None mN=1.091 I=64 rep 1217: frozen gen 290 pcc 1.000 sep_end 0 first_sep -1 tag None (0.3s; 14538s total)
nat cheap None mN=1.091 I=64 rep 1214: unresolved gen 100000 pcc 0.973 sep_end 3 first_sep 75 tag None (61.9s; 14544s total)
nat above None mN=1.091 I=64 rep 1218: frozen gen 260 pcc 1.000 sep_end 0 first_sep -1 tag None (0.2s; 14544s total)
nat cheap None mN=1.091 I=64 rep 1215: unresolved gen 100000 pcc 0.975 sep_end 1 first_sep 80 tag None (60.4s; 14546s total)
nat above None mN=1.091 I=64 rep 1219: frozen gen 315 pcc 1.000 sep_end 0 first_sep -1 tag None (0.2s; 14546s total)
nat cheap None mN=1.091 I=64 rep 1219: frozen gen 370 pcc 1.000 sep_end 0 first_sep -1 tag None (0.3s; 14546s total)
nat above None mN=1.091 I=64 rep 1220: frozen gen 265 pcc 1.000 sep_end 0 first_sep -1 tag None (0.3s; 14547s total)
nat cheap None mN=1.091 I=64 rep 1220: frozen gen 400 pcc 1.000 sep_end 0 first_sep -1 tag None (0.3s; 14547s total)
nat above None mN=1.091 I=64 rep 1221: frozen gen 270 pcc 1.000 sep_end 0 first_sep -1 tag None (0.2s; 14547s total)
nat cheap None mN=1.091 I=64 rep 1217: unresolved gen 100000 pcc 0.988 sep_end 1 first_sep 60 tag None (32.9s; 14571s total)
nat above None mN=1.091 I=64 rep 1222: frozen gen 300 pcc 1.000 sep_end 0 first_sep -1 tag None (0.3s; 14572s total)
nat cheap None mN=1.091 I=64 rep 1221: unresolved gen 100000 pcc 0.981 sep_end 3 first_sep 75 tag None (47.5s; 14595s total)
nat above None mN=1.091 I=64 rep 1223: frozen gen 300 pcc 1.000 sep_end 0 first_sep -1 tag None (0.3s; 14595s total)
nat cheap None mN=1.091 I=64 rep 1218: unresolved gen 100000 pcc 0.981 sep_end 1 first_sep 135 tag None (62.7s; 14607s total)
nat above None mN=1.091 I=64 rep 1224: frozen gen 255 pcc 1.000 sep_end 0 first_sep -1 tag None (0.2s; 14607s total)
nat cheap None mN=1.091 I=64 rep 1224: frozen gen 320 pcc 1.000 sep_end 0 first_sep -1 tag None (0.3s; 14608s total)
nat above None mN=1.091 I=64 rep 1225: frozen gen 250 pcc 1.000 sep_end 0 first_sep -1 tag None (0.3s; 14608s total)
nat cheap None mN=1.091 I=64 rep 1223: unresolved gen 100000 pcc 0.997 sep_end 1 first_sep 130 tag None (12.9s; 14608s total)
nat above None mN=1.091 I=64 rep 1226: frozen gen 425 pcc 1.000 sep_end 0 first_sep -1 tag None (0.4s; 14609s total)
nat cheap None mN=1.091 I=64 rep 1225: frozen gen 1385 pcc 1.000 sep_end 0 first_sep 70 tag None (1.2s; 14609s total)
nat above None mN=1.091 I=64 rep 1227: frozen gen 380 pcc 1.000 sep_end 0 first_sep -1 tag None (0.3s; 14609s total)
nat cheap None mN=1.091 I=64 rep 1226: unresolved gen 100000 pcc 0.991 sep_end 1 first_sep 180 tag None (23.3s; 14632s total)
nat above None mN=1.091 I=64 rep 1228: frozen gen 280 pcc 1.000 sep_end 0 first_sep -1 tag None (0.2s; 14632s total)
nat cheap None mN=1.091 I=64 rep 1222: unresolved gen 100000 pcc 0.979 sep_end 1 first_sep 105 tag None (61.8s; 14633s total)
nat above None mN=1.091 I=64 rep 1229: frozen gen 260 pcc 1.000 sep_end 0 first_sep -1 tag None (0.3s; 14634s total)
nat cheap None mN=1.091 I=64 rep 1229: frozen gen 285 pcc 1.000 sep_end 0 first_sep -1 tag None (0.3s; 14634s total)
nat above None mN=1.091 I=64 rep 1230: frozen gen 370 pcc 1.000 sep_end 0 first_sep -1 tag None (0.3s; 14634s total)
nat cheap None mN=1.091 I=64 rep 1227: unresolved gen 100000 pcc 0.977 sep_end 1 first_sep 65 tag None (50.4s; 14660s total)
nat above None mN=1.091 I=64 rep 1231: frozen gen 290 pcc 1.000 sep_end 0 first_sep -1 tag None (0.3s; 14660s total)
nat cheap None mN=1.091 I=64 rep 1228: unresolved gen 100000 pcc 0.994 sep_end 1 first_sep 115 tag None (32.4s; 14664s total)
nat above None mN=1.091 I=64 rep 1232: frozen gen 320 pcc 1.000 sep_end 0 first_sep -1 tag None (0.4s; 14665s total)
nat cheap None mN=1.091 I=64 rep 1232: frozen gen 1295 pcc 1.000 sep_end 0 first_sep 130 tag None (1.4s; 14666s total)
nat above None mN=1.091 I=64 rep 1233: frozen gen 225 pcc 1.000 sep_end 0 first_sep -1 tag None (0.2s; 14666s total)
nat cheap None mN=1.091 I=64 rep 1233: unresolved gen 100000 pcc 0.998 sep_end 1 first_sep 225 tag None (9.0s; 14675s total)
nat above None mN=1.091 I=64 rep 1234: frozen gen 320 pcc 1.000 sep_end 0 first_sep -1 tag None (0.3s; 14676s total)
nat cheap None mN=1.091 I=64 rep 1230: unresolved gen 100000 pcc 0.990 sep_end 1 first_sep 85 tag None (45.7s; 14680s total)
nat above None mN=1.091 I=64 rep 1235: frozen gen 500 pcc 1.000 sep_end 0 first_sep -1 tag None (0.5s; 14680s total)
nat cheap None mN=1.091 I=64 rep 1235: unresolved gen 100000 pcc 0.990 sep_end 1 first_sep 115 tag None (38.8s; 14719s total)
nat above None mN=1.091 I=64 rep 1236: frozen gen 335 pcc 1.000 sep_end 0 first_sep -1 tag None (0.3s; 14719s total)
nat cheap None mN=1.091 I=64 rep 1231: unresolved gen 100000 pcc 0.980 sep_end 1 first_sep 70 tag None (61.1s; 14721s total)
nat above None mN=1.091 I=64 rep 1237: frozen gen 350 pcc 1.000 sep_end 0 first_sep -1 tag None (0.3s; 14722s total)
nat cheap None mN=1.091 I=64 rep 1234: unresolved gen 100000 pcc 0.977 sep_end 1 first_sep 60 tag None (63.0s; 14739s total)
nat above None mN=1.091 I=64 rep 1238: frozen gen 225 pcc 1.000 sep_end 0 first_sep -1 tag None (0.2s; 14739s total)
nat cheap None mN=1.091 I=64 rep 1238: frozen gen 260 pcc 1.000 sep_end 0 first_sep -1 tag None (0.2s; 14740s total)
nat above None mN=1.091 I=64 rep 1239: frozen gen 390 pcc 1.000 sep_end 0 first_sep -1 tag None (0.3s; 14740s total)
nat cheap None mN=1.091 I=64 rep 1239: frozen gen 1980 pcc 1.000 sep_end 0 first_sep 50 tag None (2.1s; 14742s total)
nat above None mN=1.091 I=64 rep 1240: frozen gen 300 pcc 1.000 sep_end 0 first_sep -1 tag None (0.4s; 14742s total)
nat cheap None mN=1.091 I=64 rep 1236: unresolved gen 100000 pcc 0.994 sep_end 1 first_sep 80 tag None (23.3s; 14743s total)
nat above None mN=1.091 I=64 rep 1241: frozen gen 345 pcc 1.000 sep_end 0 first_sep 185 tag None (0.4s; 14743s total)
nat cheap None mN=1.091 I=64 rep 1241: frozen gen 265 pcc 1.000 sep_end 0 first_sep -1 tag None (0.2s; 14743s total)
nat above None mN=1.091 I=64 rep 1242: frozen gen 230 pcc 1.000 sep_end 0 first_sep -1 tag None (0.2s; 14744s total)
nat cheap None mN=1.091 I=64 rep 1242: frozen gen 2025 pcc 1.000 sep_end 0 first_sep 55 tag None (2.1s; 14746s total)
nat above None mN=1.091 I=64 rep 1243: frozen gen 290 pcc 1.000 sep_end 0 first_sep -1 tag None (0.2s; 14746s total)
nat cheap None mN=1.091 I=64 rep 1243: unresolved gen 100000 pcc 0.998 sep_end 1 first_sep 195 tag None (5.0s; 14751s total)
nat above None mN=1.091 I=64 rep 1244: frozen gen 295 pcc 1.000 sep_end 0 first_sep -1 tag None (0.3s; 14751s total)
nat cheap None mN=1.091 I=64 rep 1244: frozen gen 2325 pcc 1.000 sep_end 0 first_sep 75 tag None (2.6s; 14754s total)
nat above None mN=1.091 I=64 rep 1245: frozen gen 245 pcc 1.000 sep_end 0 first_sep -1 tag None (0.2s; 14754s total)
nat cheap None mN=1.091 I=64 rep 1237: unresolved gen 100000 pcc 0.976 sep_end 3 first_sep 100 tag None (63.7s; 14785s total)
nat above None mN=1.091 I=64 rep 1246: frozen gen 335 pcc 1.000 sep_end 0 first_sep -1 tag None (0.3s; 14786s total)
nat cheap None mN=1.091 I=64 rep 1245: unresolved gen 100000 pcc 0.990 sep_end 1 first_sep 110 tag None (41.0s; 14795s total)
nat above None mN=1.091 I=64 rep 1247: frozen gen 260 pcc 1.000 sep_end 0 first_sep -1 tag None (0.2s; 14795s total)
nat cheap None mN=1.091 I=64 rep 1247: frozen gen 335 pcc 1.000 sep_end 0 first_sep -1 tag None (0.3s; 14796s total)
nat above None mN=1.091 I=64 rep 1248: frozen gen 330 pcc 1.000 sep_end 0 first_sep -1 tag None (0.3s; 14796s total)
nat cheap None mN=1.091 I=64 rep 1248: frozen gen 365 pcc 1.000 sep_end 0 first_sep -1 tag None (0.3s; 14796s total)
nat above None mN=1.091 I=64 rep 1249: frozen gen 285 pcc 1.000 sep_end 0 first_sep -1 tag None (0.3s; 14797s total)
nat cheap None mN=1.091 I=64 rep 1240: unresolved gen 100000 pcc 0.977 sep_end 3 first_sep 60 tag None (60.8s; 14803s total)
nat above None mN=1.091 I=64 rep 1250: frozen gen 320 pcc 1.000 sep_end 0 first_sep -1 tag None (0.3s; 14803s total)
nat cheap None mN=1.091 I=64 rep 1246: unresolved gen 100000 pcc 0.979 sep_end 1 first_sep 105 tag None (59.1s; 14845s total)
nat above None mN=1.091 I=64 rep 1251: frozen gen 310 pcc 1.000 sep_end 0 first_sep -1 tag None (0.3s; 14845s total)
nat cheap None mN=1.091 I=64 rep 1251: frozen gen 3725 pcc 1.000 sep_end 0 first_sep 95 tag None (1.4s; 14846s total)
nat above None mN=1.091 I=64 rep 1252: frozen gen 315 pcc 1.000 sep_end 0 first_sep -1 tag None (0.3s; 14847s total)
nat cheap None mN=1.091 I=64 rep 1252: frozen gen 280 pcc 1.000 sep_end 0 first_sep 40 tag None (0.3s; 14847s total)
nat above None mN=1.091 I=64 rep 1253: frozen gen 305 pcc 1.000 sep_end 0 first_sep -1 tag None (0.3s; 14847s total)
nat cheap None mN=1.091 I=64 rep 1249: unresolved gen 100000 pcc 0.980 sep_end 1 first_sep 90 tag None (60.9s; 14858s total)
nat above None mN=1.091 I=64 rep 1254: frozen gen 225 pcc 1.000 sep_end 0 first_sep -1 tag None (0.3s; 14858s total)
nat cheap None mN=1.091 I=64 rep 1254: frozen gen 720 pcc 1.000 sep_end 0 first_sep 85 tag None (0.7s; 14859s total)
nat cheap None mN=1.091 I=64 rep 1250: unresolved gen 100000 pcc 0.979 sep_end 1 first_sep 95 tag None (55.8s; 14859s total)
nat above None mN=1.091 I=64 rep 1255: frozen gen 365 pcc 1.000 sep_end 0 first_sep -1 tag None (0.3s; 14859s total)
nat above None mN=1.091 I=64 rep 1256: frozen gen 385 pcc 1.000 sep_end 0 first_sep -1 tag None (0.3s; 14859s total)
nat cheap None mN=1.091 I=64 rep 1256: frozen gen 1205 pcc 1.000 sep_end 0 first_sep 80 tag None (1.3s; 14861s total)
nat above None mN=1.091 I=64 rep 1257: frozen gen 315 pcc 1.000 sep_end 0 first_sep -1 tag None (0.3s; 14861s total)
nat cheap None mN=1.091 I=64 rep 1257: frozen gen 1560 pcc 1.000 sep_end 0 first_sep 100 tag None (1.7s; 14863s total)
nat above None mN=1.091 I=64 rep 1258: frozen gen 390 pcc 1.000 sep_end 0 first_sep -1 tag None (0.3s; 14863s total)
nat cheap None mN=1.091 I=64 rep 1258: unresolved gen 100000 pcc 0.985 sep_end 1 first_sep 55 tag None (46.7s; 14910s total)
nat above None mN=1.091 I=64 rep 1259: frozen gen 270 pcc 1.000 sep_end 0 first_sep -1 tag None (0.2s; 14910s total)
nat cheap None mN=1.091 I=64 rep 1253: unresolved gen 100000 pcc 0.975 sep_end 3 first_sep 65 tag None (67.0s; 14914s total)
nat above None mN=1.091 I=64 rep 1260: frozen gen 275 pcc 1.000 sep_end 0 first_sep -1 tag None (0.3s; 14915s total)
nat cheap None mN=1.091 I=64 rep 1255: unresolved gen 100000 pcc 0.976 sep_end 1 first_sep 80 tag None (62.7s; 14922s total)
nat above None mN=1.091 I=64 rep 1261: frozen gen 485 pcc 1.000 sep_end 0 first_sep -1 tag None (0.4s; 14922s total)
nat cheap None mN=1.091 I=64 rep 1259: unresolved gen 100000 pcc 0.979 sep_end 3 first_sep 65 tag None (62.2s; 14972s total)
nat above None mN=1.091 I=64 rep 1262: frozen gen 295 pcc 1.000 sep_end 0 first_sep -1 tag None (0.3s; 14972s total)
nat cheap None mN=1.091 I=64 rep 1261: unresolved gen 100000 pcc 0.975 sep_end 1 first_sep 125 tag None (60.7s; 14983s total)
nat above None mN=1.091 I=64 rep 1263: frozen gen 350 pcc 1.000 sep_end 0 first_sep -1 tag None (0.3s; 14983s total)
nat cheap None mN=1.091 I=64 rep 1263: frozen gen 1260 pcc 1.000 sep_end 0 first_sep 135 tag None (1.4s; 14984s total)
nat above None mN=1.091 I=64 rep 1264: frozen gen 385 pcc 1.000 sep_end 0 first_sep -1 tag None (0.4s; 14985s total)
nat cheap None mN=1.091 I=64 rep 1264: frozen gen 230 pcc 1.000 sep_end 0 first_sep -1 tag None (0.2s; 14985s total)
nat above None mN=1.091 I=64 rep 1265: frozen gen 285 pcc 1.000 sep_end 0 first_sep -1 tag None (0.2s; 14985s total)
nat cheap None mN=1.091 I=64 rep 1260: unresolved gen 100000 pcc 0.972 sep_end 3 first_sep 90 tag None (72.7s; 14987s total)
nat above None mN=1.091 I=64 rep 1266: frozen gen 320 pcc 1.000 sep_end 0 first_sep -1 tag None (0.3s; 14988s total)
nat cheap None mN=1.091 I=64 rep 1266: frozen gen 345 pcc 1.000 sep_end 0 first_sep -1 tag None (0.3s; 14988s total)
nat above None mN=1.091 I=64 rep 1267: frozen gen 345 pcc 1.000 sep_end 0 first_sep -1 tag None (0.3s; 14988s total)
nat cheap None mN=1.091 I=64 rep 1262: unresolved gen 100000 pcc 0.978 sep_end 1 first_sep 70 tag None (57.0s; 15029s total)
nat above None mN=1.091 I=64 rep 1268: frozen gen 380 pcc 1.000 sep_end 0 first_sep -1 tag None (0.4s; 15030s total)
nat cheap None mN=1.091 I=64 rep 1267: unresolved gen 100000 pcc 0.982 sep_end 1 first_sep 110 tag None (54.1s; 15042s total)
nat above None mN=1.091 I=64 rep 1269: frozen gen 270 pcc 1.000 sep_end 0 first_sep -1 tag None (0.3s; 15043s total)
nat cheap None mN=1.091 I=64 rep 1265: unresolved gen 100000 pcc 0.981 sep_end 1 first_sep 95 tag None (62.7s; 15048s total)
nat above None mN=1.091 I=64 rep 1270: frozen gen 290 pcc 1.000 sep_end 0 first_sep -1 tag None (0.3s; 15048s total)
nat cheap None mN=1.091 I=64 rep 1268: unresolved gen 100000 pcc 0.989 sep_end 3 first_sep 95 tag None (35.0s; 15065s total)
nat above None mN=1.091 I=64 rep 1271: frozen gen 240 pcc 1.000 sep_end 0 first_sep -1 tag None (0.3s; 15065s total)
nat cheap None mN=1.091 I=64 rep 1271: frozen gen 365 pcc 1.000 sep_end 0 first_sep -1 tag None (0.3s; 15065s total)
nat above None mN=1.091 I=64 rep 1272: frozen gen 315 pcc 1.000 sep_end 0 first_sep -1 tag None (0.3s; 15066s total)
nat cheap None mN=1.091 I=64 rep 1270: unresolved gen 100000 pcc 0.987 sep_end 1 first_sep 120 tag None (32.4s; 15081s total)
nat above None mN=1.091 I=64 rep 1273: frozen gen 405 pcc 1.000 sep_end 0 first_sep -1 tag None (0.3s; 15081s total)
nat cheap None mN=1.091 I=64 rep 1272: unresolved gen 100000 pcc 0.990 sep_end 1 first_sep 80 tag None (27.0s; 15093s total)
nat above None mN=1.091 I=64 rep 1274: frozen gen 275 pcc 1.000 sep_end 0 first_sep -1 tag None (0.2s; 15093s total)
nat cheap None mN=1.091 I=64 rep 1269: unresolved gen 100000 pcc 0.983 sep_end 1 first_sep 70 tag None (52.6s; 15095s total)
nat above None mN=1.091 I=64 rep 1275: frozen gen 305 pcc 1.000 sep_end 0 first_sep -1 tag None (0.3s; 15096s total)
nat cheap None mN=1.091 I=64 rep 1273: unresolved gen 100000 pcc 0.985 sep_end 1 first_sep 110 tag None (41.3s; 15122s total)
nat above None mN=1.091 I=64 rep 1276: frozen gen 350 pcc 1.000 sep_end 0 first_sep -1 tag None (0.4s; 15123s total)
nat cheap None mN=1.091 I=64 rep 1276: frozen gen 350 pcc 1.000 sep_end 0 first_sep -1 tag None (0.3s; 15123s total)
nat above None mN=1.091 I=64 rep 1277: frozen gen 260 pcc 1.000 sep_end 0 first_sep -1 tag None (0.2s; 15123s total)
nat cheap None mN=1.091 I=64 rep 1275: unresolved gen 100000 pcc 0.991 sep_end 1 first_sep 65 tag None (29.2s; 15125s total)
nat above None mN=1.091 I=64 rep 1278: frozen gen 335 pcc 1.000 sep_end 0 first_sep -1 tag None (0.3s; 15125s total)
nat cheap None mN=1.091 I=64 rep 1274: unresolved gen 100000 pcc 0.979 sep_end 3 first_sep 110 tag None (64.4s; 15157s total)
nat above None mN=1.091 I=64 rep 1279: frozen gen 330 pcc 1.000 sep_end 0 first_sep -1 tag None (0.4s; 15158s total)
nat cheap None mN=1.091 I=64 rep 1278: unresolved gen 100000 pcc 0.984 sep_end 1 first_sep 105 tag None (59.5s; 15185s total)
nat above None mN=1.091 I=64 rep 1280: frozen gen 310 pcc 1.000 sep_end 0 first_sep -1 tag None (0.3s; 15185s total)
nat cheap None mN=1.091 I=64 rep 1277: unresolved gen 100000 pcc 0.979 sep_end 1 first_sep 75 tag None (62.7s; 15186s total)
nat above None mN=1.091 I=64 rep 1281: frozen gen 225 pcc 1.000 sep_end 0 first_sep -1 tag None (0.2s; 15186s total)
nat cheap None mN=1.091 I=64 rep 1279: unresolved gen 100000 pcc 0.984 sep_end 1 first_sep 95 tag None (52.6s; 15210s total)
nat above None mN=1.091 I=64 rep 1282: frozen gen 240 pcc 1.000 sep_end 0 first_sep -1 tag None (0.2s; 15211s total)
nat cheap None mN=1.091 I=64 rep 1282: frozen gen 260 pcc 1.000 sep_end 0 first_sep -1 tag None (0.2s; 15211s total)
nat above None mN=1.091 I=64 rep 1283: frozen gen 305 pcc 1.000 sep_end 0 first_sep -1 tag None (0.2s; 15211s total)
nat cheap None mN=1.091 I=64 rep 1280: unresolved gen 100000 pcc 0.991 sep_end 1 first_sep 85 tag None (32.4s; 15217s total)
nat above None mN=1.091 I=64 rep 1284: frozen gen 330 pcc 1.000 sep_end 0 first_sep -1 tag None (0.3s; 15218s total)
nat cheap None mN=1.091 I=64 rep 1284: frozen gen 445 pcc 1.000 sep_end 0 first_sep -1 tag None (0.3s; 15218s total)
nat above None mN=1.091 I=64 rep 1285: frozen gen 245 pcc 1.000 sep_end 0 first_sep -1 tag None (0.3s; 15218s total)
nat cheap None mN=1.091 I=64 rep 1283: unresolved gen 100000 pcc 0.988 sep_end 1 first_sep 65 tag None (34.7s; 15246s total)
nat above None mN=1.091 I=64 rep 1286: frozen gen 340 pcc 1.000 sep_end 0 first_sep -1 tag None (0.3s; 15246s total)
nat cheap None mN=1.091 I=64 rep 1281: unresolved gen 100000 pcc 0.974 sep_end 1 first_sep 65 tag None (63.5s; 15249s total)
nat above None mN=1.091 I=64 rep 1287: frozen gen 250 pcc 1.000 sep_end 0 first_sep -1 tag None (0.3s; 15250s total)
nat cheap None mN=1.091 I=64 rep 1287: frozen gen 725 pcc 1.000 sep_end 0 first_sep 110 tag None (0.8s; 15251s total)
nat above None mN=1.091 I=64 rep 1288: frozen gen 280 pcc 1.000 sep_end 0 first_sep -1 tag None (0.2s; 15251s total)
nat cheap None mN=1.091 I=64 rep 1285: unresolved gen 100000 pcc 0.979 sep_end 1 first_sep 60 tag None (59.8s; 15278s total)
nat above None mN=1.091 I=64 rep 1289: frozen gen 265 pcc 1.000 sep_end 0 first_sep -1 tag None (0.2s; 15278s total)
nat cheap None mN=1.091 I=64 rep 1286: unresolved gen 100000 pcc 0.984 sep_end 1 first_sep 80 tag None (54.0s; 15300s total)
nat above None mN=1.091 I=64 rep 1290: frozen gen 300 pcc 1.000 sep_end 0 first_sep -1 tag None (0.3s; 15300s total)
nat cheap None mN=1.091 I=64 rep 1290: frozen gen 1505 pcc 1.000 sep_end 0 first_sep 105 tag None (1.4s; 15302s total)
nat above None mN=1.091 I=64 rep 1291: frozen gen 265 pcc 1.000 sep_end 0 first_sep -1 tag None (0.3s; 15302s total)
nat cheap None mN=1.091 I=64 rep 1289: unresolved gen 100000 pcc 0.989 sep_end 1 first_sep 55 tag None (32.4s; 15311s total)
nat above None mN=1.091 I=64 rep 1292: frozen gen 260 pcc 1.000 sep_end 0 first_sep -1 tag None (0.3s; 15311s total)
nat cheap None mN=1.091 I=64 rep 1288: unresolved gen 100000 pcc 0.972 sep_end 1 first_sep 80 tag None (61.0s; 15312s total)
nat above None mN=1.091 I=64 rep 1293: frozen gen 355 pcc 1.000 sep_end 0 first_sep -1 tag None (0.3s; 15312s total)
nat cheap None mN=1.091 I=64 rep 1293: frozen gen 325 pcc 1.000 sep_end 0 first_sep -1 tag None (0.3s; 15312s total)
nat above None mN=1.091 I=64 rep 1294: frozen gen 295 pcc 1.000 sep_end 0 first_sep -1 tag None (0.2s; 15313s total)
nat cheap None mN=1.091 I=64 rep 1291: unresolved gen 100000 pcc 0.989 sep_end 1 first_sep 100 tag None (32.9s; 15335s total)
nat above None mN=1.091 I=64 rep 1295: frozen gen 260 pcc 1.000 sep_end 0 first_sep -1 tag None (0.2s; 15335s total)
nat cheap None mN=1.091 I=64 rep 1295: frozen gen 1845 pcc 1.000 sep_end 0 first_sep 110 tag None (2.0s; 15337s total)
nat above None mN=1.091 I=64 rep 1296: frozen gen 295 pcc 1.000 sep_end 0 first_sep -1 tag None (0.2s; 15338s total)
nat cheap None mN=1.091 I=64 rep 1296: frozen gen 890 pcc 1.000 sep_end 0 first_sep 55 tag None (1.0s; 15339s total)
nat above None mN=1.091 I=64 rep 1297: frozen gen 305 pcc 1.000 sep_end 0 first_sep -1 tag None (0.3s; 15339s total)
nat cheap None mN=1.091 I=64 rep 1294: unresolved gen 100000 pcc 0.987 sep_end 1 first_sep 115 tag None (48.4s; 15361s total)
nat above None mN=1.091 I=64 rep 1298: frozen gen 275 pcc 1.000 sep_end 0 first_sep -1 tag None (0.2s; 15361s total)
nat cheap None mN=1.091 I=64 rep 1298: frozen gen 260 pcc 1.000 sep_end 0 first_sep -1 tag None (0.2s; 15362s total)
nat above None mN=1.091 I=64 rep 1299: frozen gen 235 pcc 1.000 sep_end 0 first_sep -1 tag None (0.2s; 15362s total)
nat cheap None mN=1.091 I=64 rep 1292: unresolved gen 100000 pcc 0.973 sep_end 3 first_sep 80 tag None (71.6s; 15383s total)
nat above None mN=1.091 I=64 rep 1300: frozen gen 265 pcc 1.000 sep_end 0 first_sep -1 tag None (0.3s; 15383s total)
nat cheap None mN=1.091 I=64 rep 1297: unresolved gen 100000 pcc 0.977 sep_end 1 first_sep 65 tag None (58.1s; 15397s total)
nat above None mN=1.091 I=64 rep 1301: frozen gen 755 pcc 1.000 sep_end 0 first_sep -1 tag None (0.4s; 15398s total)
nat cheap None mN=1.091 I=64 rep 1300: unresolved gen 100000 pcc 0.990 sep_end 1 first_sep 95 tag None (25.7s; 15409s total)
nat above None mN=1.091 I=64 rep 1302: frozen gen 295 pcc 1.000 sep_end 0 first_sep -1 tag None (0.2s; 15409s total)
nat cheap None mN=1.091 I=64 rep 1302: frozen gen 290 pcc 1.000 sep_end 0 first_sep -1 tag None (0.2s; 15409s total)
nat above None mN=1.091 I=64 rep 1303: frozen gen 240 pcc 1.000 sep_end 0 first_sep -1 tag None (0.2s; 15409s total)
nat cheap None mN=1.091 I=64 rep 1301: unresolved gen 100000 pcc 0.994 sep_end 1 first_sep 150 tag None (16.5s; 15414s total)
nat above None mN=1.091 I=64 rep 1304: frozen gen 280 pcc 1.000 sep_end 0 first_sep -1 tag None (0.3s; 15414s total)
nat cheap None mN=1.091 I=64 rep 1304: unresolved gen 100000 pcc 0.995 sep_end 1 first_sep 145 tag None (16.5s; 15431s total)
nat above None mN=1.091 I=64 rep 1305: frozen gen 340 pcc 1.000 sep_end 0 first_sep -1 tag None (0.4s; 15431s total)
nat cheap None mN=1.091 I=64 rep 1299: unresolved gen 100000 pcc 0.967 sep_end 3 first_sep 80 tag None (74.3s; 15436s total)
nat above None mN=1.091 I=64 rep 1306: frozen gen 300 pcc 1.000 sep_end 0 first_sep -1 tag None (0.3s; 15436s total)
nat cheap None mN=1.091 I=64 rep 1303: unresolved gen 100000 pcc 0.986 sep_end 3 first_sep 90 tag None (34.0s; 15443s total)
nat above None mN=1.091 I=64 rep 1307: frozen gen 365 pcc 1.000 sep_end 0 first_sep -1 tag None (0.3s; 15444s total)
nat cheap None mN=1.091 I=64 rep 1307: frozen gen 940 pcc 1.000 sep_end 0 first_sep 110 tag None (1.1s; 15445s total)
nat above None mN=1.091 I=64 rep 1308: frozen gen 290 pcc 1.000 sep_end 0 first_sep -1 tag None (0.4s; 15445s total)
nat cheap None mN=1.091 I=64 rep 1306: unresolved gen 100000 pcc 0.996 sep_end 1 first_sep 85 tag None (14.2s; 15451s total)
nat above None mN=1.091 I=64 rep 1309: frozen gen 285 pcc 1.000 sep_end 0 first_sep -1 tag None (0.2s; 15451s total)
nat cheap None mN=1.091 I=64 rep 1305: unresolved gen 100000 pcc 0.993 sep_end 1 first_sep 95 tag None (26.7s; 15458s total)
nat above None mN=1.091 I=64 rep 1310: frozen gen 310 pcc 1.000 sep_end 0 first_sep -1 tag None (0.2s; 15458s total)
nat cheap None mN=1.091 I=64 rep 1310: frozen gen 2225 pcc 1.000 sep_end 0 first_sep 65 tag None (1.9s; 15460s total)
nat above None mN=1.091 I=64 rep 1311: frozen gen 320 pcc 1.000 sep_end 0 first_sep -1 tag None (0.3s; 15460s total)
nat cheap None mN=1.091 I=64 rep 1311: unresolved gen 100000 pcc 0.988 sep_end 1 first_sep 65 tag None (33.8s; 15494s total)
nat above None mN=1.091 I=64 rep 1312: frozen gen 285 pcc 1.000 sep_end 0 first_sep -1 tag None (0.3s; 15495s total)
nat cheap None mN=1.091 I=64 rep 1308: unresolved gen 100000 pcc 0.980 sep_end 1 first_sep 125 tag None (62.8s; 15508s total)
nat above None mN=1.091 I=64 rep 1313: frozen gen 1020 pcc 1.000 sep_end 0 first_sep 90 tag None (0.9s; 15509s total)
nat cheap None mN=1.091 I=64 rep 1309: unresolved gen 100000 pcc 0.979 sep_end 1 first_sep 75 tag None (58.7s; 15510s total)
nat above None mN=1.091 I=64 rep 1314: frozen gen 305 pcc 1.000 sep_end 0 first_sep -1 tag None (0.3s; 15510s total)
nat cheap None mN=1.091 I=64 rep 1313: unresolved gen 100000 pcc 0.993 sep_end 1 first_sep 115 tag None (16.5s; 15525s total)
nat above None mN=1.091 I=64 rep 1315: frozen gen 340 pcc 1.000 sep_end 0 first_sep -1 tag None (0.4s; 15526s total)
nat cheap None mN=1.091 I=64 rep 1312: unresolved gen 100000 pcc 0.983 sep_end 1 first_sep 165 tag None (41.2s; 15536s total)
nat above None mN=1.091 I=64 rep 1316: frozen gen 210 pcc 1.000 sep_end 0 first_sep -1 tag None (0.2s; 15536s total)
nat cheap None mN=1.091 I=64 rep 1316: frozen gen 275 pcc 1.000 sep_end 0 first_sep -1 tag None (0.2s; 15536s total)
nat above None mN=1.091 I=64 rep 1317: frozen gen 300 pcc 1.000 sep_end 0 first_sep -1 tag None (0.4s; 15537s total)
nat cheap None mN=1.091 I=64 rep 1314: unresolved gen 100000 pcc 0.982 sep_end 1 first_sep 130 tag None (53.8s; 15564s total)
nat above None mN=1.091 I=64 rep 1318: frozen gen 280 pcc 1.000 sep_end 0 first_sep -1 tag None (0.3s; 15564s total)
nat cheap None mN=1.091 I=64 rep 1315: unresolved gen 100000 pcc 0.981 sep_end 3 first_sep 70 tag None (59.3s; 15585s total)
nat above None mN=1.091 I=64 rep 1319: frozen gen 395 pcc 1.000 sep_end 0 first_sep -1 tag None (0.4s; 15585s total)
nat cheap None mN=1.091 I=64 rep 1317: unresolved gen 100000 pcc 0.976 sep_end 3 first_sep 75 tag None (61.6s; 15598s total)
nat above None mN=1.091 I=64 rep 1320: frozen gen 345 pcc 1.000 sep_end 0 first_sep -1 tag None (0.3s; 15598s total)
nat cheap None mN=1.091 I=64 rep 1318: unresolved gen 100000 pcc 0.977 sep_end 1 first_sep 85 tag None (60.3s; 15624s total)
nat above None mN=1.091 I=64 rep 1321: frozen gen 315 pcc 1.000 sep_end 0 first_sep -1 tag None (0.3s; 15625s total)
nat cheap None mN=1.091 I=64 rep 1319: unresolved gen 100000 pcc 0.982 sep_end 1 first_sep 70 tag None (49.5s; 15635s total)
nat above None mN=1.091 I=64 rep 1322: frozen gen 305 pcc 1.000 sep_end 0 first_sep -1 tag None (0.3s; 15635s total)
nat cheap None mN=1.091 I=64 rep 1322: frozen gen 1855 pcc 1.000 sep_end 0 first_sep 95 tag None (1.9s; 15637s total)
nat above None mN=1.091 I=64 rep 1323: frozen gen 300 pcc 1.000 sep_end 0 first_sep -1 tag None (0.3s; 15637s total)
nat cheap None mN=1.091 I=64 rep 1320: unresolved gen 100000 pcc 0.972 sep_end 3 first_sep 100 tag None (65.9s; 15664s total)
nat above None mN=1.091 I=64 rep 1324: frozen gen 295 pcc 1.000 sep_end 0 first_sep -1 tag None (0.3s; 15665s total)
nat cheap None mN=1.091 I=64 rep 1321: unresolved gen 100000 pcc 0.974 sep_end 3 first_sep 75 tag None (65.8s; 15690s total)
nat above None mN=1.091 I=64 rep 1325: frozen gen 305 pcc 1.000 sep_end 0 first_sep -1 tag None (0.4s; 15691s total)
nat cheap None mN=1.091 I=64 rep 1325: frozen gen 330 pcc 1.000 sep_end 0 first_sep -1 tag None (0.3s; 15691s total)
nat above None mN=1.091 I=64 rep 1326: frozen gen 280 pcc 1.000 sep_end 0 first_sep -1 tag None (0.3s; 15692s total)
nat cheap None mN=1.091 I=64 rep 1323: unresolved gen 100000 pcc 0.985 sep_end 1 first_sep 85 tag None (57.7s; 15695s total)
nat above None mN=1.091 I=64 rep 1327: frozen gen 270 pcc 1.000 sep_end 0 first_sep -1 tag None (0.2s; 15695s total)
nat cheap None mN=1.091 I=64 rep 1324: unresolved gen 100000 pcc 0.982 sep_end 1 first_sep 55 tag None (58.3s; 15723s total)
nat above None mN=1.091 I=64 rep 1328: frozen gen 245 pcc 1.000 sep_end 0 first_sep 55 tag None (0.2s; 15723s total)
nat cheap None mN=1.091 I=64 rep 1326: unresolved gen 100000 pcc 0.977 sep_end 1 first_sep 75 tag None (61.7s; 15753s total)
nat above None mN=1.091 I=64 rep 1329: frozen gen 315 pcc 1.000 sep_end 0 first_sep -1 tag None (0.3s; 15753s total)
nat cheap None mN=1.091 I=64 rep 1329: frozen gen 425 pcc 1.000 sep_end 0 first_sep -1 tag None (0.4s; 15754s total)
nat above None mN=1.091 I=64 rep 1330: frozen gen 230 pcc 1.000 sep_end 0 first_sep -1 tag None (0.2s; 15754s total)
nat cheap None mN=1.091 I=64 rep 1330: frozen gen 950 pcc 1.000 sep_end 0 first_sep 130 tag None (1.1s; 15755s total)
nat above None mN=1.091 I=64 rep 1331: frozen gen 330 pcc 1.000 sep_end 0 first_sep -1 tag None (0.3s; 15755s total)
nat cheap None mN=1.091 I=64 rep 1327: unresolved gen 100000 pcc 0.974 sep_end 1 first_sep 120 tag None (62.7s; 15758s total)
nat above None mN=1.091 I=64 rep 1332: frozen gen 225 pcc 1.000 sep_end 0 first_sep -1 tag None (0.2s; 15758s total)
nat cheap None mN=1.091 I=64 rep 1328: unresolved gen 100000 pcc 0.981 sep_end 3 first_sep 75 tag None (60.9s; 15784s total)
nat above None mN=1.091 I=64 rep 1333: frozen gen 250 pcc 1.000 sep_end 0 first_sep -1 tag None (0.2s; 15784s total)
nat cheap None mN=1.091 I=64 rep 1332: unresolved gen 100000 pcc 0.986 sep_end 1 first_sep 105 tag None (32.3s; 15791s total)
nat above None mN=1.091 I=64 rep 1334: frozen gen 235 pcc 1.000 sep_end 0 first_sep -1 tag None (0.2s; 15791s total)
nat cheap None mN=1.091 I=64 rep 1334: frozen gen 290 pcc 1.000 sep_end 0 first_sep -1 tag None (0.3s; 15791s total)
nat above None mN=1.091 I=64 rep 1335: frozen gen 325 pcc 1.000 sep_end 0 first_sep -1 tag None (0.4s; 15792s total)
nat cheap None mN=1.091 I=64 rep 1331: unresolved gen 100000 pcc 0.984 sep_end 1 first_sep 95 tag None (52.4s; 15808s total)
nat above None mN=1.091 I=64 rep 1336: frozen gen 295 pcc 1.000 sep_end 0 first_sep -1 tag None (0.3s; 15808s total)
nat cheap None mN=1.091 I=64 rep 1333: unresolved gen 100000 pcc 0.985 sep_end 1 first_sep 125 tag None (62.0s; 15846s total)
nat above None mN=1.091 I=64 rep 1337: frozen gen 1050 pcc 1.000 sep_end 0 first_sep 130 tag None (1.1s; 15847s total)
nat cheap None mN=1.091 I=64 rep 1335: unresolved gen 100000 pcc 0.984 sep_end 1 first_sep 105 tag None (60.7s; 15852s total)
nat above None mN=1.091 I=64 rep 1338: frozen gen 305 pcc 1.000 sep_end 0 first_sep -1 tag None (0.3s; 15853s total)
nat cheap None mN=1.091 I=64 rep 1338: frozen gen 2325 pcc 1.000 sep_end 0 first_sep 65 tag None (2.2s; 15855s total)
nat above None mN=1.091 I=64 rep 1339: frozen gen 300 pcc 1.000 sep_end 0 first_sep -1 tag None (0.3s; 15855s total)
nat cheap None mN=1.091 I=64 rep 1336: unresolved gen 100000 pcc 0.975 sep_end 1 first_sep 70 tag None (56.7s; 15865s total)
nat above None mN=1.091 I=64 rep 1340: frozen gen 335 pcc 1.000 sep_end 0 first_sep -1 tag None (0.3s; 15865s total)
nat cheap None mN=1.091 I=64 rep 1340: unresolved gen 100000 pcc 0.996 sep_end 1 first_sep 170 tag None (12.8s; 15878s total)
nat above None mN=1.091 I=64 rep 1341: frozen gen 340 pcc 1.000 sep_end 0 first_sep -1 tag None (0.3s; 15878s total)
nat cheap None mN=1.091 I=64 rep 1341: frozen gen 1045 pcc 1.000 sep_end 0 first_sep 130 tag None (0.7s; 15879s total)
nat above None mN=1.091 I=64 rep 1342: frozen gen 350 pcc 1.000 sep_end 0 first_sep -1 tag None (0.4s; 15879s total)
nat cheap None mN=1.091 I=64 rep 1337: unresolved gen 100000 pcc 0.979 sep_end 1 first_sep 75 tag None (60.1s; 15908s total)
nat above None mN=1.091 I=64 rep 1343: frozen gen 295 pcc 1.000 sep_end 0 first_sep -1 tag None (0.3s; 15908s total)
nat cheap None mN=1.091 I=64 rep 1343: frozen gen 290 pcc 1.000 sep_end 0 first_sep -1 tag None (0.3s; 15908s total)
nat above None mN=1.091 I=64 rep 1344: frozen gen 295 pcc 1.000 sep_end 0 first_sep -1 tag None (0.3s; 15908s total)
nat cheap None mN=1.091 I=64 rep 1344: frozen gen 380 pcc 1.000 sep_end 0 first_sep -1 tag None (0.3s; 15909s total)
nat above None mN=1.091 I=64 rep 1345: frozen gen 275 pcc 1.000 sep_end 0 first_sep -1 tag None (0.3s; 15909s total)
nat cheap None mN=1.091 I=64 rep 1339: unresolved gen 100000 pcc 0.973 sep_end 3 first_sep 70 tag None (71.9s; 15927s total)
nat above None mN=1.091 I=64 rep 1346: frozen gen 325 pcc 1.000 sep_end 0 first_sep -1 tag None (0.4s; 15927s total)
nat cheap None mN=1.091 I=64 rep 1346: frozen gen 335 pcc 1.000 sep_end 0 first_sep -1 tag None (0.3s; 15928s total)
nat above None mN=1.091 I=64 rep 1347: frozen gen 295 pcc 1.000 sep_end 0 first_sep -1 tag None (0.2s; 15928s total)
nat cheap None mN=1.091 I=64 rep 1342: unresolved gen 100000 pcc 0.981 sep_end 1 first_sep 80 tag None (59.7s; 15939s total)
nat above None mN=1.091 I=64 rep 1348: frozen gen 280 pcc 1.000 sep_end 0 first_sep -1 tag None (0.2s; 15939s total)
nat cheap None mN=1.091 I=64 rep 1348: frozen gen 305 pcc 1.000 sep_end 0 first_sep -1 tag None (0.3s; 15939s total)
nat above None mN=1.091 I=64 rep 1349: frozen gen 285 pcc 1.000 sep_end 0 first_sep -1 tag None (0.3s; 15940s total)
nat cheap None mN=1.091 I=64 rep 1349: frozen gen 2125 pcc 1.000 sep_end 0 first_sep 110 tag None (1.4s; 15941s total)
nat above None mN=1.091 I=64 rep 1350: frozen gen 265 pcc 1.000 sep_end 0 first_sep -1 tag None (0.3s; 15942s total)
nat cheap None mN=1.091 I=64 rep 1347: unresolved gen 100000 pcc 0.983 sep_end 1 first_sep 105 tag None (41.9s; 15970s total)
nat above None mN=1.091 I=64 rep 1351: frozen gen 310 pcc 1.000 sep_end 0 first_sep -1 tag None (0.2s; 15970s total)
nat cheap None mN=1.091 I=64 rep 1345: unresolved gen 100000 pcc 0.981 sep_end 1 first_sep 95 tag None (62.7s; 15972s total)
nat above None mN=1.091 I=64 rep 1352: unresolved gen 100000 pcc 0.998 sep_end 0 first_sep 160 tag None (5.0s; 15977s total)
nat cheap None mN=1.091 I=64 rep 1352: unresolved gen 100000 pcc 1.000 sep_end 1 first_sep 135 tag None (4.9s; 15982s total)
nat above None mN=1.091 I=64 rep 1353: frozen gen 310 pcc 1.000 sep_end 0 first_sep -1 tag None (0.3s; 15982s total)
nat cheap None mN=1.091 I=64 rep 1350: unresolved gen 100000 pcc 0.973 sep_end 3 first_sep 80 tag None (74.9s; 16016s total)
nat above None mN=1.091 I=64 rep 1354: frozen gen 365 pcc 1.000 sep_end 0 first_sep -1 tag None (0.4s; 16017s total)
nat cheap None mN=1.091 I=64 rep 1354: frozen gen 380 pcc 1.000 sep_end 0 first_sep -1 tag None (0.3s; 16017s total)
nat above None mN=1.091 I=64 rep 1355: frozen gen 315 pcc 1.000 sep_end 0 first_sep -1 tag None (0.2s; 16017s total)
nat cheap None mN=1.091 I=64 rep 1351: unresolved gen 100000 pcc 0.982 sep_end 1 first_sep 60 tag None (48.2s; 16018s total)
nat above None mN=1.091 I=64 rep 1356: frozen gen 295 pcc 1.000 sep_end 0 first_sep -1 tag None (0.3s; 16019s total)
nat cheap None mN=1.091 I=64 rep 1356: frozen gen 295 pcc 1.000 sep_end 0 first_sep -1 tag None (0.2s; 16019s total)
nat above None mN=1.091 I=64 rep 1357: frozen gen 300 pcc 1.000 sep_end 0 first_sep -1 tag None (0.3s; 16019s total)
nat cheap None mN=1.091 I=64 rep 1355: unresolved gen 100000 pcc 0.994 sep_end 1 first_sep 105 tag None (26.8s; 16044s total)
nat above None mN=1.091 I=64 rep 1358: frozen gen 275 pcc 1.000 sep_end 0 first_sep -1 tag None (0.3s; 16045s total)
nat cheap None mN=1.091 I=64 rep 1353: unresolved gen 100000 pcc 0.977 sep_end 3 first_sep 155 tag None (66.7s; 16049s total)
nat above None mN=1.091 I=64 rep 1359: frozen gen 320 pcc 1.000 sep_end 0 first_sep -1 tag None (0.3s; 16049s total)
nat cheap None mN=1.091 I=64 rep 1359: unresolved gen 100000 pcc 0.980 sep_end 1 first_sep 105 tag None (37.0s; 16086s total)
nat above None mN=1.091 I=64 rep 1360: frozen gen 375 pcc 1.000 sep_end 0 first_sep -1 tag None (0.5s; 16086s total)
nat cheap None mN=1.091 I=64 rep 1357: unresolved gen 100000 pcc 0.977 sep_end 3 first_sep 95 tag None (72.6s; 16092s total)
nat above None mN=1.091 I=64 rep 1361: frozen gen 415 pcc 1.000 sep_end 0 first_sep -1 tag None (0.4s; 16092s total)
nat cheap None mN=1.091 I=64 rep 1358: unresolved gen 100000 pcc 0.983 sep_end 1 first_sep 50 tag None (51.6s; 16096s total)
nat above None mN=1.091 I=64 rep 1362: frozen gen 320 pcc 1.000 sep_end 0 first_sep -1 tag None (0.3s; 16096s total)
nat cheap None mN=1.091 I=64 rep 1360: unresolved gen 100000 pcc 0.991 sep_end 1 first_sep 70 tag None (26.6s; 16113s total)
nat above None mN=1.091 I=64 rep 1363: frozen gen 240 pcc 1.000 sep_end 0 first_sep -1 tag None (0.2s; 16113s total)
nat cheap None mN=1.091 I=64 rep 1362: unresolved gen 100000 pcc 0.987 sep_end 1 first_sep 65 tag None (36.9s; 16133s total)
nat above None mN=1.091 I=64 rep 1364: frozen gen 305 pcc 1.000 sep_end 0 first_sep -1 tag None (0.3s; 16134s total)
nat cheap None mN=1.091 I=64 rep 1361: unresolved gen 100000 pcc 0.977 sep_end 1 first_sep 50 tag None (61.1s; 16153s total)
nat above None mN=1.091 I=64 rep 1365: frozen gen 225 pcc 1.000 sep_end 0 first_sep -1 tag None (0.3s; 16154s total)
nat cheap None mN=1.091 I=64 rep 1363: unresolved gen 100000 pcc 0.986 sep_end 1 first_sep 100 tag None (62.3s; 16176s total)
nat above None mN=1.091 I=64 rep 1366: frozen gen 315 pcc 1.000 sep_end 0 first_sep -1 tag None (0.3s; 16176s total)
nat cheap None mN=1.091 I=64 rep 1364: unresolved gen 100000 pcc 0.980 sep_end 1 first_sep 110 tag None (57.2s; 16191s total)
nat above None mN=1.091 I=64 rep 1367: frozen gen 295 pcc 1.000 sep_end 0 first_sep -1 tag None (0.3s; 16191s total)
nat cheap None mN=1.091 I=64 rep 1366: unresolved gen 100000 pcc 0.993 sep_end 1 first_sep 65 tag None (31.4s; 16207s total)
nat above None mN=1.091 I=64 rep 1368: frozen gen 305 pcc 1.000 sep_end 0 first_sep -1 tag None (0.3s; 16208s total)
nat cheap None mN=1.091 I=64 rep 1365: unresolved gen 100000 pcc 0.980 sep_end 3 first_sep 100 tag None (68.6s; 16222s total)
nat above None mN=1.091 I=64 rep 1369: frozen gen 375 pcc 1.000 sep_end 0 first_sep -1 tag None (0.4s; 16223s total)
nat cheap None mN=1.091 I=64 rep 1367: unresolved gen 100000 pcc 0.973 sep_end 3 first_sep 85 tag None (69.2s; 16260s total)
nat above None mN=1.091 I=64 rep 1370: frozen gen 345 pcc 1.000 sep_end 0 first_sep -1 tag None (0.3s; 16261s total)
nat cheap None mN=1.091 I=64 rep 1368: unresolved gen 100000 pcc 0.976 sep_end 1 first_sep 90 tag None (64.0s; 16272s total)
nat above None mN=1.091 I=64 rep 1371: frozen gen 245 pcc 1.000 sep_end 0 first_sep -1 tag None (0.2s; 16272s total)
nat cheap None mN=1.091 I=64 rep 1371: frozen gen 280 pcc 1.000 sep_end 0 first_sep -1 tag None (0.3s; 16272s total)
nat above None mN=1.091 I=64 rep 1372: frozen gen 285 pcc 1.000 sep_end 0 first_sep -1 tag None (0.3s; 16272s total)
nat cheap None mN=1.091 I=64 rep 1369: unresolved gen 100000 pcc 0.978 sep_end 1 first_sep 105 tag None (60.5s; 16283s total)
nat above None mN=1.091 I=64 rep 1373: frozen gen 325 pcc 1.000 sep_end 0 first_sep -1 tag None (0.3s; 16283s total)
nat cheap None mN=1.091 I=64 rep 1373: frozen gen 365 pcc 1.000 sep_end 0 first_sep -1 tag None (0.3s; 16284s total)
nat above None mN=1.091 I=64 rep 1374: frozen gen 290 pcc 1.000 sep_end 0 first_sep -1 tag None (0.3s; 16284s total)
nat cheap None mN=1.091 I=64 rep 1370: unresolved gen 100000 pcc 0.990 sep_end 1 first_sep 130 tag None (29.9s; 16291s total)
nat above None mN=1.091 I=64 rep 1375: frozen gen 315 pcc 1.000 sep_end 0 first_sep -1 tag None (0.3s; 16291s total)
nat cheap None mN=1.091 I=64 rep 1372: unresolved gen 100000 pcc 0.984 sep_end 1 first_sep 120 tag None (29.8s; 16302s total)
nat above None mN=1.091 I=64 rep 1376: frozen gen 300 pcc 1.000 sep_end 0 first_sep -1 tag None (0.3s; 16303s total)
nat cheap None mN=1.091 I=64 rep 1375: unresolved gen 100000 pcc 0.984 sep_end 1 first_sep 90 tag None (32.7s; 16324s total)
nat above None mN=1.091 I=64 rep 1377: frozen gen 275 pcc 1.000 sep_end 0 first_sep -1 tag None (0.3s; 16324s total)
nat cheap None mN=1.091 I=64 rep 1374: unresolved gen 100000 pcc 0.977 sep_end 1 first_sep 85 tag None (58.3s; 16342s total)
nat above None mN=1.091 I=64 rep 1378: frozen gen 255 pcc 1.000 sep_end 0 first_sep -1 tag None (0.2s; 16343s total)
nat cheap None mN=1.091 I=64 rep 1378: frozen gen 305 pcc 1.000 sep_end 0 first_sep -1 tag None (0.3s; 16343s total)
nat above None mN=1.091 I=64 rep 1379: frozen gen 255 pcc 1.000 sep_end 0 first_sep -1 tag None (0.3s; 16343s total)
nat cheap None mN=1.091 I=64 rep 1376: unresolved gen 100000 pcc 0.985 sep_end 1 first_sep 65 tag None (41.3s; 16344s total)
nat above None mN=1.091 I=64 rep 1380: frozen gen 245 pcc 1.000 sep_end 0 first_sep -1 tag None (0.2s; 16344s total)
nat cheap None mN=1.091 I=64 rep 1380: frozen gen 380 pcc 1.000 sep_end 0 first_sep -1 tag None (0.4s; 16344s total)
nat above None mN=1.091 I=64 rep 1381: frozen gen 360 pcc 1.000 sep_end 0 first_sep -1 tag None (0.3s; 16345s total)
nat cheap None mN=1.091 I=64 rep 1377: unresolved gen 100000 pcc 0.987 sep_end 1 first_sep 65 tag None (40.9s; 16365s total)
nat above None mN=1.091 I=64 rep 1382: frozen gen 365 pcc 1.000 sep_end 0 first_sep -1 tag None (0.3s; 16365s total)
nat cheap None mN=1.091 I=64 rep 1379: unresolved gen 100000 pcc 0.980 sep_end 1 first_sep 70 tag None (60.9s; 16404s total)
nat above None mN=1.091 I=64 rep 1383: frozen gen 265 pcc 1.000 sep_end 0 first_sep -1 tag None (0.3s; 16404s total)
nat cheap None mN=1.091 I=64 rep 1381: unresolved gen 100000 pcc 0.978 sep_end 1 first_sep 80 tag None (61.1s; 16406s total)
nat above None mN=1.091 I=64 rep 1384: frozen gen 325 pcc 1.000 sep_end 0 first_sep -1 tag None (0.3s; 16406s total)
nat cheap None mN=1.091 I=64 rep 1382: unresolved gen 100000 pcc 0.974 sep_end 3 first_sep 65 tag None (68.8s; 16434s total)
nat above None mN=1.091 I=64 rep 1385: frozen gen 325 pcc 1.000 sep_end 0 first_sep -1 tag None (0.3s; 16434s total)
nat cheap None mN=1.091 I=64 rep 1383: unresolved gen 100000 pcc 0.989 sep_end 1 first_sep 125 tag None (39.9s; 16444s total)
nat above None mN=1.091 I=64 rep 1386: frozen gen 305 pcc 1.000 sep_end 0 first_sep -1 tag None (0.3s; 16445s total)
nat cheap None mN=1.091 I=64 rep 1384: unresolved gen 100000 pcc 0.980 sep_end 3 first_sep 105 tag None (58.1s; 16464s total)
nat above None mN=1.091 I=64 rep 1387: frozen gen 255 pcc 1.000 sep_end 0 first_sep -1 tag None (0.3s; 16465s total)
nat cheap None mN=1.091 I=64 rep 1387: frozen gen 295 pcc 1.000 sep_end 0 first_sep -1 tag None (0.3s; 16465s total)
nat above None mN=1.091 I=64 rep 1388: frozen gen 425 pcc 1.000 sep_end 0 first_sep -1 tag None (0.5s; 16465s total)
nat cheap None mN=1.091 I=64 rep 1388: unresolved gen 100000 pcc 0.998 sep_end 1 first_sep 155 tag None (5.1s; 16470s total)
nat above None mN=1.091 I=64 rep 1389: frozen gen 375 pcc 1.000 sep_end 0 first_sep -1 tag None (0.3s; 16471s total)
nat cheap None mN=1.091 I=64 rep 1385: unresolved gen 100000 pcc 0.976 sep_end 1 first_sep 95 tag None (64.0s; 16498s total)
nat above None mN=1.091 I=64 rep 1390: frozen gen 265 pcc 1.000 sep_end 0 first_sep -1 tag None (0.2s; 16498s total)
nat cheap None mN=1.091 I=64 rep 1386: unresolved gen 100000 pcc 0.982 sep_end 1 first_sep 155 tag None (60.2s; 16505s total)
nat above None mN=1.091 I=64 rep 1391: frozen gen 330 pcc 1.000 sep_end 0 first_sep -1 tag None (0.3s; 16505s total)
nat cheap None mN=1.091 I=64 rep 1390: unresolved gen 100000 pcc 0.994 sep_end 1 first_sep 95 tag None (24.2s; 16523s total)
nat above None mN=1.091 I=64 rep 1392: frozen gen 380 pcc 1.000 sep_end 0 first_sep -1 tag None (0.3s; 16523s total)
nat cheap None mN=1.091 I=64 rep 1392: frozen gen 280 pcc 1.000 sep_end 0 first_sep -1 tag None (0.2s; 16523s total)
nat above None mN=1.091 I=64 rep 1393: frozen gen 280 pcc 1.000 sep_end 0 first_sep -1 tag None (0.2s; 16523s total)
nat cheap None mN=1.091 I=64 rep 1393: frozen gen 395 pcc 1.000 sep_end 0 first_sep -1 tag None (0.3s; 16524s total)
nat above None mN=1.091 I=64 rep 1394: frozen gen 340 pcc 1.000 sep_end 0 first_sep -1 tag None (0.3s; 16524s total)
nat cheap None mN=1.091 I=64 rep 1389: unresolved gen 100000 pcc 0.968 sep_end 3 first_sep 65 tag None (68.9s; 16540s total)
nat above None mN=1.091 I=64 rep 1395: frozen gen 210 pcc 1.000 sep_end 0 first_sep -1 tag None (0.2s; 16540s total)
nat cheap None mN=1.091 I=64 rep 1395: frozen gen 235 pcc 1.000 sep_end 0 first_sep -1 tag None (0.3s; 16540s total)
nat above None mN=1.091 I=64 rep 1396: frozen gen 255 pcc 1.000 sep_end 0 first_sep -1 tag None (0.3s; 16541s total)
nat cheap None mN=1.091 I=64 rep 1396: frozen gen 1385 pcc 1.000 sep_end 0 first_sep 90 tag None (1.1s; 16542s total)
nat above None mN=1.091 I=64 rep 1397: frozen gen 300 pcc 1.000 sep_end 0 first_sep -1 tag None (0.3s; 16542s total)
nat cheap None mN=1.091 I=64 rep 1397: frozen gen 1240 pcc 1.000 sep_end 0 first_sep 100 tag None (1.4s; 16543s total)
nat above None mN=1.091 I=64 rep 1398: frozen gen 280 pcc 1.000 sep_end 0 first_sep -1 tag None (0.3s; 16544s total)
nat cheap None mN=1.091 I=64 rep 1391: unresolved gen 100000 pcc 0.981 sep_end 1 first_sep 135 tag None (65.2s; 16570s total)
nat above None mN=1.091 I=64 rep 1399: frozen gen 260 pcc 1.000 sep_end 0 first_sep -1 tag None (0.3s; 16571s total)
nat cheap None mN=1.091 I=64 rep 1394: unresolved gen 100000 pcc 0.974 sep_end 3 first_sep 90 tag None (75.4s; 16600s total)
nat above None mN=1.091 I=64 rep 1400: frozen gen 275 pcc 1.000 sep_end 0 first_sep -1 tag None (0.4s; 16600s total)
nat cheap None mN=1.091 I=64 rep 1398: unresolved gen 100000 pcc 0.974 sep_end 3 first_sep 80 tag None (75.9s; 16619s total)
nat above None mN=1.091 I=64 rep 1401: frozen gen 530 pcc 1.000 sep_end 0 first_sep -1 tag None (0.6s; 16620s total)
nat cheap None mN=1.091 I=64 rep 1401: frozen gen 265 pcc 1.000 sep_end 0 first_sep -1 tag None (0.3s; 16620s total)
nat above None mN=1.091 I=64 rep 1402: frozen gen 615 pcc 1.000 sep_end 0 first_sep -1 tag None (0.4s; 16621s total)
nat cheap None mN=1.091 I=64 rep 1399: unresolved gen 100000 pcc 0.974 sep_end 3 first_sep 75 tag None (53.9s; 16625s total)
nat above None mN=1.091 I=64 rep 1403: frozen gen 280 pcc 1.000 sep_end 0 first_sep -1 tag None (0.3s; 16625s total)
nat cheap None mN=1.091 I=64 rep 1403: frozen gen 325 pcc 1.000 sep_end 0 first_sep -1 tag None (0.3s; 16625s total)
nat above None mN=1.091 I=64 rep 1404: frozen gen 300 pcc 1.000 sep_end 0 first_sep -1 tag None (0.5s; 16626s total)
nat cheap None mN=1.091 I=64 rep 1404: frozen gen 820 pcc 1.000 sep_end 0 first_sep 135 tag None (0.9s; 16626s total)
nat above None mN=1.091 I=64 rep 1405: frozen gen 295 pcc 1.000 sep_end 0 first_sep -1 tag None (0.4s; 16627s total)
nat cheap None mN=1.091 I=64 rep 1400: unresolved gen 100000 pcc 0.986 sep_end 1 first_sep 55 tag None (48.2s; 16648s total)
nat above None mN=1.091 I=64 rep 1406: frozen gen 295 pcc 1.000 sep_end 0 first_sep -1 tag None (0.3s; 16648s total)
nat cheap None mN=1.091 I=64 rep 1402: unresolved gen 100000 pcc 0.989 sep_end 1 first_sep 150 tag None (39.7s; 16660s total)
nat above None mN=1.091 I=64 rep 1407: frozen gen 245 pcc 1.000 sep_end 0 first_sep -1 tag None (0.2s; 16661s total)
nat cheap None mN=1.091 I=64 rep 1406: unresolved gen 100000 pcc 0.995 sep_end 1 first_sep 85 tag None (18.7s; 16667s total)
nat above None mN=1.091 I=64 rep 1408: frozen gen 310 pcc 1.000 sep_end 0 first_sep -1 tag None (0.3s; 16667s total)
nat cheap None mN=1.091 I=64 rep 1405: unresolved gen 100000 pcc 0.980 sep_end 1 first_sep 70 tag None (44.0s; 16671s total)
nat above None mN=1.091 I=64 rep 1409: frozen gen 330 pcc 1.000 sep_end 0 first_sep -1 tag None (0.3s; 16671s total)
nat cheap None mN=1.091 I=64 rep 1409: frozen gen 1885 pcc 1.000 sep_end 0 first_sep 100 tag None (1.8s; 16673s total)
nat above None mN=1.091 I=64 rep 1410: frozen gen 280 pcc 1.000 sep_end 0 first_sep -1 tag None (0.3s; 16673s total)
nat cheap None mN=1.091 I=64 rep 1407: unresolved gen 100000 pcc 0.990 sep_end 1 first_sep 50 tag None (27.3s; 16688s total)
nat above None mN=1.091 I=64 rep 1411: frozen gen 245 pcc 1.000 sep_end 0 first_sep -1 tag None (0.2s; 16688s total)
nat cheap None mN=1.091 I=64 rep 1411: frozen gen 200 pcc 1.000 sep_end 0 first_sep -1 tag None (0.2s; 16688s total)
nat above None mN=1.091 I=64 rep 1412: frozen gen 375 pcc 1.000 sep_end 0 first_sep -1 tag None (0.3s; 16689s total)
nat cheap None mN=1.091 I=64 rep 1408: unresolved gen 100000 pcc 0.986 sep_end 3 first_sep 80 tag None (46.2s; 16714s total)
nat above None mN=1.091 I=64 rep 1413: frozen gen 280 pcc 1.000 sep_end 0 first_sep -1 tag None (0.3s; 16714s total)
nat cheap None mN=1.091 I=64 rep 1413: frozen gen 470 pcc 1.000 sep_end 0 first_sep -1 tag None (0.4s; 16715s total)
nat above None mN=1.091 I=64 rep 1414: frozen gen 325 pcc 1.000 sep_end 0 first_sep -1 tag None (0.4s; 16715s total)
nat cheap None mN=1.091 I=64 rep 1410: unresolved gen 100000 pcc 0.981 sep_end 6 first_sep 65 tag None (58.3s; 16732s total)
nat above None mN=1.091 I=64 rep 1415: frozen gen 370 pcc 1.000 sep_end 0 first_sep -1 tag None (0.3s; 16732s total)
nat cheap None mN=1.091 I=64 rep 1412: unresolved gen 100000 pcc 0.985 sep_end 1 first_sep 125 tag None (49.8s; 16739s total)
nat above None mN=1.091 I=64 rep 1416: frozen gen 280 pcc 1.000 sep_end 0 first_sep -1 tag None (0.2s; 16739s total)
nat cheap None mN=1.091 I=64 rep 1414: unresolved gen 100000 pcc 0.980 sep_end 1 first_sep 75 tag None (64.2s; 16779s total)
nat above None mN=1.091 I=64 rep 1417: frozen gen 300 pcc 1.000 sep_end 0 first_sep -1 tag None (0.4s; 16779s total)
nat cheap None mN=1.091 I=64 rep 1415: unresolved gen 100000 pcc 0.981 sep_end 1 first_sep 85 tag None (63.4s; 16795s total)
nat above None mN=1.091 I=64 rep 1418: frozen gen 235 pcc 1.000 sep_end 0 first_sep -1 tag None (0.3s; 16796s total)
nat cheap None mN=1.091 I=64 rep 1418: frozen gen 255 pcc 1.000 sep_end 0 first_sep -1 tag None (0.3s; 16796s total)
nat above None mN=1.091 I=64 rep 1419: frozen gen 265 pcc 1.000 sep_end 0 first_sep -1 tag None (0.2s; 16796s total)
nat cheap None mN=1.091 I=64 rep 1416: unresolved gen 100000 pcc 0.967 sep_end 3 first_sep 90 tag None (76.2s; 16815s total)
nat above None mN=1.091 I=64 rep 1420: frozen gen 275 pcc 1.000 sep_end 0 first_sep -1 tag None (0.3s; 16815s total)
nat cheap None mN=1.091 I=64 rep 1417: unresolved gen 100000 pcc 0.979 sep_end 1 first_sep 95 tag None (63.7s; 16843s total)
nat above None mN=1.091 I=64 rep 1421: frozen gen 285 pcc 1.000 sep_end 0 first_sep -1 tag None (0.3s; 16843s total)
nat cheap None mN=1.091 I=64 rep 1421: frozen gen 960 pcc 1.000 sep_end 0 first_sep 75 tag None (0.9s; 16844s total)
nat above None mN=1.091 I=64 rep 1422: frozen gen 305 pcc 1.000 sep_end 0 first_sep -1 tag None (0.3s; 16845s total)
nat cheap None mN=1.091 I=64 rep 1419: unresolved gen 100000 pcc 0.981 sep_end 1 first_sep 45 tag None (58.9s; 16855s total)
nat above None mN=1.091 I=64 rep 1423: frozen gen 255 pcc 1.000 sep_end 0 first_sep -1 tag None (0.2s; 16855s total)
nat cheap None mN=1.091 I=64 rep 1423: frozen gen 3625 pcc 1.000 sep_end 0 first_sep 140 tag None (3.3s; 16859s total)
nat above None mN=1.091 I=64 rep 1424: frozen gen 320 pcc 1.000 sep_end 0 first_sep -1 tag None (0.3s; 16859s total)
nat cheap None mN=1.091 I=64 rep 1424: frozen gen 330 pcc 1.000 sep_end 0 first_sep -1 tag None (0.3s; 16859s total)
nat above None mN=1.091 I=64 rep 1425: frozen gen 220 pcc 1.000 sep_end 0 first_sep -1 tag None (0.3s; 16860s total)
nat cheap None mN=1.091 I=64 rep 1420: unresolved gen 100000 pcc 0.966 sep_end 3 first_sep 80 tag None (72.7s; 16888s total)
nat above None mN=1.091 I=64 rep 1426: frozen gen 325 pcc 1.000 sep_end 0 first_sep -1 tag None (0.3s; 16889s total)
nat cheap None mN=1.091 I=64 rep 1426: frozen gen 340 pcc 1.000 sep_end 0 first_sep -1 tag None (0.3s; 16889s total)
nat above None mN=1.091 I=64 rep 1427: frozen gen 330 pcc 1.000 sep_end 0 first_sep -1 tag None (0.3s; 16889s total)
nat cheap None mN=1.091 I=64 rep 1422: unresolved gen 100000 pcc 0.989 sep_end 1 first_sep 135 tag None (47.8s; 16892s total)
nat above None mN=1.091 I=64 rep 1428: frozen gen 295 pcc 1.000 sep_end 0 first_sep -1 tag None (0.4s; 16893s total)
nat cheap None mN=1.091 I=64 rep 1428: unresolved gen 100000 pcc 0.989 sep_end 1 first_sep 90 tag None (22.8s; 16915s total)
nat above None mN=1.091 I=64 rep 1429: frozen gen 350 pcc 1.000 sep_end 0 first_sep -1 tag None (0.3s; 16916s total)
nat cheap None mN=1.091 I=64 rep 1429: frozen gen 300 pcc 1.000 sep_end 0 first_sep -1 tag None (0.4s; 16916s total)
nat above None mN=1.091 I=64 rep 1430: frozen gen 265 pcc 1.000 sep_end 0 first_sep -1 tag None (0.2s; 16916s total)
nat cheap None mN=1.091 I=64 rep 1427: unresolved gen 100000 pcc 0.987 sep_end 1 first_sep 65 tag None (40.3s; 16929s total)
nat above None mN=1.091 I=64 rep 1431: frozen gen 275 pcc 1.000 sep_end 0 first_sep -1 tag None (0.4s; 16930s total)
nat cheap None mN=1.091 I=64 rep 1425: unresolved gen 100000 pcc 0.966 sep_end 3 first_sep 95 tag None (71.3s; 16931s total)
nat above None mN=1.091 I=64 rep 1432: frozen gen 1130 pcc 1.000 sep_end 0 first_sep 90 tag None (1.2s; 16932s total)
nat cheap None mN=1.091 I=64 rep 1432: frozen gen 1215 pcc 1.000 sep_end 0 first_sep 135 tag None (1.3s; 16933s total)
nat above None mN=1.091 I=64 rep 1433: frozen gen 325 pcc 1.000 sep_end 0 first_sep -1 tag None (0.3s; 16934s total)
nat cheap None mN=1.091 I=64 rep 1433: frozen gen 345 pcc 1.000 sep_end 0 first_sep -1 tag None (0.3s; 16934s total)
nat above None mN=1.091 I=64 rep 1434: frozen gen 280 pcc 1.000 sep_end 0 first_sep -1 tag None (0.3s; 16934s total)
nat cheap None mN=1.091 I=64 rep 1434: frozen gen 485 pcc 1.000 sep_end 0 first_sep 130 tag None (0.6s; 16935s total)
nat above None mN=1.091 I=64 rep 1435: frozen gen 345 pcc 1.000 sep_end 0 first_sep -1 tag None (0.4s; 16935s total)
nat cheap None mN=1.091 I=64 rep 1430: unresolved gen 100000 pcc 0.987 sep_end 3 first_sep 55 tag None (42.8s; 16959s total)
nat above None mN=1.091 I=64 rep 1436: frozen gen 275 pcc 1.000 sep_end 0 first_sep -1 tag None (0.3s; 16960s total)
nat cheap None mN=1.091 I=64 rep 1431: unresolved gen 100000 pcc 0.981 sep_end 1 first_sep 135 tag None (61.8s; 16992s total)
nat above None mN=1.091 I=64 rep 1437: frozen gen 305 pcc 1.000 sep_end 0 first_sep -1 tag None (0.3s; 16992s total)
nat cheap None mN=1.091 I=64 rep 1435: unresolved gen 100000 pcc 0.983 sep_end 1 first_sep 110 tag None (61.9s; 16997s total)
nat cheap None mN=1.091 I=64 rep 1436: unresolved gen 100000 pcc 0.987 sep_end 1 first_sep 95 tag None (37.9s; 16997s total)
nat above None mN=1.091 I=64 rep 1438: frozen gen 310 pcc 1.000 sep_end 0 first_sep -1 tag None (0.3s; 16999s total)
nat above None mN=1.091 I=64 rep 1439: frozen gen 270 pcc 1.000 sep_end 0 first_sep -1 tag None (0.4s; 16999s total)
nat cheap None mN=1.091 I=64 rep 1439: unresolved gen 100000 pcc 0.992 sep_end 1 first_sep 85 tag None (37.0s; 17035s total)
nat above None mN=1.091 I=64 rep 1440: frozen gen 305 pcc 1.000 sep_end 0 first_sep -1 tag None (0.3s; 17035s total)
nat cheap None mN=1.091 I=64 rep 1437: unresolved gen 100000 pcc 0.978 sep_end 1 first_sep 90 tag None (56.1s; 17048s total)
nat above None mN=1.091 I=64 rep 1441: frozen gen 300 pcc 1.000 sep_end 0 first_sep -1 tag None (0.3s; 17048s total)
nat cheap None mN=1.091 I=64 rep 1438: unresolved gen 100000 pcc 0.972 sep_end 1 first_sep 100 tag None (62.8s; 17060s total)
nat above None mN=1.091 I=64 rep 1442: frozen gen 245 pcc 1.000 sep_end 0 first_sep -1 tag None (0.3s; 17061s total)
nat cheap None mN=1.091 I=64 rep 1442: frozen gen 985 pcc 1.000 sep_end 0 first_sep 80 tag None (1.2s; 17062s total)
nat above None mN=1.091 I=64 rep 1443: frozen gen 280 pcc 1.000 sep_end 0 first_sep -1 tag None (0.3s; 17062s total)
nat cheap None mN=1.091 I=64 rep 1440: unresolved gen 100000 pcc 0.976 sep_end 1 first_sep 115 tag None (57.4s; 17093s total)
nat above None mN=1.091 I=64 rep 1444: frozen gen 330 pcc 1.000 sep_end 0 first_sep -1 tag None (0.3s; 17093s total)
nat cheap None mN=1.091 I=64 rep 1443: unresolved gen 100000 pcc 0.983 sep_end 1 first_sep 125 tag None (53.5s; 17115s total)
nat above None mN=1.091 I=64 rep 1445: frozen gen 350 pcc 1.000 sep_end 0 first_sep -1 tag None (0.4s; 17116s total)
nat cheap None mN=1.091 I=64 rep 1445: frozen gen 830 pcc 1.000 sep_end 0 first_sep 110 tag None (1.0s; 17117s total)
nat above None mN=1.091 I=64 rep 1446: frozen gen 385 pcc 1.000 sep_end 0 first_sep -1 tag None (0.3s; 17117s total)
nat cheap None mN=1.091 I=64 rep 1441: unresolved gen 100000 pcc 0.972 sep_end 3 first_sep 45 tag None (74.3s; 17123s total)
nat above None mN=1.091 I=64 rep 1447: frozen gen 315 pcc 1.000 sep_end 0 first_sep -1 tag None (0.3s; 17123s total)
nat cheap None mN=1.091 I=64 rep 1447: frozen gen 315 pcc 1.000 sep_end 0 first_sep -1 tag None (0.3s; 17123s total)
nat above None mN=1.091 I=64 rep 1448: frozen gen 270 pcc 1.000 sep_end 0 first_sep -1 tag None (0.2s; 17123s total)
nat cheap None mN=1.091 I=64 rep 1444: unresolved gen 100000 pcc 0.979 sep_end 1 first_sep 105 tag None (66.4s; 17159s total)
nat above None mN=1.091 I=64 rep 1449: frozen gen 295 pcc 1.000 sep_end 0 first_sep -1 tag None (0.3s; 17160s total)
nat cheap None mN=1.091 I=64 rep 1448: unresolved gen 100000 pcc 0.990 sep_end 1 first_sep 65 tag None (44.7s; 17168s total)
nat above None mN=1.091 I=64 rep 1450: frozen gen 305 pcc 1.000 sep_end 0 first_sep -1 tag None (0.3s; 17169s total)
nat cheap None mN=1.091 I=64 rep 1446: unresolved gen 100000 pcc 0.981 sep_end 1 first_sep 60 tag None (66.3s; 17183s total)
nat above None mN=1.091 I=64 rep 1451: frozen gen 245 pcc 1.000 sep_end 0 first_sep -1 tag None (0.3s; 17184s total)
nat cheap None mN=1.091 I=64 rep 1451: frozen gen 315 pcc 1.000 sep_end 0 first_sep -1 tag None (0.3s; 17184s total)
nat above None mN=1.091 I=64 rep 1452: frozen gen 310 pcc 1.000 sep_end 0 first_sep -1 tag None (0.4s; 17184s total)
nat cheap None mN=1.091 I=64 rep 1452: frozen gen 775 pcc 1.000 sep_end 0 first_sep 85 tag None (1.0s; 17185s total)
nat above None mN=1.091 I=64 rep 1453: frozen gen 285 pcc 1.000 sep_end 0 first_sep -1 tag None (0.3s; 17186s total)
nat cheap None mN=1.091 I=64 rep 1453: unresolved gen 100000 pcc 0.986 sep_end 1 first_sep 120 tag None (38.4s; 17224s total)
nat above None mN=1.091 I=64 rep 1454: frozen gen 290 pcc 1.000 sep_end 0 first_sep -1 tag None (0.3s; 17224s total)
nat cheap None mN=1.091 I=64 rep 1450: unresolved gen 100000 pcc 0.978 sep_end 1 first_sep 115 tag None (56.9s; 17226s total)
nat above None mN=1.091 I=64 rep 1455: frozen gen 320 pcc 1.000 sep_end 0 first_sep -1 tag None (0.3s; 17226s total)
nat cheap None mN=1.091 I=64 rep 1455: frozen gen 350 pcc 1.000 sep_end 0 first_sep -1 tag None (0.3s; 17226s total)
nat above None mN=1.091 I=64 rep 1456: frozen gen 265 pcc 1.000 sep_end 0 first_sep -1 tag None (0.3s; 17226s total)
nat cheap None mN=1.091 I=64 rep 1449: unresolved gen 100000 pcc 0.982 sep_end 3 first_sep 45 tag None (71.7s; 17231s total)
nat above None mN=1.091 I=64 rep 1457: frozen gen 280 pcc 1.000 sep_end 0 first_sep -1 tag None (0.4s; 17232s total)
nat cheap None mN=1.091 I=64 rep 1454: unresolved gen 100000 pcc 0.979 sep_end 1 first_sep 90 tag None (70.5s; 17295s total)
nat above None mN=1.091 I=64 rep 1458: frozen gen 425 pcc 1.000 sep_end 0 first_sep -1 tag None (0.6s; 17295s total)
nat cheap None mN=1.091 I=64 rep 1456: unresolved gen 100000 pcc 0.985 sep_end 1 first_sep 125 tag None (77.0s; 17304s total)
nat above None mN=1.091 I=64 rep 1459: frozen gen 295 pcc 1.000 sep_end 0 first_sep -1 tag None (0.4s; 17304s total)
nat cheap None mN=1.091 I=64 rep 1459: frozen gen 330 pcc 1.000 sep_end 0 first_sep -1 tag None (0.5s; 17304s total)
nat above None mN=1.091 I=64 rep 1460: frozen gen 290 pcc 1.000 sep_end 0 first_sep -1 tag None (0.5s; 17305s total)
nat cheap None mN=1.091 I=64 rep 1457: unresolved gen 100000 pcc 0.974 sep_end 1 first_sep 60 tag None (82.6s; 17314s total)
nat above None mN=1.091 I=64 rep 1461: frozen gen 320 pcc 1.000 sep_end 0 first_sep -1 tag None (0.3s; 17315s total)
nat cheap None mN=1.091 I=64 rep 1458: unresolved gen 100000 pcc 0.995 sep_end 1 first_sep 190 tag None (21.0s; 17316s total)
nat above None mN=1.091 I=64 rep 1462: frozen gen 365 pcc 1.000 sep_end 0 first_sep -1 tag None (0.3s; 17317s total)
nat cheap None mN=1.091 I=64 rep 1462: unresolved gen 100000 pcc 0.998 sep_end 0 first_sep 185 tag None (5.5s; 17322s total)
nat above None mN=1.091 I=64 rep 1463: frozen gen 285 pcc 1.000 sep_end 0 first_sep -1 tag None (0.3s; 17323s total)
nat cheap None mN=1.091 I=64 rep 1463: frozen gen 320 pcc 1.000 sep_end 0 first_sep -1 tag None (0.3s; 17323s total)
nat above None mN=1.091 I=64 rep 1464: frozen gen 280 pcc 1.000 sep_end 0 first_sep -1 tag None (0.2s; 17323s total)
nat cheap None mN=1.091 I=64 rep 1464: frozen gen 315 pcc 1.000 sep_end 0 first_sep -1 tag None (0.3s; 17323s total)
nat above None mN=1.091 I=64 rep 1465: frozen gen 285 pcc 1.000 sep_end 0 first_sep -1 tag None (0.3s; 17324s total)
nat cheap None mN=1.091 I=64 rep 1465: frozen gen 305 pcc 1.000 sep_end 0 first_sep -1 tag None (0.4s; 17324s total)
nat above None mN=1.091 I=64 rep 1466: frozen gen 380 pcc 1.000 sep_end 0 first_sep -1 tag None (0.4s; 17324s total)
nat cheap None mN=1.091 I=64 rep 1460: unresolved gen 100000 pcc 0.991 sep_end 1 first_sep 70 tag None (27.7s; 17333s total)
nat above None mN=1.091 I=64 rep 1467: frozen gen 240 pcc 1.000 sep_end 0 first_sep -1 tag None (0.3s; 17333s total)
nat cheap None mN=1.091 I=64 rep 1467: unresolved gen 100000 pcc 0.994 sep_end 1 first_sep 85 tag None (41.7s; 17375s total)
nat above None mN=1.091 I=64 rep 1468: frozen gen 305 pcc 1.000 sep_end 0 first_sep -1 tag None (0.4s; 17375s total)
nat cheap None mN=1.091 I=64 rep 1461: unresolved gen 100000 pcc 0.974 sep_end 1 first_sep 65 tag None (79.5s; 17394s total)
nat above None mN=1.091 I=64 rep 1469: frozen gen 270 pcc 1.000 sep_end 0 first_sep -1 tag None (0.5s; 17395s total)
nat cheap None mN=1.091 I=64 rep 1466: unresolved gen 100000 pcc 0.980 sep_end 1 first_sep 125 tag None (73.7s; 17398s total)
nat above None mN=1.091 I=64 rep 1470: frozen gen 290 pcc 1.000 sep_end 0 first_sep -1 tag None (0.3s; 17399s total)
nat cheap None mN=1.091 I=64 rep 1468: unresolved gen 100000 pcc 0.983 sep_end 1 first_sep 125 tag None (83.9s; 17459s total)
nat above None mN=1.091 I=64 rep 1471: frozen gen 235 pcc 1.000 sep_end 0 first_sep -1 tag None (0.3s; 17459s total)
nat cheap None mN=1.091 I=64 rep 1469: unresolved gen 100000 pcc 0.977 sep_end 1 first_sep 65 tag None (84.0s; 17479s total)
nat above None mN=1.091 I=64 rep 1472: frozen gen 295 pcc 1.000 sep_end 0 first_sep -1 tag None (0.3s; 17479s total)
nat cheap None mN=1.091 I=64 rep 1470: unresolved gen 100000 pcc 0.975 sep_end 1 first_sep 75 tag None (83.6s; 17482s total)
nat above None mN=1.091 I=64 rep 1473: frozen gen 335 pcc 1.000 sep_end 0 first_sep -1 tag None (0.3s; 17482s total)
nat cheap None mN=1.091 I=64 rep 1471: unresolved gen 100000 pcc 0.978 sep_end 1 first_sep 90 tag None (61.9s; 17521s total)
nat above None mN=1.091 I=64 rep 1474: frozen gen 360 pcc 1.000 sep_end 0 first_sep -1 tag None (0.4s; 17522s total)
nat cheap None mN=1.091 I=64 rep 1472: unresolved gen 100000 pcc 0.975 sep_end 1 first_sep 90 tag None (75.6s; 17555s total)
nat above None mN=1.091 I=64 rep 1475: frozen gen 330 pcc 1.000 sep_end 0 first_sep -1 tag None (0.3s; 17555s total)
nat cheap None mN=1.091 I=64 rep 1473: unresolved gen 100000 pcc 0.976 sep_end 3 first_sep 55 tag None (82.9s; 17565s total)
nat above None mN=1.091 I=64 rep 1476: frozen gen 310 pcc 1.000 sep_end 0 first_sep -1 tag None (0.3s; 17566s total)
nat cheap None mN=1.091 I=64 rep 1474: unresolved gen 100000 pcc 0.977 sep_end 1 first_sep 70 tag None (60.7s; 17582s total)
nat above None mN=1.091 I=64 rep 1477: frozen gen 350 pcc 1.000 sep_end 0 first_sep -1 tag None (0.3s; 17583s total)
nat cheap None mN=1.091 I=64 rep 1477: frozen gen 850 pcc 1.000 sep_end 0 first_sep 120 tag None (1.0s; 17584s total)
nat above None mN=1.091 I=64 rep 1478: frozen gen 305 pcc 1.000 sep_end 0 first_sep -1 tag None (0.3s; 17584s total)
nat cheap None mN=1.091 I=64 rep 1478: unresolved gen 100000 pcc 0.998 sep_end 1 first_sep 75 tag None (9.3s; 17593s total)
nat above None mN=1.091 I=64 rep 1479: frozen gen 270 pcc 1.000 sep_end 0 first_sep -1 tag None (0.2s; 17593s total)
nat cheap None mN=1.091 I=64 rep 1475: unresolved gen 100000 pcc 0.982 sep_end 1 first_sep 115 tag None (58.1s; 17613s total)
nat above None mN=1.091 I=64 rep 1480: frozen gen 280 pcc 1.000 sep_end 0 first_sep -1 tag None (0.3s; 17613s total)
nat cheap None mN=1.091 I=64 rep 1480: unresolved gen 100000 pcc 0.999 sep_end 1 first_sep 110 tag None (6.5s; 17620s total)
nat above None mN=1.091 I=64 rep 1481: frozen gen 325 pcc 1.000 sep_end 0 first_sep -1 tag None (0.3s; 17620s total)
nat cheap None mN=1.091 I=64 rep 1481: frozen gen 1245 pcc 1.000 sep_end 0 first_sep 105 tag None (1.4s; 17622s total)
nat above None mN=1.091 I=64 rep 1482: frozen gen 310 pcc 1.000 sep_end 0 first_sep -1 tag None (0.3s; 17622s total)
nat cheap None mN=1.091 I=64 rep 1476: unresolved gen 100000 pcc 0.979 sep_end 1 first_sep 110 tag None (62.5s; 17628s total)
nat above None mN=1.091 I=64 rep 1483: frozen gen 355 pcc 1.000 sep_end 0 first_sep -1 tag None (0.3s; 17628s total)
nat cheap None mN=1.091 I=64 rep 1479: unresolved gen 100000 pcc 0.974 sep_end 3 first_sep 80 tag None (66.7s; 17660s total)
nat above None mN=1.091 I=64 rep 1484: frozen gen 225 pcc 1.000 sep_end 0 first_sep -1 tag None (0.2s; 17660s total)
nat cheap None mN=1.091 I=64 rep 1484: frozen gen 360 pcc 1.000 sep_end 0 first_sep 205 tag None (0.4s; 17661s total)
nat above None mN=1.091 I=64 rep 1485: frozen gen 285 pcc 1.000 sep_end 0 first_sep -1 tag None (0.2s; 17661s total)
nat cheap None mN=1.091 I=64 rep 1485: frozen gen 390 pcc 1.000 sep_end 0 first_sep 140 tag None (0.4s; 17661s total)
nat above None mN=1.091 I=64 rep 1486: frozen gen 370 pcc 1.000 sep_end 0 first_sep -1 tag None (0.3s; 17662s total)
nat cheap None mN=1.091 I=64 rep 1486: frozen gen 325 pcc 1.000 sep_end 0 first_sep -1 tag None (0.3s; 17662s total)
nat above None mN=1.091 I=64 rep 1487: frozen gen 310 pcc 1.000 sep_end 0 first_sep -1 tag None (0.3s; 17662s total)
nat cheap None mN=1.091 I=64 rep 1482: unresolved gen 100000 pcc 0.985 sep_end 1 first_sep 90 tag None (43.8s; 17666s total)
nat above None mN=1.091 I=64 rep 1488: frozen gen 385 pcc 1.000 sep_end 0 first_sep -1 tag None (0.3s; 17666s total)
nat cheap None mN=1.091 I=64 rep 1488: frozen gen 325 pcc 1.000 sep_end 0 first_sep -1 tag None (0.3s; 17667s total)
nat above None mN=1.091 I=64 rep 1489: frozen gen 280 pcc 1.000 sep_end 0 first_sep -1 tag None (0.3s; 17667s total)
nat cheap None mN=1.091 I=64 rep 1489: frozen gen 280 pcc 1.000 sep_end 0 first_sep -1 tag None (0.3s; 17667s total)
nat above None mN=1.091 I=64 rep 1490: frozen gen 335 pcc 1.000 sep_end 0 first_sep -1 tag None (0.4s; 17667s total)
nat cheap None mN=1.091 I=64 rep 1483: unresolved gen 100000 pcc 0.977 sep_end 1 first_sep 120 tag None (61.8s; 17690s total)
nat above None mN=1.091 I=64 rep 1491: frozen gen 290 pcc 1.000 sep_end 0 first_sep -1 tag None (0.4s; 17691s total)
nat cheap None mN=1.091 I=64 rep 1487: unresolved gen 100000 pcc 0.981 sep_end 1 first_sep 115 tag None (67.4s; 17730s total)
nat above None mN=1.091 I=64 rep 1492: frozen gen 370 pcc 1.000 sep_end 0 first_sep -1 tag None (0.3s; 17730s total)
nat cheap None mN=1.091 I=64 rep 1490: unresolved gen 100000 pcc 0.973 sep_end 3 first_sep 55 tag None (73.6s; 17741s total)
nat above None mN=1.091 I=64 rep 1493: frozen gen 310 pcc 1.000 sep_end 0 first_sep -1 tag None (0.4s; 17741s total)
nat cheap None mN=1.091 I=64 rep 1491: unresolved gen 100000 pcc 0.987 sep_end 1 first_sep 70 tag None (62.5s; 17753s total)
nat above None mN=1.091 I=64 rep 1494: frozen gen 310 pcc 1.000 sep_end 0 first_sep -1 tag None (0.3s; 17753s total)
nat cheap None mN=1.091 I=64 rep 1494: frozen gen 275 pcc 1.000 sep_end 0 first_sep -1 tag None (0.3s; 17754s total)
nat above None mN=1.091 I=64 rep 1495: frozen gen 295 pcc 1.000 sep_end 0 first_sep -1 tag None (0.3s; 17754s total)
nat cheap None mN=1.091 I=64 rep 1495: frozen gen 400 pcc 1.000 sep_end 0 first_sep -1 tag None (0.4s; 17754s total)
nat above None mN=1.091 I=64 rep 1496: frozen gen 345 pcc 1.000 sep_end 0 first_sep -1 tag None (0.3s; 17755s total)
nat cheap None mN=1.091 I=64 rep 1492: unresolved gen 100000 pcc 0.981 sep_end 1 first_sep 100 tag None (58.9s; 17789s total)
nat above None mN=1.091 I=64 rep 1497: frozen gen 315 pcc 1.000 sep_end 0 first_sep -1 tag None (0.4s; 17789s total)
nat cheap None mN=1.091 I=64 rep 1497: frozen gen 260 pcc 1.000 sep_end 0 first_sep -1 tag None (0.3s; 17790s total)
nat above None mN=1.091 I=64 rep 1498: frozen gen 350 pcc 1.000 sep_end 0 first_sep -1 tag None (0.3s; 17790s total)
nat cheap None mN=1.091 I=64 rep 1493: unresolved gen 100000 pcc 0.981 sep_end 1 first_sep 60 tag None (64.7s; 17806s total)
nat above None mN=1.091 I=64 rep 1499: frozen gen 335 pcc 1.000 sep_end 0 first_sep -1 tag None (0.3s; 17806s total)
nat cheap None mN=1.091 I=64 rep 1496: unresolved gen 100000 pcc 0.972 sep_end 3 first_sep 45 tag None (73.5s; 17828s total)
nat above None mN=1.091 I=64 rep 1500: frozen gen 2750 pcc 1.000 sep_end 0 first_sep 60 tag None (2.9s; 17831s total)
nat cheap None mN=1.091 I=64 rep 1498: unresolved gen 100000 pcc 0.976 sep_end 1 first_sep 100 tag None (56.2s; 17846s total)
nat above None mN=1.091 I=64 rep 1501: frozen gen 280 pcc 1.000 sep_end 0 first_sep -1 tag None (0.4s; 17847s total)
nat cheap None mN=1.091 I=64 rep 1499: unresolved gen 100000 pcc 0.973 sep_end 3 first_sep 95 tag None (74.6s; 17881s total)
nat above None mN=1.091 I=64 rep 1502: frozen gen 260 pcc 1.000 sep_end 0 first_sep -1 tag None (0.4s; 17881s total)
nat cheap None mN=1.091 I=64 rep 1500: unresolved gen 100000 pcc 0.979 sep_end 1 first_sep 110 tag None (69.2s; 17900s total)
nat above None mN=1.091 I=64 rep 1503: frozen gen 320 pcc 1.000 sep_end 0 first_sep -1 tag None (0.4s; 17901s total)
nat cheap None mN=1.091 I=64 rep 1503: frozen gen 1600 pcc 1.000 sep_end 0 first_sep 50 tag None (2.1s; 17903s total)
nat above None mN=1.091 I=64 rep 1504: frozen gen 330 pcc 1.000 sep_end 0 first_sep -1 tag None (0.4s; 17903s total)
nat cheap None mN=1.091 I=64 rep 1501: unresolved gen 100000 pcc 0.984 sep_end 1 first_sep 95 tag None (59.8s; 17906s total)
nat above None mN=1.091 I=64 rep 1505: frozen gen 310 pcc 1.000 sep_end 0 first_sep -1 tag None (0.3s; 17907s total)
nat cheap None mN=1.091 I=64 rep 1505: frozen gen 480 pcc 1.000 sep_end 0 first_sep -1 tag None (0.4s; 17907s total)
nat above None mN=1.091 I=64 rep 1506: frozen gen 325 pcc 1.000 sep_end 0 first_sep -1 tag None (0.4s; 17907s total)
nat cheap None mN=1.091 I=64 rep 1502: unresolved gen 100000 pcc 0.979 sep_end 6 first_sep 70 tag None (73.3s; 17955s total)
nat above None mN=1.091 I=64 rep 1507: frozen gen 305 pcc 1.000 sep_end 0 first_sep -1 tag None (0.3s; 17955s total)
nat cheap None mN=1.091 I=64 rep 1507: frozen gen 355 pcc 1.000 sep_end 0 first_sep -1 tag None (0.3s; 17955s total)
nat above None mN=1.091 I=64 rep 1508: frozen gen 320 pcc 1.000 sep_end 0 first_sep -1 tag None (0.3s; 17956s total)
nat cheap None mN=1.091 I=64 rep 1504: unresolved gen 100000 pcc 0.983 sep_end 1 first_sep 130 tag None (77.5s; 17981s total)
nat above None mN=1.091 I=64 rep 1509: frozen gen 405 pcc 1.000 sep_end 0 first_sep -1 tag None (0.6s; 17981s total)
nat cheap None mN=1.091 I=64 rep 1506: unresolved gen 100000 pcc 0.980 sep_end 3 first_sep 105 tag None (79.2s; 17987s total)
nat above None mN=1.091 I=64 rep 1510: frozen gen 295 pcc 1.000 sep_end 0 first_sep -1 tag None (0.4s; 17987s total)
nat cheap None mN=1.091 I=64 rep 1508: unresolved gen 100000 pcc 0.991 sep_end 1 first_sep 135 tag None (46.6s; 18002s total)
nat above None mN=1.091 I=64 rep 1511: frozen gen 335 pcc 1.000 sep_end 0 first_sep -1 tag None (0.4s; 18003s total)
nat cheap None mN=1.091 I=64 rep 1510: unresolved gen 100000 pcc 0.978 sep_end 3 first_sep 70 tag None (65.0s; 18052s total)
nat above None mN=1.091 I=64 rep 1512: frozen gen 310 pcc 1.000 sep_end 0 first_sep -1 tag None (0.4s; 18052s total)
nat cheap None mN=1.091 I=64 rep 1511: unresolved gen 100000 pcc 0.985 sep_end 1 first_sep 150 tag None (59.2s; 18062s total)
nat above None mN=1.091 I=64 rep 1513: frozen gen 280 pcc 1.000 sep_end 0 first_sep -1 tag None (0.4s; 18062s total)
nat cheap None mN=1.091 I=64 rep 1509: unresolved gen 100000 pcc 0.979 sep_end 1 first_sep 40 tag None (83.0s; 18064s total)
nat above None mN=1.091 I=64 rep 1514: frozen gen 335 pcc 1.000 sep_end 0 first_sep -1 tag None (0.5s; 18065s total)
nat cheap None mN=1.091 I=64 rep 1514: unresolved gen 100000 pcc 0.981 sep_end 1 first_sep 120 tag None (72.8s; 18138s total)
nat above None mN=1.091 I=64 rep 1515: frozen gen 340 pcc 1.000 sep_end 0 first_sep -1 tag None (0.5s; 18138s total)
nat cheap None mN=1.091 I=64 rep 1513: unresolved gen 100000 pcc 0.985 sep_end 1 first_sep 105 tag None (84.0s; 18146s total)
nat above None mN=1.091 I=64 rep 1516: frozen gen 255 pcc 1.000 sep_end 0 first_sep -1 tag None (0.3s; 18147s total)
nat cheap None mN=1.091 I=64 rep 1512: unresolved gen 100000 pcc 0.977 sep_end 1 first_sep 65 tag None (94.8s; 18147s total)
nat above None mN=1.091 I=64 rep 1517: frozen gen 415 pcc 1.000 sep_end 0 first_sep -1 tag None (0.7s; 18148s total)
nat cheap None mN=1.091 I=64 rep 1515: unresolved gen 100000 pcc 0.980 sep_end 1 first_sep 80 tag None (81.7s; 18220s total)
nat above None mN=1.091 I=64 rep 1518: frozen gen 315 pcc 1.000 sep_end 0 first_sep -1 tag None (0.8s; 18221s total)
nat cheap None mN=1.091 I=64 rep 1517: unresolved gen 100000 pcc 0.987 sep_end 1 first_sep 90 tag None (90.0s; 18238s total)
nat above None mN=1.091 I=64 rep 1519: frozen gen 355 pcc 1.000 sep_end 0 first_sep -1 tag None (0.6s; 18238s total)
nat cheap None mN=1.091 I=64 rep 1516: unresolved gen 100000 pcc 0.981 sep_end 1 first_sep 100 tag None (101.4s; 18248s total)
nat above None mN=1.091 I=64 rep 1520: frozen gen 265 pcc 1.000 sep_end 0 first_sep -1 tag None (0.4s; 18248s total)
nat cheap None mN=1.091 I=64 rep 1518: unresolved gen 100000 pcc 0.989 sep_end 1 first_sep 75 tag None (70.5s; 18291s total)
nat above None mN=1.091 I=64 rep 1521: frozen gen 280 pcc 1.000 sep_end 0 first_sep -1 tag None (0.4s; 18292s total)
nat cheap None mN=1.091 I=64 rep 1520: unresolved gen 100000 pcc 0.976 sep_end 1 first_sep 110 tag None (106.9s; 18355s total)
nat above None mN=1.091 I=64 rep 1522: frozen gen 305 pcc 1.000 sep_end 0 first_sep -1 tag None (0.4s; 18356s total)
nat cheap None mN=1.091 I=64 rep 1519: unresolved gen 100000 pcc 0.974 sep_end 3 first_sep 75 tag None (125.9s; 18364s total)
nat above None mN=1.091 I=64 rep 1523: frozen gen 310 pcc 1.000 sep_end 0 first_sep -1 tag None (0.4s; 18365s total)
nat cheap None mN=1.091 I=64 rep 1522: unresolved gen 100000 pcc 0.995 sep_end 1 first_sep 90 tag None (21.4s; 18377s total)
nat above None mN=1.091 I=64 rep 1524: frozen gen 260 pcc 1.000 sep_end 0 first_sep -1 tag None (0.5s; 18378s total)
nat cheap None mN=1.091 I=64 rep 1521: unresolved gen 100000 pcc 0.978 sep_end 1 first_sep 95 tag None (101.3s; 18393s total)
nat above None mN=1.091 I=64 rep 1525: frozen gen 270 pcc 1.000 sep_end 0 first_sep -1 tag None (0.3s; 18394s total)
nat cheap None mN=1.091 I=64 rep 1525: unresolved gen 100000 pcc 0.985 sep_end 1 first_sep 115 tag None (51.9s; 18445s total)
nat above None mN=1.091 I=64 rep 1526: frozen gen 295 pcc 1.000 sep_end 0 first_sep -1 tag None (0.5s; 18446s total)
nat cheap None mN=1.091 I=64 rep 1526: frozen gen 345 pcc 1.000 sep_end 0 first_sep -1 tag None (0.4s; 18446s total)
nat above None mN=1.091 I=64 rep 1527: frozen gen 270 pcc 1.000 sep_end 0 first_sep -1 tag None (0.3s; 18447s total)
nat cheap None mN=1.091 I=64 rep 1523: unresolved gen 100000 pcc 0.986 sep_end 1 first_sep 120 tag None (85.3s; 18450s total)
nat above None mN=1.091 I=64 rep 1528: frozen gen 315 pcc 1.000 sep_end 0 first_sep -1 tag None (0.4s; 18450s total)
nat cheap None mN=1.091 I=64 rep 1524: unresolved gen 100000 pcc 0.970 sep_end 3 first_sep 85 tag None (105.7s; 18483s total)
nat above None mN=1.091 I=64 rep 1529: frozen gen 255 pcc 1.000 sep_end 0 first_sep -1 tag None (0.3s; 18484s total)
nat cheap None mN=1.091 I=64 rep 1527: unresolved gen 100000 pcc 0.989 sep_end 1 first_sep 95 tag None (43.2s; 18490s total)
nat above None mN=1.091 I=64 rep 1530: frozen gen 295 pcc 1.000 sep_end 0 first_sep -1 tag None (0.4s; 18490s total)
nat cheap None mN=1.091 I=64 rep 1530: frozen gen 385 pcc 1.000 sep_end 0 first_sep -1 tag None (0.4s; 18491s total)
nat above None mN=1.091 I=64 rep 1531: frozen gen 290 pcc 1.000 sep_end 0 first_sep -1 tag None (0.3s; 18491s total)
nat cheap None mN=1.091 I=64 rep 1531: unresolved gen 100000 pcc 0.997 sep_end 1 first_sep 65 tag None (11.5s; 18503s total)
nat above None mN=1.091 I=64 rep 1532: frozen gen 415 pcc 1.000 sep_end 0 first_sep -1 tag None (0.5s; 18503s total)
nat cheap None mN=1.091 I=64 rep 1528: unresolved gen 100000 pcc 0.976 sep_end 1 first_sep 90 tag None (84.5s; 18535s total)
nat above None mN=1.091 I=64 rep 1533: frozen gen 295 pcc 1.000 sep_end 0 first_sep 90 tag None (0.4s; 18535s total)
nat cheap None mN=1.091 I=64 rep 1529: unresolved gen 100000 pcc 0.979 sep_end 1 first_sep 75 tag None (89.1s; 18573s total)
nat above None mN=1.091 I=64 rep 1534: frozen gen 350 pcc 1.000 sep_end 0 first_sep -1 tag None (0.5s; 18573s total)
nat cheap None mN=1.091 I=64 rep 1533: unresolved gen 100000 pcc 0.985 sep_end 1 first_sep 75 tag None (57.5s; 18593s total)
nat above None mN=1.091 I=64 rep 1535: frozen gen 415 pcc 1.000 sep_end 0 first_sep -1 tag None (0.5s; 18593s total)
nat cheap None mN=1.091 I=64 rep 1532: unresolved gen 100000 pcc 0.979 sep_end 1 first_sep 115 tag None (90.4s; 18594s total)
nat above None mN=1.091 I=64 rep 1536: frozen gen 455 pcc 1.000 sep_end 0 first_sep -1 tag None (0.7s; 18594s total)
nat cheap None mN=1.091 I=64 rep 1536: frozen gen 395 pcc 1.000 sep_end 0 first_sep -1 tag None (0.5s; 18595s total)
nat above None mN=1.091 I=64 rep 1537: frozen gen 320 pcc 1.000 sep_end 0 first_sep -1 tag None (0.4s; 18595s total)
nat cheap None mN=1.091 I=64 rep 1537: unresolved gen 100000 pcc 0.989 sep_end 1 first_sep 60 tag None (29.5s; 18625s total)
nat above None mN=1.091 I=64 rep 1538: frozen gen 285 pcc 1.000 sep_end 0 first_sep -1 tag None (0.4s; 18625s total)
nat cheap None mN=1.091 I=64 rep 1534: unresolved gen 100000 pcc 0.975 sep_end 1 first_sep 90 tag None (88.8s; 18662s total)
nat above None mN=1.091 I=64 rep 1539: frozen gen 520 pcc 1.000 sep_end 0 first_sep 80 tag None (0.8s; 18663s total)
nat cheap None mN=1.091 I=64 rep 1539: frozen gen 1135 pcc 1.000 sep_end 0 first_sep 95 tag None (1.7s; 18665s total)
nat above None mN=1.091 I=64 rep 1540: frozen gen 250 pcc 1.000 sep_end 0 first_sep -1 tag None (0.4s; 18665s total)
nat cheap None mN=1.091 I=64 rep 1535: unresolved gen 100000 pcc 0.984 sep_end 1 first_sep 60 tag None (79.4s; 18673s total)
nat above None mN=1.091 I=64 rep 1541: frozen gen 315 pcc 1.000 sep_end 0 first_sep -1 tag None (0.3s; 18673s total)
nat cheap None mN=1.091 I=64 rep 1538: unresolved gen 100000 pcc 0.986 sep_end 1 first_sep 70 tag None (55.8s; 18681s total)
nat above None mN=1.091 I=64 rep 1542: frozen gen 365 pcc 1.000 sep_end 0 first_sep -1 tag None (0.4s; 18681s total)
nat cheap None mN=1.091 I=64 rep 1540: unresolved gen 100000 pcc 0.992 sep_end 1 first_sep 55 tag None (33.1s; 18698s total)
nat above None mN=1.091 I=64 rep 1543: frozen gen 320 pcc 1.000 sep_end 0 first_sep -1 tag None (0.5s; 18699s total)
nat cheap None mN=1.091 I=64 rep 1543: frozen gen 335 pcc 1.000 sep_end 0 first_sep -1 tag None (0.4s; 18699s total)
nat above None mN=1.091 I=64 rep 1544: frozen gen 300 pcc 1.000 sep_end 0 first_sep -1 tag None (0.4s; 18700s total)
nat cheap None mN=1.091 I=64 rep 1542: unresolved gen 100000 pcc 0.988 sep_end 1 first_sep 85 tag None (53.8s; 18735s total)
nat above None mN=1.091 I=64 rep 1545: frozen gen 355 pcc 1.000 sep_end 0 first_sep -1 tag None (0.4s; 18736s total)
nat cheap None mN=1.091 I=64 rep 1545: frozen gen 315 pcc 1.000 sep_end 0 first_sep -1 tag None (0.4s; 18736s total)
nat above None mN=1.091 I=64 rep 1546: frozen gen 345 pcc 1.000 sep_end 0 first_sep -1 tag None (0.6s; 18737s total)
nat cheap None mN=1.091 I=64 rep 1546: frozen gen 300 pcc 1.000 sep_end 0 first_sep -1 tag None (0.4s; 18737s total)
nat above None mN=1.091 I=64 rep 1547: frozen gen 320 pcc 1.000 sep_end 0 first_sep -1 tag None (0.4s; 18737s total)
nat cheap None mN=1.091 I=64 rep 1547: frozen gen 305 pcc 1.000 sep_end 0 first_sep -1 tag None (0.4s; 18738s total)
nat above None mN=1.091 I=64 rep 1548: frozen gen 275 pcc 1.000 sep_end 0 first_sep -1 tag None (0.5s; 18738s total)
nat cheap None mN=1.091 I=64 rep 1541: unresolved gen 100000 pcc 0.987 sep_end 3 first_sep 125 tag None (65.3s; 18738s total)
nat above None mN=1.091 I=64 rep 1549: frozen gen 270 pcc 1.000 sep_end 0 first_sep -1 tag None (0.4s; 18739s total)
nat cheap None mN=1.091 I=64 rep 1544: unresolved gen 100000 pcc 0.977 sep_end 1 first_sep 125 tag None (87.9s; 18788s total)
nat above None mN=1.091 I=64 rep 1550: frozen gen 265 pcc 1.000 sep_end 0 first_sep -1 tag None (0.3s; 18788s total)
nat cheap None mN=1.091 I=64 rep 1548: unresolved gen 100000 pcc 0.980 sep_end 3 first_sep 70 tag None (64.2s; 18802s total)
nat above None mN=1.091 I=64 rep 1551: frozen gen 280 pcc 1.000 sep_end 0 first_sep -1 tag None (0.3s; 18803s total)
nat cheap None mN=1.091 I=64 rep 1549: unresolved gen 100000 pcc 0.985 sep_end 1 first_sep 100 tag None (67.8s; 18807s total)
nat above None mN=1.091 I=64 rep 1552: frozen gen 305 pcc 1.000 sep_end 0 first_sep -1 tag None (0.4s; 18807s total)
nat cheap None mN=1.091 I=64 rep 1552: unresolved gen 100000 pcc 0.992 sep_end 3 first_sep 65 tag None (44.0s; 18851s total)
nat above None mN=1.091 I=64 rep 1553: frozen gen 295 pcc 1.000 sep_end 0 first_sep -1 tag None (0.3s; 18851s total)
nat cheap None mN=1.091 I=64 rep 1550: unresolved gen 100000 pcc 0.989 sep_end 1 first_sep 145 tag None (65.0s; 18853s total)
nat above None mN=1.091 I=64 rep 1554: frozen gen 255 pcc 1.000 sep_end 0 first_sep -1 tag None (0.5s; 18853s total)
nat cheap None mN=1.091 I=64 rep 1554: frozen gen 320 pcc 1.000 sep_end 0 first_sep -1 tag None (0.3s; 18854s total)
nat above None mN=1.091 I=64 rep 1555: frozen gen 310 pcc 1.000 sep_end 0 first_sep -1 tag None (0.5s; 18854s total)
nat cheap None mN=1.091 I=64 rep 1551: unresolved gen 100000 pcc 0.978 sep_end 1 first_sep 70 tag None (85.2s; 18888s total)
nat above None mN=1.091 I=64 rep 1556: frozen gen 245 pcc 1.000 sep_end 0 first_sep -1 tag None (0.4s; 18888s total)
nat cheap None mN=1.091 I=64 rep 1555: unresolved gen 100000 pcc 0.989 sep_end 1 first_sep 90 tag None (73.8s; 18928s total)
nat above None mN=1.091 I=64 rep 1557: frozen gen 260 pcc 1.000 sep_end 0 first_sep -1 tag None (0.3s; 18928s total)
nat cheap None mN=1.091 I=64 rep 1553: unresolved gen 100000 pcc 0.978 sep_end 3 first_sep 75 tag None (90.8s; 18942s total)
nat above None mN=1.091 I=64 rep 1558: frozen gen 295 pcc 1.000 sep_end 0 first_sep -1 tag None (0.3s; 18942s total)
nat cheap None mN=1.091 I=64 rep 1556: unresolved gen 100000 pcc 0.967 sep_end 3 first_sep 120 tag None (89.1s; 18977s total)
nat above None mN=1.091 I=64 rep 1559: frozen gen 285 pcc 1.000 sep_end 0 first_sep -1 tag None (0.3s; 18978s total)
nat cheap None mN=1.091 I=64 rep 1557: unresolved gen 100000 pcc 0.969 sep_end 3 first_sep 80 tag None (83.1s; 19011s total)
nat above None mN=1.091 I=64 rep 1560: frozen gen 295 pcc 1.000 sep_end 0 first_sep -1 tag None (0.4s; 19012s total)
nat cheap None mN=1.091 I=64 rep 1558: unresolved gen 100000 pcc 0.977 sep_end 1 first_sep 145 tag None (72.7s; 19015s total)
nat above None mN=1.091 I=64 rep 1561: frozen gen 465 pcc 1.000 sep_end 0 first_sep -1 tag None (0.4s; 19016s total)
nat cheap None mN=1.091 I=64 rep 1561: frozen gen 260 pcc 1.000 sep_end 0 first_sep -1 tag None (0.3s; 19016s total)
nat above None mN=1.091 I=64 rep 1562: frozen gen 300 pcc 1.000 sep_end 0 first_sep -1 tag None (0.3s; 19016s total)
nat cheap None mN=1.091 I=64 rep 1560: unresolved gen 100000 pcc 0.997 sep_end 1 first_sep 45 tag None (21.1s; 19033s total)
nat above None mN=1.091 I=64 rep 1563: frozen gen 295 pcc 1.000 sep_end 0 first_sep -1 tag None (0.3s; 19033s total)
nat cheap None mN=1.091 I=64 rep 1563: frozen gen 1595 pcc 1.000 sep_end 0 first_sep 95 tag None (0.6s; 19034s total)
nat above None mN=1.091 I=64 rep 1564: frozen gen 350 pcc 1.000 sep_end 0 first_sep -1 tag None (0.4s; 19034s total)
nat cheap None mN=1.091 I=64 rep 1559: unresolved gen 100000 pcc 0.975 sep_end 3 first_sep 125 tag None (80.9s; 19059s total)
nat above None mN=1.091 I=64 rep 1565: frozen gen 350 pcc 1.000 sep_end 0 first_sep -1 tag None (0.4s; 19059s total)
nat cheap None mN=1.091 I=64 rep 1562: unresolved gen 100000 pcc 0.980 sep_end 1 first_sep 130 tag None (73.0s; 19089s total)
nat above None mN=1.091 I=64 rep 1566: frozen gen 340 pcc 1.000 sep_end 0 first_sep -1 tag None (0.3s; 19089s total)
nat cheap None mN=1.091 I=64 rep 1565: unresolved gen 100000 pcc 0.991 sep_end 1 first_sep 90 tag None (31.2s; 19090s total)
nat above None mN=1.091 I=64 rep 1567: frozen gen 310 pcc 1.000 sep_end 0 first_sep -1 tag None (0.4s; 19091s total)
nat cheap None mN=1.091 I=64 rep 1566: frozen gen 1770 pcc 1.000 sep_end 0 first_sep 125 tag None (1.9s; 19091s total)
nat above None mN=1.091 I=64 rep 1568: frozen gen 345 pcc 1.000 sep_end 0 first_sep -1 tag None (0.4s; 19092s total)
nat cheap None mN=1.091 I=64 rep 1564: unresolved gen 100000 pcc 0.980 sep_end 1 first_sep 70 tag None (69.8s; 19104s total)
nat above None mN=1.091 I=64 rep 1569: frozen gen 360 pcc 1.000 sep_end 0 first_sep -1 tag None (0.4s; 19104s total)
nat cheap None mN=1.091 I=64 rep 1569: frozen gen 285 pcc 1.000 sep_end 0 first_sep -1 tag None (0.3s; 19105s total)
nat above None mN=1.091 I=64 rep 1570: frozen gen 280 pcc 1.000 sep_end 0 first_sep -1 tag None (0.3s; 19105s total)
nat cheap None mN=1.091 I=64 rep 1568: unresolved gen 100000 pcc 0.977 sep_end 1 first_sep 160 tag None (56.6s; 19148s total)
nat above None mN=1.091 I=64 rep 1571: frozen gen 300 pcc 1.000 sep_end 0 first_sep -1 tag None (0.3s; 19149s total)
nat cheap None mN=1.091 I=64 rep 1570: unresolved gen 100000 pcc 0.987 sep_end 1 first_sep 140 tag None (48.6s; 19154s total)
nat above None mN=1.091 I=64 rep 1572: frozen gen 295 pcc 1.000 sep_end 0 first_sep -1 tag None (0.3s; 19154s total)
nat cheap None mN=1.091 I=64 rep 1567: unresolved gen 100000 pcc 0.977 sep_end 1 first_sep 95 tag None (67.6s; 19158s total)
nat above None mN=1.091 I=64 rep 1573: frozen gen 270 pcc 1.000 sep_end 0 first_sep -1 tag None (0.3s; 19159s total)
nat cheap None mN=1.091 I=64 rep 1573: frozen gen 315 pcc 1.000 sep_end 0 first_sep -1 tag None (0.3s; 19159s total)
nat above None mN=1.091 I=64 rep 1574: frozen gen 280 pcc 1.000 sep_end 0 first_sep -1 tag None (0.4s; 19159s total)
nat cheap None mN=1.091 I=64 rep 1572: unresolved gen 100000 pcc 0.986 sep_end 1 first_sep 95 tag None (39.7s; 19194s total)
nat above None mN=1.091 I=64 rep 1575: frozen gen 280 pcc 1.000 sep_end 0 first_sep -1 tag None (0.3s; 19194s total)
nat cheap None mN=1.091 I=64 rep 1575: frozen gen 275 pcc 1.000 sep_end 0 first_sep -1 tag None (0.3s; 19194s total)
nat above None mN=1.091 I=64 rep 1576: frozen gen 275 pcc 1.000 sep_end 0 first_sep -1 tag None (0.3s; 19195s total)
nat cheap None mN=1.091 I=64 rep 1576: frozen gen 345 pcc 1.000 sep_end 0 first_sep -1 tag None (0.4s; 19195s total)
nat above None mN=1.091 I=64 rep 1577: frozen gen 300 pcc 1.000 sep_end 0 first_sep -1 tag None (0.3s; 19195s total)
nat cheap None mN=1.091 I=64 rep 1571: unresolved gen 100000 pcc 0.983 sep_end 1 first_sep 85 tag None (56.3s; 19205s total)
nat above None mN=1.091 I=64 rep 1578: frozen gen 295 pcc 1.000 sep_end 0 first_sep -1 tag None (0.3s; 19205s total)
nat cheap None mN=1.091 I=64 rep 1578: frozen gen 355 pcc 1.000 sep_end 0 first_sep -1 tag None (0.3s; 19206s total)
nat above None mN=1.091 I=64 rep 1579: frozen gen 305 pcc 1.000 sep_end 0 first_sep -1 tag None (0.3s; 19206s total)
nat cheap None mN=1.091 I=64 rep 1574: unresolved gen 100000 pcc 0.969 sep_end 3 first_sep 75 tag None (80.6s; 19240s total)
nat above None mN=1.091 I=64 rep 1580: frozen gen 295 pcc 1.000 sep_end 0 first_sep -1 tag None (0.4s; 19240s total)
nat cheap None mN=1.091 I=64 rep 1577: unresolved gen 100000 pcc 0.979 sep_end 1 first_sep 70 tag None (62.8s; 19258s total)
nat above None mN=1.091 I=64 rep 1581: frozen gen 345 pcc 1.000 sep_end 0 first_sep -1 tag None (0.4s; 19258s total)
nat cheap None mN=1.091 I=64 rep 1579: unresolved gen 100000 pcc 0.985 sep_end 1 first_sep 60 tag None (66.6s; 19273s total)
nat above None mN=1.091 I=64 rep 1582: frozen gen 320 pcc 1.000 sep_end 0 first_sep -1 tag None (0.4s; 19273s total)
nat cheap None mN=1.091 I=64 rep 1580: unresolved gen 100000 pcc 0.977 sep_end 1 first_sep 75 tag None (69.7s; 19310s total)
nat above None mN=1.091 I=64 rep 1583: frozen gen 275 pcc 1.000 sep_end 0 first_sep -1 tag None (0.3s; 19310s total)
nat cheap None mN=1.091 I=64 rep 1583: frozen gen 1425 pcc 1.000 sep_end 0 first_sep 100 tag None (1.8s; 19312s total)
nat above None mN=1.091 I=64 rep 1584: frozen gen 380 pcc 1.000 sep_end 0 first_sep -1 tag None (0.4s; 19313s total)
nat cheap None mN=1.091 I=64 rep 1584: frozen gen 260 pcc 1.000 sep_end 0 first_sep -1 tag None (0.3s; 19313s total)
nat above None mN=1.091 I=64 rep 1585: frozen gen 320 pcc 1.000 sep_end 0 first_sep -1 tag None (0.3s; 19313s total)
nat cheap None mN=1.091 I=64 rep 1581: unresolved gen 100000 pcc 0.983 sep_end 1 first_sep 80 tag None (65.7s; 19324s total)
nat above None mN=1.091 I=64 rep 1586: frozen gen 350 pcc 1.000 sep_end 0 first_sep -1 tag None (0.4s; 19324s total)
nat cheap None mN=1.091 I=64 rep 1582: unresolved gen 100000 pcc 0.982 sep_end 1 first_sep 85 tag None (52.4s; 19325s total)
nat above None mN=1.091 I=64 rep 1587: frozen gen 260 pcc 1.000 sep_end 0 first_sep -1 tag None (0.3s; 19326s total)
nat cheap None mN=1.091 I=64 rep 1587: frozen gen 385 pcc 1.000 sep_end 0 first_sep -1 tag None (0.3s; 19326s total)
nat above None mN=1.091 I=64 rep 1588: frozen gen 300 pcc 1.000 sep_end 0 first_sep -1 tag None (0.3s; 19326s total)
nat cheap None mN=1.091 I=64 rep 1588: unresolved gen 100000 pcc 0.998 sep_end 1 first_sep 115 tag None (10.4s; 19337s total)
nat above None mN=1.091 I=64 rep 1589: frozen gen 235 pcc 1.000 sep_end 0 first_sep -1 tag None (0.3s; 19337s total)
nat cheap None mN=1.091 I=64 rep 1586: unresolved gen 100000 pcc 0.985 sep_end 1 first_sep 75 tag None (34.3s; 19359s total)
nat above None mN=1.091 I=64 rep 1590: frozen gen 300 pcc 1.000 sep_end 0 first_sep -1 tag None (0.3s; 19359s total)
nat cheap None mN=1.091 I=64 rep 1590: frozen gen 1265 pcc 1.000 sep_end 0 first_sep 120 tag None (1.5s; 19361s total)
nat above None mN=1.091 I=64 rep 1591: frozen gen 290 pcc 1.000 sep_end 0 first_sep -1 tag None (0.2s; 19361s total)
nat cheap None mN=1.091 I=64 rep 1591: frozen gen 365 pcc 1.000 sep_end 0 first_sep -1 tag None (0.3s; 19361s total)
nat above None mN=1.091 I=64 rep 1592: frozen gen 270 pcc 1.000 sep_end 0 first_sep -1 tag None (0.5s; 19362s total)
nat cheap None mN=1.091 I=64 rep 1585: unresolved gen 100000 pcc 0.978 sep_end 3 first_sep 95 tag None (69.6s; 19383s total)
nat above None mN=1.091 I=64 rep 1593: frozen gen 2575 pcc 1.000 sep_end 0 first_sep 120 tag None (2.4s; 19385s total)
nat cheap None mN=1.091 I=64 rep 1589: unresolved gen 100000 pcc 0.986 sep_end 1 first_sep 85 tag None (73.3s; 19410s total)
nat above None mN=1.091 I=64 rep 1594: frozen gen 325 pcc 1.000 sep_end 0 first_sep -1 tag None (0.3s; 19411s total)
nat cheap None mN=1.091 I=64 rep 1594: unresolved gen 100000 pcc 0.994 sep_end 1 first_sep 90 tag None (30.7s; 19441s total)
nat above None mN=1.091 I=64 rep 1595: frozen gen 285 pcc 1.000 sep_end 0 first_sep -1 tag None (0.4s; 19442s total)
nat cheap None mN=1.091 I=64 rep 1595: frozen gen 295 pcc 1.000 sep_end 0 first_sep -1 tag None (0.5s; 19442s total)
nat cheap None mN=1.091 I=64 rep 1592: unresolved gen 100000 pcc 0.980 sep_end 3 first_sep 85 tag None (80.7s; 19442s total)
nat above None mN=1.091 I=64 rep 1596: frozen gen 300 pcc 1.000 sep_end 0 first_sep -1 tag None (0.3s; 19443s total)
nat above None mN=1.091 I=64 rep 1597: frozen gen 360 pcc 1.000 sep_end 0 first_sep -1 tag None (0.5s; 19443s total)
nat cheap None mN=1.091 I=64 rep 1597: frozen gen 1610 pcc 1.000 sep_end 0 first_sep 120 tag None (1.9s; 19445s total)
nat above None mN=1.091 I=64 rep 1598: frozen gen 250 pcc 1.000 sep_end 0 first_sep -1 tag None (0.3s; 19445s total)
nat cheap None mN=1.091 I=64 rep 1593: unresolved gen 100000 pcc 0.976 sep_end 3 first_sep 85 tag None (79.0s; 19464s total)
nat above None mN=1.091 I=64 rep 1599: frozen gen 290 pcc 1.000 sep_end 0 first_sep -1 tag None (0.3s; 19465s total)
nat cheap None mN=1.091 I=64 rep 1598: unresolved gen 100000 pcc 0.989 sep_end 1 first_sep 70 tag None (41.9s; 19487s total)
nat above None mN=1.091 I=64 rep 1600: frozen gen 310 pcc 1.000 sep_end 0 first_sep -1 tag None (0.3s; 19487s total)
nat cheap None mN=1.091 I=64 rep 1600: frozen gen 1135 pcc 1.000 sep_end 0 first_sep 85 tag None (1.5s; 19489s total)
nat above None mN=1.091 I=64 rep 1601: frozen gen 245 pcc 1.000 sep_end 0 first_sep -1 tag None (0.4s; 19490s total)
nat cheap None mN=1.091 I=64 rep 1601: frozen gen 1530 pcc 1.000 sep_end 0 first_sep 120 tag None (1.8s; 19491s total)
nat above None mN=1.091 I=64 rep 1602: frozen gen 335 pcc 1.000 sep_end 0 first_sep -1 tag None (0.3s; 19492s total)
nat cheap None mN=1.091 I=64 rep 1596: unresolved gen 100000 pcc 0.982 sep_end 1 first_sep 105 tag None (70.9s; 19513s total)
nat above None mN=1.091 I=64 rep 1603: frozen gen 335 pcc 1.000 sep_end 0 first_sep -1 tag None (0.3s; 19514s total)
nat cheap None mN=1.091 I=64 rep 1603: frozen gen 340 pcc 1.000 sep_end 0 first_sep -1 tag None (0.3s; 19514s total)
nat above None mN=1.091 I=64 rep 1604: frozen gen 390 pcc 1.000 sep_end 0 first_sep -1 tag None (0.4s; 19514s total)
nat cheap None mN=1.091 I=64 rep 1604: frozen gen 385 pcc 1.000 sep_end 0 first_sep -1 tag None (0.5s; 19515s total)
nat above None mN=1.091 I=64 rep 1605: frozen gen 350 pcc 1.000 sep_end 0 first_sep -1 tag None (0.3s; 19515s total)
nat cheap None mN=1.091 I=64 rep 1599: unresolved gen 100000 pcc 0.980 sep_end 3 first_sep 55 tag None (73.6s; 19538s total)
nat above None mN=1.091 I=64 rep 1606: frozen gen 295 pcc 1.000 sep_end 0 first_sep 70 tag None (0.4s; 19539s total)
nat cheap None mN=1.091 I=64 rep 1602: unresolved gen 100000 pcc 0.979 sep_end 3 first_sep 95 tag None (85.4s; 19577s total)
nat above None mN=1.091 I=64 rep 1607: frozen gen 285 pcc 1.000 sep_end 0 first_sep -1 tag None (0.4s; 19577s total)
nat cheap None mN=1.091 I=64 rep 1605: unresolved gen 100000 pcc 0.982 sep_end 1 first_sep 110 tag None (63.2s; 19578s total)
nat above None mN=1.091 I=64 rep 1608: frozen gen 260 pcc 1.000 sep_end 0 first_sep -1 tag None (0.4s; 19579s total)
nat cheap None mN=1.091 I=64 rep 1606: unresolved gen 100000 pcc 0.989 sep_end 1 first_sep 95 tag None (51.5s; 19590s total)
nat above None mN=1.091 I=64 rep 1609: frozen gen 280 pcc 1.000 sep_end 0 first_sep -1 tag None (0.3s; 19590s total)
nat cheap None mN=1.091 I=64 rep 1607: unresolved gen 100000 pcc 0.977 sep_end 1 first_sep 80 tag None (63.6s; 19641s total)
nat above None mN=1.091 I=64 rep 1610: frozen gen 345 pcc 1.000 sep_end 0 first_sep -1 tag None (0.4s; 19641s total)
nat cheap None mN=1.091 I=64 rep 1608: unresolved gen 100000 pcc 0.978 sep_end 1 first_sep 55 tag None (67.3s; 19646s total)
nat above None mN=1.091 I=64 rep 1611: frozen gen 275 pcc 1.000 sep_end 0 first_sep -1 tag None (0.3s; 19646s total)
nat cheap None mN=1.091 I=64 rep 1611: frozen gen 325 pcc 1.000 sep_end 0 first_sep -1 tag None (0.4s; 19647s total)
nat above None mN=1.091 I=64 rep 1612: frozen gen 355 pcc 1.000 sep_end 0 first_sep -1 tag None (0.4s; 19647s total)
nat cheap None mN=1.091 I=64 rep 1609: unresolved gen 100000 pcc 0.975 sep_end 3 first_sep 75 tag None (69.0s; 19659s total)
nat above None mN=1.091 I=64 rep 1613: frozen gen 295 pcc 1.000 sep_end 0 first_sep -1 tag None (0.3s; 19660s total)
nat cheap None mN=1.091 I=64 rep 1610: unresolved gen 100000 pcc 0.981 sep_end 1 first_sep 100 tag None (44.3s; 19686s total)
nat above None mN=1.091 I=64 rep 1614: frozen gen 275 pcc 1.000 sep_end 0 first_sep -1 tag None (0.3s; 19686s total)
nat cheap None mN=1.091 I=64 rep 1614: frozen gen 280 pcc 1.000 sep_end 0 first_sep -1 tag None (0.3s; 19686s total)
nat above None mN=1.091 I=64 rep 1615: frozen gen 995 pcc 1.000 sep_end 0 first_sep 55 tag None (1.2s; 19688s total)
nat cheap None mN=1.091 I=64 rep 1613: unresolved gen 100000 pcc 0.992 sep_end 1 first_sep 85 tag None (41.6s; 19701s total)
nat above None mN=1.091 I=64 rep 1616: frozen gen 335 pcc 1.000 sep_end 0 first_sep -1 tag None (0.3s; 19702s total)
nat cheap None mN=1.091 I=64 rep 1612: unresolved gen 100000 pcc 0.977 sep_end 1 first_sep 90 tag None (71.3s; 19718s total)
nat above None mN=1.091 I=64 rep 1617: frozen gen 350 pcc 1.000 sep_end 0 first_sep -1 tag None (0.3s; 19719s total)
nat cheap None mN=1.091 I=64 rep 1617: frozen gen 335 pcc 1.000 sep_end 0 first_sep -1 tag None (0.4s; 19719s total)
nat above None mN=1.091 I=64 rep 1618: frozen gen 265 pcc 1.000 sep_end 0 first_sep 90 tag None (0.4s; 19720s total)
nat cheap None mN=1.091 I=64 rep 1618: frozen gen 360 pcc 1.000 sep_end 0 first_sep -1 tag None (0.3s; 19720s total)
nat above None mN=1.091 I=64 rep 1619: frozen gen 290 pcc 1.000 sep_end 0 first_sep -1 tag None (0.3s; 19720s total)
nat cheap None mN=1.091 I=64 rep 1619: frozen gen 295 pcc 1.000 sep_end 0 first_sep -1 tag None (0.3s; 19720s total)
nat above None mN=1.091 I=64 rep 1620: frozen gen 275 pcc 1.000 sep_end 0 first_sep -1 tag None (0.4s; 19721s total)
nat cheap None mN=1.091 I=64 rep 1615: unresolved gen 100000 pcc 0.984 sep_end 3 first_sep 65 tag None (36.7s; 19724s total)
nat above None mN=1.091 I=64 rep 1621: frozen gen 300 pcc 1.000 sep_end 0 first_sep -1 tag None (0.3s; 19725s total)
nat cheap None mN=1.091 I=64 rep 1616: unresolved gen 100000 pcc 0.982 sep_end 3 first_sep 70 tag None (62.8s; 19764s total)
nat above None mN=1.091 I=64 rep 1622: frozen gen 295 pcc 1.000 sep_end 0 first_sep -1 tag None (0.3s; 19765s total)
nat cheap None mN=1.091 I=64 rep 1622: frozen gen 700 pcc 1.000 sep_end 0 first_sep 60 tag None (0.9s; 19766s total)
nat above None mN=1.091 I=64 rep 1623: frozen gen 400 pcc 1.000 sep_end 0 first_sep -1 tag None (0.4s; 19766s total)
nat cheap None mN=1.091 I=64 rep 1623: frozen gen 1525 pcc 1.000 sep_end 0 first_sep 85 tag None (1.5s; 19768s total)
nat above None mN=1.091 I=64 rep 1624: frozen gen 445 pcc 1.000 sep_end 0 first_sep -1 tag None (0.4s; 19768s total)
nat cheap None mN=1.091 I=64 rep 1624: frozen gen 1065 pcc 1.000 sep_end 0 first_sep 60 tag None (0.9s; 19769s total)
nat above None mN=1.091 I=64 rep 1625: frozen gen 325 pcc 1.000 sep_end 0 first_sep -1 tag None (0.3s; 19769s total)
nat cheap None mN=1.091 I=64 rep 1625: frozen gen 430 pcc 1.000 sep_end 0 first_sep 100 tag None (0.6s; 19770s total)
nat above None mN=1.091 I=64 rep 1626: frozen gen 215 pcc 1.000 sep_end 0 first_sep -1 tag None (0.2s; 19771s total)
nat cheap None mN=1.091 I=64 rep 1626: frozen gen 1005 pcc 1.000 sep_end 0 first_sep 160 tag None (1.3s; 19771s total)
nat above None mN=1.091 I=64 rep 1627: frozen gen 305 pcc 1.000 sep_end 0 first_sep -1 tag None (0.5s; 19772s total)
nat cheap None mN=1.091 I=64 rep 1627: frozen gen 1825 pcc 1.000 sep_end 0 first_sep 70 tag None (2.1s; 19774s total)
nat above None mN=1.091 I=64 rep 1628: frozen gen 860 pcc 1.000 sep_end 0 first_sep 150 tag None (1.1s; 19775s total)
nat cheap None mN=1.091 I=64 rep 1621: unresolved gen 100000 pcc 0.983 sep_end 1 first_sep 55 tag None (54.6s; 19779s total)
nat cheap None mN=1.091 I=64 rep 1628: unresolved gen 100000 pcc 1.000 sep_end 1 first_sep 80 tag None (6.0s; 19781s total)
nat above None mN=1.091 I=64 rep 1629: frozen gen 3225 pcc 1.000 sep_end 0 first_sep 100 tag None (2.6s; 19782s total)
nat above None mN=1.091 I=64 rep 1630: frozen gen 275 pcc 1.000 sep_end 0 first_sep -1 tag None (0.3s; 19782s total)
nat cheap None mN=1.091 I=64 rep 1620: unresolved gen 100000 pcc 0.979 sep_end 1 first_sep 80 tag None (63.4s; 19784s total)
nat above None mN=1.091 I=64 rep 1631: frozen gen 245 pcc 1.000 sep_end 0 first_sep -1 tag None (0.4s; 19785s total)
nat cheap None mN=1.091 I=64 rep 1630: unresolved gen 100000 pcc 0.988 sep_end 1 first_sep 105 tag None (36.8s; 19819s total)
nat above None mN=1.091 I=64 rep 1632: frozen gen 325 pcc 1.000 sep_end 0 first_sep -1 tag None (0.4s; 19819s total)
nat cheap None mN=1.091 I=64 rep 1631: unresolved gen 100000 pcc 0.988 sep_end 1 first_sep 75 tag None (45.0s; 19830s total)
nat above None mN=1.091 I=64 rep 1633: frozen gen 285 pcc 1.000 sep_end 0 first_sep -1 tag None (0.3s; 19830s total)
nat cheap None mN=1.091 I=64 rep 1629: unresolved gen 100000 pcc 0.979 sep_end 1 first_sep 160 tag None (55.1s; 19836s total)
nat above None mN=1.091 I=64 rep 1634: frozen gen 285 pcc 1.000 sep_end 0 first_sep -1 tag None (0.3s; 19837s total)
nat cheap None mN=1.091 I=64 rep 1634: frozen gen 1975 pcc 1.000 sep_end 0 first_sep 95 tag None (2.2s; 19839s total)
nat above None mN=1.091 I=64 rep 1635: frozen gen 230 pcc 1.000 sep_end 0 first_sep -1 tag None (0.3s; 19839s total)
nat cheap None mN=1.091 I=64 rep 1632: unresolved gen 100000 pcc 0.981 sep_end 1 first_sep 100 tag None (67.6s; 19887s total)
nat above None mN=1.091 I=64 rep 1636: frozen gen 280 pcc 1.000 sep_end 0 first_sep -1 tag None (0.3s; 19887s total)
nat cheap None mN=1.091 I=64 rep 1633: unresolved gen 100000 pcc 0.981 sep_end 1 first_sep 105 tag None (68.4s; 19898s total)
nat above None mN=1.091 I=64 rep 1637: frozen gen 360 pcc 1.000 sep_end 0 first_sep -1 tag None (0.4s; 19899s total)
nat cheap None mN=1.091 I=64 rep 1637: frozen gen 325 pcc 1.000 sep_end 0 first_sep -1 tag None (0.4s; 19899s total)
nat above None mN=1.091 I=64 rep 1638: frozen gen 315 pcc 1.000 sep_end 0 first_sep -1 tag None (0.4s; 19900s total)
nat cheap None mN=1.091 I=64 rep 1635: unresolved gen 100000 pcc 0.979 sep_end 1 first_sep 125 tag None (70.4s; 19909s total)
nat above None mN=1.091 I=64 rep 1639: frozen gen 255 pcc 1.000 sep_end 0 first_sep -1 tag None (0.3s; 19910s total)
nat cheap None mN=1.091 I=64 rep 1639: frozen gen 300 pcc 1.000 sep_end 0 first_sep -1 tag None (0.3s; 19910s total)
nat above None mN=1.091 I=64 rep 1640: frozen gen 275 pcc 1.000 sep_end 0 first_sep -1 tag None (0.3s; 19910s total)
nat cheap None mN=1.091 I=64 rep 1640: frozen gen 330 pcc 1.000 sep_end 0 first_sep -1 tag None (0.3s; 19911s total)
nat above None mN=1.091 I=64 rep 1641: frozen gen 295 pcc 1.000 sep_end 0 first_sep -1 tag None (0.3s; 19911s total)
nat cheap None mN=1.091 I=64 rep 1636: unresolved gen 100000 pcc 0.987 sep_end 1 first_sep 115 tag None (35.3s; 19923s total)
nat above None mN=1.091 I=64 rep 1642: frozen gen 275 pcc 1.000 sep_end 0 first_sep -1 tag None (0.4s; 19923s total)
nat cheap None mN=1.091 I=64 rep 1641: unresolved gen 100000 pcc 0.992 sep_end 1 first_sep 85 tag None (37.5s; 19949s total)
nat above None mN=1.091 I=64 rep 1643: frozen gen 250 pcc 1.000 sep_end 0 first_sep -1 tag None (0.3s; 19949s total)
nat cheap None mN=1.091 I=64 rep 1643: unresolved gen 100000 pcc 0.994 sep_end 1 first_sep 60 tag None (19.6s; 19968s total)
nat above None mN=1.091 I=64 rep 1644: frozen gen 275 pcc 1.000 sep_end 0 first_sep -1 tag None (0.3s; 19969s total)
nat cheap None mN=1.091 I=64 rep 1644: frozen gen 430 pcc 1.000 sep_end 0 first_sep -1 tag None (0.4s; 19969s total)
nat above None mN=1.091 I=64 rep 1645: frozen gen 270 pcc 1.000 sep_end 0 first_sep -1 tag None (0.3s; 19970s total)
nat cheap None mN=1.091 I=64 rep 1638: unresolved gen 100000 pcc 0.976 sep_end 1 first_sep 55 tag None (71.1s; 19971s total)
nat above None mN=1.091 I=64 rep 1646: frozen gen 285 pcc 1.000 sep_end 0 first_sep -1 tag None (0.4s; 19971s total)
nat cheap None mN=1.091 I=64 rep 1645: unresolved gen 100000 pcc 0.997 sep_end 1 first_sep 100 tag None (10.3s; 19980s total)
nat above None mN=1.091 I=64 rep 1647: frozen gen 285 pcc 1.000 sep_end 0 first_sep -1 tag None (0.3s; 19980s total)
nat cheap None mN=1.091 I=64 rep 1647: frozen gen 2075 pcc 1.000 sep_end 0 first_sep 100 tag None (2.5s; 19983s total)
nat above None mN=1.091 I=64 rep 1648: frozen gen 325 pcc 1.000 sep_end 0 first_sep -1 tag None (0.4s; 19983s total)
nat cheap None mN=1.091 I=64 rep 1642: unresolved gen 100000 pcc 0.978 sep_end 3 first_sep 55 tag None (72.2s; 19995s total)
nat above None mN=1.091 I=64 rep 1649: frozen gen 310 pcc 1.000 sep_end 0 first_sep -1 tag None (0.3s; 19996s total)
nat cheap None mN=1.091 I=64 rep 1649: frozen gen 405 pcc 1.000 sep_end 0 first_sep -1 tag None (0.4s; 19996s total)
nat above None mN=1.091 I=64 rep 1650: frozen gen 275 pcc 1.000 sep_end 0 first_sep -1 tag None (0.3s; 19996s total)
nat cheap None mN=1.091 I=64 rep 1650: frozen gen 1340 pcc 1.000 sep_end 0 first_sep 105 tag None (1.7s; 19998s total)
nat above None mN=1.091 I=64 rep 1651: frozen gen 325 pcc 1.000 sep_end 0 first_sep -1 tag None (0.3s; 19999s total)
nat cheap None mN=1.091 I=64 rep 1651: unresolved gen 100000 pcc 0.984 sep_end 1 first_sep 125 tag None (48.6s; 20047s total)
nat above None mN=1.091 I=64 rep 1652: frozen gen 1045 pcc 1.000 sep_end 0 first_sep 130 tag None (0.9s; 20048s total)
nat cheap None mN=1.091 I=64 rep 1646: unresolved gen 100000 pcc 0.976 sep_end 3 first_sep 80 tag None (76.9s; 20048s total)
nat above None mN=1.091 I=64 rep 1653: frozen gen 275 pcc 1.000 sep_end 0 first_sep -1 tag None (0.3s; 20048s total)
nat cheap None mN=1.091 I=64 rep 1653: frozen gen 1895 pcc 1.000 sep_end 0 first_sep 115 tag None (1.9s; 20050s total)
nat above None mN=1.091 I=64 rep 1654: frozen gen 335 pcc 1.000 sep_end 0 first_sep -1 tag None (0.5s; 20051s total)
nat cheap None mN=1.091 I=64 rep 1654: frozen gen 295 pcc 1.000 sep_end 0 first_sep 60 tag None (0.3s; 20051s total)
nat above None mN=1.091 I=64 rep 1655: frozen gen 290 pcc 1.000 sep_end 0 first_sep -1 tag None (0.3s; 20051s total)
nat cheap None mN=1.091 I=64 rep 1655: unresolved gen 100000 pcc 1.000 sep_end 1 first_sep 120 tag None (6.5s; 20058s total)
nat above None mN=1.091 I=64 rep 1656: frozen gen 395 pcc 1.000 sep_end 0 first_sep -1 tag None (0.5s; 20058s total)
nat cheap None mN=1.091 I=64 rep 1648: unresolved gen 100000 pcc 0.973 sep_end 3 first_sep 85 tag None (85.2s; 20068s total)
nat above None mN=1.091 I=64 rep 1657: frozen gen 290 pcc 1.000 sep_end 0 first_sep -1 tag None (0.4s; 20069s total)
nat cheap None mN=1.091 I=64 rep 1652: unresolved gen 100000 pcc 0.993 sep_end 1 first_sep 160 tag None (37.6s; 20086s total)
nat above None mN=1.091 I=64 rep 1658: frozen gen 270 pcc 1.000 sep_end 0 first_sep -1 tag None (0.5s; 20086s total)
nat cheap None mN=1.091 I=64 rep 1657: unresolved gen 100000 pcc 0.982 sep_end 1 first_sep 110 tag None (57.0s; 20126s total)
nat above None mN=1.091 I=64 rep 1659: frozen gen 300 pcc 1.000 sep_end 0 first_sep -1 tag None (0.5s; 20126s total)
nat cheap None mN=1.091 I=64 rep 1656: unresolved gen 100000 pcc 0.980 sep_end 3 first_sep 105 tag None (78.0s; 20136s total)
nat above None mN=1.091 I=64 rep 1660: frozen gen 265 pcc 1.000 sep_end 0 first_sep -1 tag None (0.4s; 20137s total)
nat cheap None mN=1.091 I=64 rep 1660: unresolved gen 100000 pcc 0.995 sep_end 1 first_sep 215 tag None (35.9s; 20173s total)
nat above None mN=1.091 I=64 rep 1661: frozen gen 300 pcc 1.000 sep_end 0 first_sep -1 tag None (0.5s; 20173s total)
nat cheap None mN=1.091 I=64 rep 1661: frozen gen 445 pcc 1.000 sep_end 0 first_sep -1 tag None (0.7s; 20174s total)
nat above None mN=1.091 I=64 rep 1662: frozen gen 280 pcc 1.000 sep_end 0 first_sep -1 tag None (0.7s; 20175s total)
nat cheap None mN=1.091 I=64 rep 1658: unresolved gen 100000 pcc 0.978 sep_end 1 first_sep 95 tag None (97.6s; 20184s total)
nat above None mN=1.091 I=64 rep 1663: frozen gen 290 pcc 1.000 sep_end 0 first_sep -1 tag None (0.5s; 20184s total)
nat cheap None mN=1.091 I=64 rep 1659: unresolved gen 100000 pcc 0.981 sep_end 3 first_sep 80 tag None (68.5s; 20195s total)
nat above None mN=1.091 I=64 rep 1664: frozen gen 325 pcc 1.000 sep_end 0 first_sep -1 tag None (0.5s; 20195s total)
nat cheap None mN=1.091 I=64 rep 1664: unresolved gen 100000 pcc 0.993 sep_end 3 first_sep 110 tag None (56.6s; 20252s total)
nat above None mN=1.091 I=64 rep 1665: frozen gen 230 pcc 1.000 sep_end 0 first_sep -1 tag None (0.4s; 20252s total)
nat cheap None mN=1.091 I=64 rep 1665: unresolved gen 100000 pcc 0.997 sep_end 1 first_sep 95 tag None (18.6s; 20271s total)
nat above None mN=1.091 I=64 rep 1666: frozen gen 265 pcc 1.000 sep_end 0 first_sep -1 tag None (0.4s; 20271s total)
nat cheap None mN=1.091 I=64 rep 1662: unresolved gen 100000 pcc 0.977 sep_end 1 first_sep 85 tag None (98.4s; 20273s total)
nat above None mN=1.091 I=64 rep 1667: frozen gen 325 pcc 1.000 sep_end 0 first_sep -1 tag None (0.5s; 20274s total)
nat cheap None mN=1.091 I=64 rep 1663: unresolved gen 100000 pcc 0.979 sep_end 1 first_sep 95 tag None (103.5s; 20288s total)
nat above None mN=1.091 I=64 rep 1668: frozen gen 335 pcc 1.000 sep_end 0 first_sep -1 tag None (0.3s; 20288s total)
nat cheap None mN=1.091 I=64 rep 1668: frozen gen 2175 pcc 1.000 sep_end 0 first_sep 70 tag None (2.9s; 20291s total)
nat above None mN=1.091 I=64 rep 1669: frozen gen 335 pcc 1.000 sep_end 0 first_sep -1 tag None (0.4s; 20291s total)
nat cheap None mN=1.091 I=64 rep 1669: frozen gen 290 pcc 1.000 sep_end 0 first_sep -1 tag None (0.4s; 20292s total)
nat above None mN=1.091 I=64 rep 1670: frozen gen 275 pcc 1.000 sep_end 0 first_sep -1 tag None (0.3s; 20292s total)
nat cheap None mN=1.091 I=64 rep 1670: frozen gen 275 pcc 1.000 sep_end 0 first_sep -1 tag None (0.3s; 20292s total)
nat above None mN=1.091 I=64 rep 1671: frozen gen 300 pcc 1.000 sep_end 0 first_sep -1 tag None (0.5s; 20293s total)
nat cheap None mN=1.091 I=64 rep 1667: unresolved gen 100000 pcc 0.981 sep_end 1 first_sep 75 tag None (72.3s; 20346s total)
nat above None mN=1.091 I=64 rep 1672: frozen gen 335 pcc 1.000 sep_end 0 first_sep -1 tag None (0.4s; 20346s total)
nat cheap None mN=1.091 I=64 rep 1666: unresolved gen 100000 pcc 0.974 sep_end 1 first_sep 120 tag None (78.1s; 20349s total)
nat above None mN=1.091 I=64 rep 1673: frozen gen 375 pcc 1.000 sep_end 0 first_sep -1 tag None (0.4s; 20350s total)
nat cheap None mN=1.091 I=64 rep 1671: unresolved gen 100000 pcc 0.977 sep_end 1 first_sep 75 tag None (74.4s; 20367s total)
nat above None mN=1.091 I=64 rep 1674: frozen gen 360 pcc 1.000 sep_end 0 first_sep -1 tag None (0.3s; 20368s total)
nat cheap None mN=1.091 I=64 rep 1673: unresolved gen 100000 pcc 0.996 sep_end 1 first_sep 60 tag None (24.6s; 20375s total)
nat above None mN=1.091 I=64 rep 1675: frozen gen 250 pcc 1.000 sep_end 0 first_sep -1 tag None (0.3s; 20375s total)
nat cheap None mN=1.091 I=64 rep 1672: unresolved gen 100000 pcc 0.982 sep_end 1 first_sep 70 tag None (66.9s; 20413s total)
nat above None mN=1.091 I=64 rep 1676: frozen gen 315 pcc 1.000 sep_end 0 first_sep -1 tag None (0.6s; 20415s total)
nat cheap None mN=1.091 I=64 rep 1676: frozen gen 485 pcc 1.000 sep_end 0 first_sep 90 tag None (1.0s; 20415s total)
nat above None mN=1.091 I=64 rep 1677: frozen gen 250 pcc 1.000 sep_end 0 first_sep -1 tag None (0.4s; 20415s total)
nat cheap None mN=1.091 I=64 rep 1674: unresolved gen 100000 pcc 0.981 sep_end 1 first_sep 70 tag None (60.9s; 20429s total)
nat above None mN=1.091 I=64 rep 1678: frozen gen 290 pcc 1.000 sep_end 0 first_sep -1 tag None (0.5s; 20429s total)
nat cheap None mN=1.091 I=64 rep 1675: unresolved gen 100000 pcc 0.992 sep_end 1 first_sep 75 tag None (57.9s; 20433s total)
nat above None mN=1.091 I=64 rep 1679: frozen gen 275 pcc 1.000 sep_end 0 first_sep -1 tag None (0.4s; 20433s total)
nat cheap None mN=1.091 I=64 rep 1679: unresolved gen 100000 pcc 0.990 sep_end 3 first_sep 65 tag None (46.9s; 20480s total)
nat above None mN=1.091 I=64 rep 1680: frozen gen 290 pcc 1.000 sep_end 0 first_sep -1 tag None (0.3s; 20480s total)
nat cheap None mN=1.091 I=64 rep 1678: unresolved gen 100000 pcc 0.991 sep_end 1 first_sep 120 tag None (61.1s; 20490s total)
nat above None mN=1.091 I=64 rep 1681: frozen gen 345 pcc 1.000 sep_end 0 first_sep -1 tag None (0.3s; 20490s total)
nat cheap None mN=1.091 I=64 rep 1677: unresolved gen 100000 pcc 0.975 sep_end 1 first_sep 100 tag None (87.6s; 20503s total)
nat above None mN=1.091 I=64 rep 1682: frozen gen 295 pcc 1.000 sep_end 0 first_sep -1 tag None (0.3s; 20503s total)
nat cheap None mN=1.091 I=64 rep 1682: frozen gen 300 pcc 1.000 sep_end 0 first_sep -1 tag None (0.4s; 20504s total)
nat above None mN=1.091 I=64 rep 1683: frozen gen 290 pcc 1.000 sep_end 0 first_sep -1 tag None (0.3s; 20504s total)
nat cheap None mN=1.091 I=64 rep 1680: unresolved gen 100000 pcc 0.981 sep_end 1 first_sep 85 tag None (74.9s; 20555s total)
nat above None mN=1.091 I=64 rep 1684: frozen gen 380 pcc 1.000 sep_end 0 first_sep -1 tag None (0.9s; 20556s total)
nat cheap None mN=1.091 I=64 rep 1681: unresolved gen 100000 pcc 0.985 sep_end 1 first_sep 130 tag None (77.0s; 20567s total)
nat above None mN=1.091 I=64 rep 1685: frozen gen 320 pcc 1.000 sep_end 0 first_sep -1 tag None (0.5s; 20568s total)
nat cheap None mN=1.091 I=64 rep 1683: unresolved gen 100000 pcc 0.978 sep_end 1 first_sep 70 tag None (79.4s; 20583s total)
nat above None mN=1.091 I=64 rep 1686: frozen gen 320 pcc 1.000 sep_end 0 first_sep -1 tag None (0.5s; 20584s total)
nat cheap None mN=1.091 I=64 rep 1685: unresolved gen 100000 pcc 0.977 sep_end 1 first_sep 95 tag None (98.4s; 20666s total)
nat above None mN=1.091 I=64 rep 1687: frozen gen 270 pcc 1.000 sep_end 0 first_sep -1 tag None (0.4s; 20667s total)
nat cheap None mN=1.091 I=64 rep 1684: unresolved gen 100000 pcc 0.968 sep_end 3 first_sep 85 tag None (117.8s; 20674s total)
nat above None mN=1.091 I=64 rep 1688: frozen gen 345 pcc 1.000 sep_end 0 first_sep -1 tag None (0.5s; 20675s total)
nat cheap None mN=1.091 I=64 rep 1686: unresolved gen 100000 pcc 0.980 sep_end 1 first_sep 95 tag None (103.7s; 20688s total)
nat above None mN=1.091 I=64 rep 1689: frozen gen 375 pcc 1.000 sep_end 0 first_sep -1 tag None (0.5s; 20688s total)
nat cheap None mN=1.091 I=64 rep 1689: frozen gen 1065 pcc 1.000 sep_end 0 first_sep 110 tag None (2.4s; 20691s total)
nat above None mN=1.091 I=64 rep 1690: frozen gen 395 pcc 1.000 sep_end 0 first_sep -1 tag None (0.8s; 20691s total)
nat cheap None mN=1.091 I=64 rep 1690: unresolved gen 100000 pcc 0.995 sep_end 1 first_sep 210 tag None (24.0s; 20715s total)
nat above None mN=1.091 I=64 rep 1691: frozen gen 325 pcc 1.000 sep_end 0 first_sep -1 tag None (0.4s; 20716s total)
nat cheap None mN=1.091 I=64 rep 1691: frozen gen 1520 pcc 1.000 sep_end 0 first_sep 75 tag None (2.0s; 20718s total)
nat above None mN=1.091 I=64 rep 1692: frozen gen 295 pcc 1.000 sep_end 0 first_sep -1 tag None (0.3s; 20718s total)
nat cheap None mN=1.091 I=64 rep 1688: unresolved gen 100000 pcc 0.984 sep_end 1 first_sep 85 tag None (70.4s; 20745s total)
nat above None mN=1.091 I=64 rep 1693: frozen gen 360 pcc 1.000 sep_end 0 first_sep -1 tag None (0.3s; 20745s total)
nat cheap None mN=1.091 I=64 rep 1693: frozen gen 340 pcc 1.000 sep_end 0 first_sep -1 tag None (0.5s; 20746s total)
nat above None mN=1.091 I=64 rep 1694: frozen gen 365 pcc 1.000 sep_end 0 first_sep -1 tag None (0.3s; 20746s total)
nat cheap None mN=1.091 I=64 rep 1694: frozen gen 290 pcc 1.000 sep_end 0 first_sep -1 tag None (0.3s; 20747s total)
nat above None mN=1.091 I=64 rep 1695: frozen gen 300 pcc 1.000 sep_end 0 first_sep -1 tag None (0.4s; 20747s total)
nat cheap None mN=1.091 I=64 rep 1695: frozen gen 335 pcc 1.000 sep_end 0 first_sep -1 tag None (0.3s; 20747s total)
nat above None mN=1.091 I=64 rep 1696: frozen gen 330 pcc 1.000 sep_end 0 first_sep -1 tag None (0.4s; 20748s total)
nat cheap None mN=1.091 I=64 rep 1687: unresolved gen 100000 pcc 0.973 sep_end 1 first_sep 85 tag None (84.4s; 20751s total)
nat above None mN=1.091 I=64 rep 1697: frozen gen 290 pcc 1.000 sep_end 0 first_sep -1 tag None (0.3s; 20751s total)
nat cheap None mN=1.091 I=64 rep 1697: frozen gen 2725 pcc 1.000 sep_end 0 first_sep 105 tag None (3.5s; 20755s total)
nat above None mN=1.091 I=64 rep 1698: frozen gen 445 pcc 1.000 sep_end 0 first_sep -1 tag None (0.5s; 20756s total)
nat cheap None mN=1.091 I=64 rep 1692: unresolved gen 100000 pcc 0.979 sep_end 3 first_sep 85 tag None (78.3s; 20796s total)
nat above None mN=1.091 I=64 rep 1699: frozen gen 270 pcc 1.000 sep_end 0 first_sep -1 tag None (0.3s; 20797s total)
nat cheap None mN=1.091 I=64 rep 1699: unresolved gen 100000 pcc 0.999 sep_end 1 first_sep 95 tag None (8.0s; 20805s total)
nat above None mN=1.091 I=64 rep 1700: frozen gen 315 pcc 1.000 sep_end 0 first_sep -1 tag None (0.3s; 20805s total)
nat cheap None mN=1.091 I=64 rep 1700: frozen gen 1685 pcc 1.000 sep_end 0 first_sep 85 tag None (1.7s; 20807s total)
nat above None mN=1.091 I=64 rep 1701: frozen gen 245 pcc 1.000 sep_end 0 first_sep -1 tag None (0.3s; 20808s total)
nat cheap None mN=1.091 I=64 rep 1701: frozen gen 270 pcc 1.000 sep_end 0 first_sep -1 tag None (0.3s; 20808s total)
nat above None mN=1.091 I=64 rep 1702: frozen gen 240 pcc 1.000 sep_end 0 first_sep -1 tag None (0.3s; 20808s total)
nat cheap None mN=1.091 I=64 rep 1702: unresolved gen 100000 pcc 0.999 sep_end 1 first_sep 115 tag None (7.9s; 20816s total)
nat above None mN=1.091 I=64 rep 1703: frozen gen 290 pcc 1.000 sep_end 0 first_sep 90 tag None (0.4s; 20816s total)
nat cheap None mN=1.091 I=64 rep 1696: unresolved gen 100000 pcc 0.978 sep_end 1 first_sep 70 tag None (73.2s; 20821s total)
nat above None mN=1.091 I=64 rep 1704: frozen gen 265 pcc 1.000 sep_end 0 first_sep -1 tag None (0.4s; 20821s total)
nat cheap None mN=1.091 I=64 rep 1698: unresolved gen 100000 pcc 0.967 sep_end 3 first_sep 80 tag None (85.3s; 20841s total)
nat above None mN=1.091 I=64 rep 1705: frozen gen 325 pcc 1.000 sep_end 0 first_sep 135 tag None (0.5s; 20841s total)
nat cheap None mN=1.091 I=64 rep 1705: frozen gen 1195 pcc 1.000 sep_end 0 first_sep 95 tag None (1.5s; 20843s total)
nat above None mN=1.091 I=64 rep 1706: frozen gen 310 pcc 1.000 sep_end 0 first_sep -1 tag None (0.4s; 20843s total)
nat cheap None mN=1.091 I=64 rep 1703: unresolved gen 100000 pcc 0.990 sep_end 3 first_sep 50 tag None (33.3s; 20849s total)
nat above None mN=1.091 I=64 rep 1707: frozen gen 300 pcc 1.000 sep_end 0 first_sep -1 tag None (0.4s; 20850s total)
nat cheap None mN=1.091 I=64 rep 1704: unresolved gen 100000 pcc 0.980 sep_end 1 first_sep 90 tag None (71.9s; 20893s total)
nat above None mN=1.091 I=64 rep 1708: frozen gen 265 pcc 1.000 sep_end 0 first_sep -1 tag None (0.3s; 20894s total)
nat cheap None mN=1.091 I=64 rep 1708: frozen gen 1040 pcc 1.000 sep_end 0 first_sep 95 tag None (1.2s; 20895s total)
nat above None mN=1.091 I=64 rep 1709: frozen gen 250 pcc 1.000 sep_end 0 first_sep -1 tag None (0.3s; 20895s total)
nat cheap None mN=1.091 I=64 rep 1706: unresolved gen 100000 pcc 0.987 sep_end 3 first_sep 120 tag None (69.6s; 20913s total)
nat above None mN=1.091 I=64 rep 1710: frozen gen 310 pcc 1.000 sep_end 0 first_sep -1 tag None (0.4s; 20913s total)
nat cheap None mN=1.091 I=64 rep 1710: frozen gen 1760 pcc 1.000 sep_end 0 first_sep 120 tag None (2.2s; 20915s total)
nat above None mN=1.091 I=64 rep 1711: frozen gen 270 pcc 1.000 sep_end 0 first_sep -1 tag None (0.4s; 20916s total)
nat cheap None mN=1.091 I=64 rep 1707: unresolved gen 100000 pcc 0.981 sep_end 3 first_sep 90 tag None (75.9s; 20926s total)
nat above None mN=1.091 I=64 rep 1712: frozen gen 235 pcc 1.000 sep_end 0 first_sep -1 tag None (0.4s; 20926s total)
nat cheap None mN=1.091 I=64 rep 1712: frozen gen 340 pcc 1.000 sep_end 0 first_sep -1 tag None (0.4s; 20926s total)
nat above None mN=1.091 I=64 rep 1713: frozen gen 260 pcc 1.000 sep_end 0 first_sep -1 tag None (0.3s; 20927s total)
nat cheap None mN=1.091 I=64 rep 1713: frozen gen 315 pcc 1.000 sep_end 0 first_sep -1 tag None (0.3s; 20928s total)
nat above None mN=1.091 I=64 rep 1714: frozen gen 305 pcc 1.000 sep_end 0 first_sep -1 tag None (0.3s; 20928s total)
nat cheap None mN=1.091 I=64 rep 1709: unresolved gen 100000 pcc 0.983 sep_end 1 first_sep 70 tag None (59.2s; 20954s total)
nat above None mN=1.091 I=64 rep 1715: frozen gen 330 pcc 1.000 sep_end 0 first_sep -1 tag None (0.3s; 20955s total)
nat cheap None mN=1.091 I=64 rep 1711: unresolved gen 100000 pcc 0.976 sep_end 1 first_sep 70 tag None (74.4s; 20990s total)
nat above None mN=1.091 I=64 rep 1716: frozen gen 305 pcc 1.000 sep_end 0 first_sep -1 tag None (0.3s; 20991s total)
nat cheap None mN=1.091 I=64 rep 1714: unresolved gen 100000 pcc 0.982 sep_end 3 first_sep 90 tag None (77.1s; 21004s total)
nat above None mN=1.091 I=64 rep 1717: frozen gen 305 pcc 1.000 sep_end 0 first_sep -1 tag None (0.4s; 21005s total)
nat cheap None mN=1.091 I=64 rep 1715: unresolved gen 100000 pcc 0.977 sep_end 1 first_sep 55 tag None (73.8s; 21028s total)
nat above None mN=1.091 I=64 rep 1718: frozen gen 310 pcc 1.000 sep_end 0 first_sep -1 tag None (0.4s; 21029s total)
nat cheap None mN=1.091 I=64 rep 1717: unresolved gen 100000 pcc 0.987 sep_end 1 first_sep 80 tag None (44.6s; 21049s total)
nat above None mN=1.091 I=64 rep 1719: frozen gen 260 pcc 1.000 sep_end 0 first_sep -1 tag None (0.2s; 21050s total)
nat cheap None mN=1.091 I=64 rep 1716: unresolved gen 100000 pcc 0.989 sep_end 1 first_sep 90 tag None (71.5s; 21062s total)
nat above None mN=1.091 I=64 rep 1720: frozen gen 325 pcc 1.000 sep_end 0 first_sep -1 tag None (0.4s; 21062s total)
nat cheap None mN=1.091 I=64 rep 1719: unresolved gen 100000 pcc 0.996 sep_end 1 first_sep 70 tag None (24.7s; 21074s total)
nat above None mN=1.091 I=64 rep 1721: frozen gen 270 pcc 1.000 sep_end 0 first_sep -1 tag None (0.3s; 21075s total)
nat cheap None mN=1.091 I=64 rep 1720: unresolved gen 100000 pcc 0.991 sep_end 1 first_sep 80 tag None (31.5s; 21094s total)
nat above None mN=1.091 I=64 rep 1722: frozen gen 345 pcc 1.000 sep_end 0 first_sep -1 tag None (0.3s; 21094s total)
nat cheap None mN=1.091 I=64 rep 1722: frozen gen 335 pcc 1.000 sep_end 0 first_sep -1 tag None (0.3s; 21095s total)
nat above None mN=1.091 I=64 rep 1723: frozen gen 335 pcc 1.000 sep_end 0 first_sep -1 tag None (0.3s; 21095s total)
nat cheap None mN=1.091 I=64 rep 1718: unresolved gen 100000 pcc 0.979 sep_end 1 first_sep 110 tag None (66.0s; 21095s total)
nat above None mN=1.091 I=64 rep 1724: frozen gen 290 pcc 1.000 sep_end 0 first_sep -1 tag None (0.3s; 21095s total)
nat cheap None mN=1.091 I=64 rep 1723: unresolved gen 100000 pcc 0.998 sep_end 1 first_sep 160 tag None (5.9s; 21101s total)
nat above None mN=1.091 I=64 rep 1725: frozen gen 315 pcc 1.000 sep_end 0 first_sep -1 tag None (0.4s; 21101s total)
nat cheap None mN=1.091 I=64 rep 1725: frozen gen 320 pcc 1.000 sep_end 0 first_sep -1 tag None (0.3s; 21101s total)
nat above None mN=1.091 I=64 rep 1726: frozen gen 265 pcc 1.000 sep_end 0 first_sep -1 tag None (0.3s; 21103s total)
nat cheap None mN=1.091 I=64 rep 1726: frozen gen 270 pcc 1.000 sep_end 0 first_sep -1 tag None (0.4s; 21103s total)
nat above None mN=1.091 I=64 rep 1727: frozen gen 245 pcc 1.000 sep_end 0 first_sep -1 tag None (0.3s; 21103s total)
nat cheap None mN=1.091 I=64 rep 1727: frozen gen 310 pcc 1.000 sep_end 0 first_sep -1 tag None (0.4s; 21103s total)
nat above None mN=1.091 I=64 rep 1728: frozen gen 455 pcc 1.000 sep_end 0 first_sep -1 tag None (0.5s; 21103s total)
nat cheap None mN=1.091 I=64 rep 1728: frozen gen 1290 pcc 1.000 sep_end 0 first_sep 130 tag None (2.6s; 21106s total)
nat above None mN=1.091 I=64 rep 1729: frozen gen 365 pcc 1.000 sep_end 0 first_sep -1 tag None (0.9s; 21107s total)
nat cheap None mN=1.091 I=64 rep 1729: frozen gen 355 pcc 1.000 sep_end 0 first_sep -1 tag None (0.8s; 21108s total)
nat above None mN=1.091 I=64 rep 1730: frozen gen 275 pcc 1.000 sep_end 0 first_sep -1 tag None (0.7s; 21108s total)
nat cheap None mN=1.091 I=64 rep 1721: unresolved gen 100000 pcc 0.980 sep_end 1 first_sep 95 tag None (120.2s; 21195s total)
nat above None mN=1.091 I=64 rep 1731: frozen gen 385 pcc 1.000 sep_end 0 first_sep -1 tag None (1.0s; 21196s total)
nat cheap None mN=1.091 I=64 rep 1730: unresolved gen 100000 pcc 0.984 sep_end 1 first_sep 70 tag None (127.7s; 21236s total)
nat above None mN=1.091 I=64 rep 1732: frozen gen 310 pcc 1.000 sep_end 0 first_sep -1 tag None (0.8s; 21237s total)
nat cheap None mN=1.091 I=64 rep 1731: unresolved gen 100000 pcc 0.994 sep_end 1 first_sep 90 tag None (63.9s; 21260s total)
nat above None mN=1.091 I=64 rep 1733: frozen gen 340 pcc 1.000 sep_end 0 first_sep 90 tag None (0.9s; 21261s total)
nat cheap None mN=1.091 I=64 rep 1724: unresolved gen 100000 pcc 0.984 sep_end 1 first_sep 125 tag None (175.6s; 21271s total)
nat above None mN=1.091 I=64 rep 1734: frozen gen 310 pcc 1.000 sep_end 0 first_sep -1 tag None (1.1s; 21272s total)
nat cheap None mN=1.091 I=64 rep 1732: unresolved gen 100000 pcc 0.981 sep_end 1 first_sep 115 tag None (185.8s; 21423s total)
nat above None mN=1.091 I=64 rep 1735: frozen gen 290 pcc 1.000 sep_end 0 first_sep -1 tag None (0.7s; 21424s total)
nat cheap None mN=1.091 I=64 rep 1733: unresolved gen 100000 pcc 0.985 sep_end 1 first_sep 90 tag None (188.9s; 21449s total)
nat above None mN=1.091 I=64 rep 1736: frozen gen 375 pcc 1.000 sep_end 0 first_sep -1 tag None (0.9s; 21450s total)
nat cheap None mN=1.091 I=64 rep 1736: frozen gen 310 pcc 1.000 sep_end 0 first_sep -1 tag None (0.8s; 21451s total)
nat above None mN=1.091 I=64 rep 1737: frozen gen 320 pcc 1.000 sep_end 0 first_sep -1 tag None (0.7s; 21452s total)
nat cheap None mN=1.091 I=64 rep 1734: unresolved gen 100000 pcc 0.977 sep_end 1 first_sep 70 tag None (201.2s; 21473s total)
nat above None mN=1.091 I=64 rep 1738: frozen gen 275 pcc 1.000 sep_end 0 first_sep -1 tag None (0.8s; 21474s total)
nat cheap None mN=1.091 I=64 rep 1737: unresolved gen 100000 pcc 0.991 sep_end 1 first_sep 100 tag None (78.1s; 21530s total)
nat above None mN=1.091 I=64 rep 1739: frozen gen 325 pcc 1.000 sep_end 0 first_sep -1 tag None (1.0s; 21531s total)
nat cheap None mN=1.091 I=64 rep 1735: unresolved gen 100000 pcc 0.981 sep_end 1 first_sep 70 tag None (138.4s; 21562s total)
nat above None mN=1.091 I=64 rep 1740: frozen gen 275 pcc 1.000 sep_end 0 first_sep -1 tag None (0.6s; 21563s total)
nat cheap None mN=1.091 I=64 rep 1738: unresolved gen 100000 pcc 0.978 sep_end 3 first_sep 50 tag None (200.8s; 21675s total)
nat above None mN=1.091 I=64 rep 1741: frozen gen 315 pcc 1.000 sep_end 0 first_sep -1 tag None (1.4s; 21676s total)
nat cheap None mN=1.091 I=64 rep 1741: frozen gen 285 pcc 1.000 sep_end 0 first_sep -1 tag None (0.9s; 21677s total)
nat above None mN=1.091 I=64 rep 1742: frozen gen 340 pcc 1.000 sep_end 0 first_sep -1 tag None (1.0s; 21678s total)
nat cheap None mN=1.091 I=64 rep 1740: unresolved gen 100000 pcc 0.987 sep_end 3 first_sep 70 tag None (117.1s; 21680s total)
nat above None mN=1.091 I=64 rep 1743: frozen gen 280 pcc 1.000 sep_end 0 first_sep -1 tag None (0.8s; 21681s total)
nat cheap None mN=1.091 I=64 rep 1743: unresolved gen 100000 pcc 0.996 sep_end 1 first_sep 60 tag None (42.9s; 21724s total)
nat cheap None mN=1.091 I=64 rep 1739: unresolved gen 100000 pcc 0.978 sep_end 1 first_sep 75 tag None (193.3s; 21724s total)
nat above None mN=1.091 I=64 rep 1744: frozen gen 305 pcc 1.000 sep_end 0 first_sep -1 tag None (1.1s; 21725s total)
nat above None mN=1.091 I=64 rep 1745: frozen gen 330 pcc 1.000 sep_end 0 first_sep -1 tag None (0.8s; 21725s total)
nat cheap None mN=1.091 I=64 rep 1742: unresolved gen 100000 pcc 0.975 sep_end 1 first_sep 80 tag None (114.3s; 21793s total)
nat above None mN=1.091 I=64 rep 1746: frozen gen 355 pcc 1.000 sep_end 0 first_sep -1 tag None (0.4s; 21793s total)
nat cheap None mN=1.091 I=64 rep 1744: unresolved gen 100000 pcc 0.983 sep_end 1 first_sep 85 tag None (75.5s; 21800s total)
nat above None mN=1.091 I=64 rep 1747: frozen gen 320 pcc 1.000 sep_end 0 first_sep -1 tag None (0.3s; 21800s total)
nat cheap None mN=1.091 I=64 rep 1745: unresolved gen 100000 pcc 0.979 sep_end 3 first_sep 90 tag None (89.8s; 21815s total)
nat above None mN=1.091 I=64 rep 1748: frozen gen 280 pcc 1.000 sep_end 0 first_sep -1 tag None (0.3s; 21815s total)
nat cheap None mN=1.091 I=64 rep 1746: unresolved gen 100000 pcc 0.982 sep_end 1 first_sep 75 tag None (51.4s; 21844s total)
nat above None mN=1.091 I=64 rep 1749: frozen gen 710 pcc 1.000 sep_end 0 first_sep -1 tag None (0.5s; 21845s total)
nat cheap None mN=1.091 I=64 rep 1749: frozen gen 1360 pcc 1.000 sep_end 0 first_sep 105 tag None (1.8s; 21847s total)
nat above None mN=1.091 I=64 rep 1750: frozen gen 360 pcc 1.000 sep_end 0 first_sep -1 tag None (0.4s; 21847s total)
nat cheap None mN=1.091 I=64 rep 1750: frozen gen 2800 pcc 1.000 sep_end 0 first_sep 75 tag None (3.1s; 21850s total)
nat above None mN=1.091 I=64 rep 1751: frozen gen 265 pcc 1.000 sep_end 0 first_sep -1 tag None (0.3s; 21852s total)
nat cheap None mN=1.091 I=64 rep 1748: unresolved gen 100000 pcc 0.988 sep_end 1 first_sep 140 tag None (50.4s; 21866s total)
nat cheap None mN=1.091 I=64 rep 1747: unresolved gen 100000 pcc 0.973 sep_end 1 first_sep 105 tag None (65.7s; 21866s total)
nat above None mN=1.091 I=64 rep 1752: frozen gen 225 pcc 1.000 sep_end 0 first_sep -1 tag None (0.2s; 21866s total)
nat above None mN=1.091 I=64 rep 1753: frozen gen 345 pcc 1.000 sep_end 0 first_sep -1 tag None (0.4s; 21867s total)
nat cheap None mN=1.091 I=64 rep 1753: frozen gen 1080 pcc 1.000 sep_end 0 first_sep 120 tag None (1.3s; 21868s total)
nat above None mN=1.091 I=64 rep 1754: frozen gen 230 pcc 1.000 sep_end 0 first_sep -1 tag None (0.3s; 21868s total)
nat cheap None mN=1.091 I=64 rep 1754: unresolved gen 100000 pcc 0.996 sep_end 1 first_sep 120 tag None (24.5s; 21893s total)
nat above None mN=1.091 I=64 rep 1755: frozen gen 1105 pcc 1.000 sep_end 0 first_sep 140 tag None (1.3s; 21894s total)
nat cheap None mN=1.091 I=64 rep 1752: unresolved gen 100000 pcc 0.994 sep_end 1 first_sep 90 tag None (34.5s; 21900s total)
nat above None mN=1.091 I=64 rep 1756: frozen gen 310 pcc 1.000 sep_end 0 first_sep -1 tag None (0.3s; 21901s total)
nat cheap None mN=1.091 I=64 rep 1751: unresolved gen 100000 pcc 0.978 sep_end 1 first_sep 60 tag None (67.3s; 21918s total)
nat above None mN=1.091 I=64 rep 1757: frozen gen 435 pcc 1.000 sep_end 0 first_sep -1 tag None (0.5s; 21918s total)
nat cheap None mN=1.091 I=64 rep 1757: frozen gen 290 pcc 1.000 sep_end 0 first_sep -1 tag None (0.3s; 21919s total)
nat above None mN=1.091 I=64 rep 1758: frozen gen 260 pcc 1.000 sep_end 0 first_sep -1 tag None (0.2s; 21919s total)
nat cheap None mN=1.091 I=64 rep 1756: unresolved gen 100000 pcc 0.980 sep_end 1 first_sep 110 tag None (65.4s; 21966s total)
nat above None mN=1.091 I=64 rep 1759: frozen gen 285 pcc 1.000 sep_end 0 first_sep -1 tag None (0.3s; 21966s total)
nat cheap None mN=1.091 I=64 rep 1755: unresolved gen 100000 pcc 0.974 sep_end 3 first_sep 85 tag None (76.4s; 21970s total)
nat above None mN=1.091 I=64 rep 1760: frozen gen 345 pcc 1.000 sep_end 0 first_sep -1 tag None (0.3s; 21971s total)
nat cheap None mN=1.091 I=64 rep 1758: unresolved gen 100000 pcc 0.973 sep_end 1 first_sep 80 tag None (63.4s; 21982s total)
nat above None mN=1.091 I=64 rep 1761: frozen gen 335 pcc 1.000 sep_end 0 first_sep -1 tag None (0.3s; 21983s total)
nat cheap None mN=1.091 I=64 rep 1761: frozen gen 1370 pcc 1.000 sep_end 0 first_sep 80 tag None (1.5s; 21984s total)
nat above None mN=1.091 I=64 rep 1762: frozen gen 395 pcc 1.000 sep_end 0 first_sep -1 tag None (0.4s; 21985s total)
nat cheap None mN=1.091 I=64 rep 1759: unresolved gen 100000 pcc 0.979 sep_end 1 first_sep 75 tag None (64.7s; 22031s total)
nat above None mN=1.091 I=64 rep 1763: frozen gen 250 pcc 1.000 sep_end 0 first_sep -1 tag None (0.3s; 22031s total)
nat cheap None mN=1.091 I=64 rep 1762: unresolved gen 100000 pcc 0.984 sep_end 3 first_sep 90 tag None (47.5s; 22032s total)
nat above None mN=1.091 I=64 rep 1764: frozen gen 325 pcc 1.000 sep_end 0 first_sep -1 tag None (0.4s; 22032s total)
nat cheap None mN=1.091 I=64 rep 1763: unresolved gen 100000 pcc 0.998 sep_end 1 first_sep 90 tag None (6.4s; 22038s total)
nat above None mN=1.091 I=64 rep 1765: frozen gen 280 pcc 1.000 sep_end 0 first_sep -1 tag None (0.2s; 22038s total)
nat cheap None mN=1.091 I=64 rep 1765: frozen gen 980 pcc 1.000 sep_end 0 first_sep 110 tag None (1.2s; 22039s total)
nat above None mN=1.091 I=64 rep 1766: frozen gen 325 pcc 1.000 sep_end 0 first_sep -1 tag None (0.3s; 22040s total)
nat cheap None mN=1.091 I=64 rep 1760: unresolved gen 100000 pcc 0.971 sep_end 3 first_sep 95 tag None (72.0s; 22043s total)
nat above None mN=1.091 I=64 rep 1767: frozen gen 340 pcc 1.000 sep_end 0 first_sep -1 tag None (0.3s; 22043s total)
nat cheap None mN=1.091 I=64 rep 1767: frozen gen 1035 pcc 1.000 sep_end 0 first_sep 95 tag None (1.2s; 22044s total)
nat above None mN=1.091 I=64 rep 1768: frozen gen 275 pcc 1.000 sep_end 0 first_sep -1 tag None (0.3s; 22045s total)
nat cheap None mN=1.091 I=64 rep 1764: unresolved gen 100000 pcc 0.998 sep_end 1 first_sep 175 tag None (13.5s; 22046s total)
nat above None mN=1.091 I=64 rep 1769: frozen gen 340 pcc 1.000 sep_end 0 first_sep -1 tag None (0.3s; 22046s total)
nat cheap None mN=1.091 I=64 rep 1768: unresolved gen 100000 pcc 0.989 sep_end 1 first_sep 85 tag None (52.4s; 22097s total)
nat above None mN=1.091 I=64 rep 1770: frozen gen 480 pcc 1.000 sep_end 0 first_sep -1 tag None (0.6s; 22098s total)
nat cheap None mN=1.091 I=64 rep 1770: frozen gen 335 pcc 1.000 sep_end 0 first_sep -1 tag None (0.3s; 22098s total)
nat above None mN=1.091 I=64 rep 1771: frozen gen 290 pcc 1.000 sep_end 0 first_sep -1 tag None (0.3s; 22098s total)
nat cheap None mN=1.091 I=64 rep 1769: unresolved gen 100000 pcc 0.980 sep_end 3 first_sep 120 tag None (56.2s; 22102s total)
nat above None mN=1.091 I=64 rep 1772: frozen gen 835 pcc 1.000 sep_end 0 first_sep -1 tag None (0.7s; 22103s total)
nat cheap None mN=1.091 I=64 rep 1766: unresolved gen 100000 pcc 0.976 sep_end 3 first_sep 60 tag None (73.7s; 22113s total)
nat above None mN=1.091 I=64 rep 1773: frozen gen 320 pcc 1.000 sep_end 0 first_sep -1 tag None (0.4s; 22114s total)
nat cheap None mN=1.091 I=64 rep 1771: unresolved gen 100000 pcc 0.992 sep_end 1 first_sep 105 tag None (29.9s; 22128s total)
nat above None mN=1.091 I=64 rep 1774: frozen gen 310 pcc 1.000 sep_end 0 first_sep -1 tag None (0.3s; 22128s total)
nat cheap None mN=1.091 I=64 rep 1773: unresolved gen 100000 pcc 0.990 sep_end 1 first_sep 110 tag None (34.3s; 22148s total)
nat above None mN=1.091 I=64 rep 1775: frozen gen 350 pcc 1.000 sep_end 0 first_sep -1 tag None (0.2s; 22148s total)
nat cheap None mN=1.091 I=64 rep 1775: unresolved gen 100000 pcc 0.996 sep_end 1 first_sep 175 tag None (9.6s; 22158s total)
nat above None mN=1.091 I=64 rep 1776: frozen gen 270 pcc 1.000 sep_end 0 first_sep -1 tag None (0.4s; 22159s total)
nat cheap None mN=1.091 I=64 rep 1772: unresolved gen 100000 pcc 0.980 sep_end 3 first_sep 90 tag None (65.8s; 22169s total)
nat above None mN=1.091 I=64 rep 1777: frozen gen 295 pcc 1.000 sep_end 0 first_sep -1 tag None (0.3s; 22169s total)
nat cheap None mN=1.091 I=64 rep 1774: unresolved gen 100000 pcc 0.974 sep_end 3 first_sep 85 tag None (71.6s; 22200s total)
nat above None mN=1.091 I=64 rep 1778: frozen gen 465 pcc 1.000 sep_end 0 first_sep -1 tag None (0.4s; 22200s total)
nat cheap None mN=1.091 I=64 rep 1776: unresolved gen 100000 pcc 0.984 sep_end 1 first_sep 95 tag None (57.5s; 22216s total)
nat above None mN=1.091 I=64 rep 1779: frozen gen 340 pcc 1.000 sep_end 0 first_sep -1 tag None (0.5s; 22216s total)
nat cheap None mN=1.091 I=64 rep 1779: frozen gen 1155 pcc 1.000 sep_end 0 first_sep 55 tag None (1.3s; 22217s total)
nat above None mN=1.091 I=64 rep 1780: frozen gen 305 pcc 1.000 sep_end 0 first_sep -1 tag None (0.3s; 22218s total)
nat cheap None mN=1.091 I=64 rep 1780: frozen gen 2900 pcc 1.000 sep_end 0 first_sep 95 tag None (2.0s; 22220s total)
nat above None mN=1.091 I=64 rep 1781: frozen gen 295 pcc 1.000 sep_end 0 first_sep -1 tag None (0.3s; 22220s total)
nat cheap None mN=1.091 I=64 rep 1777: unresolved gen 100000 pcc 0.977 sep_end 1 first_sep 55 tag None (66.3s; 22236s total)
nat above None mN=1.091 I=64 rep 1782: frozen gen 325 pcc 1.000 sep_end 0 first_sep -1 tag None (0.3s; 22236s total)
nat cheap None mN=1.091 I=64 rep 1782: frozen gen 325 pcc 1.000 sep_end 0 first_sep -1 tag None (0.3s; 22236s total)
nat above None mN=1.091 I=64 rep 1783: frozen gen 285 pcc 1.000 sep_end 0 first_sep -1 tag None (0.2s; 22236s total)
nat cheap None mN=1.091 I=64 rep 1778: unresolved gen 100000 pcc 0.977 sep_end 1 first_sep 85 tag None (67.7s; 22268s total)
nat above None mN=1.091 I=64 rep 1784: frozen gen 305 pcc 1.000 sep_end 0 first_sep -1 tag None (0.3s; 22268s total)
nat cheap None mN=1.091 I=64 rep 1784: unresolved gen 100000 pcc 0.998 sep_end 1 first_sep 85 tag None (5.8s; 22274s total)
nat above None mN=1.091 I=64 rep 1785: frozen gen 290 pcc 1.000 sep_end 0 first_sep 75 tag None (0.3s; 22275s total)
nat cheap None mN=1.091 I=64 rep 1781: unresolved gen 100000 pcc 0.981 sep_end 1 first_sep 70 tag None (63.7s; 22284s total)
nat above None mN=1.091 I=64 rep 1786: frozen gen 490 pcc 1.000 sep_end 0 first_sep -1 tag None (0.3s; 22284s total)
nat cheap None mN=1.091 I=64 rep 1783: unresolved gen 100000 pcc 0.981 sep_end 3 first_sep 70 tag None (77.8s; 22314s total)
nat above None mN=1.091 I=64 rep 1787: frozen gen 340 pcc 1.000 sep_end 0 first_sep -1 tag None (0.4s; 22315s total)
nat cheap None mN=1.091 I=64 rep 1785: unresolved gen 100000 pcc 0.971 sep_end 3 first_sep 80 tag None (79.5s; 22354s total)
nat above None mN=1.091 I=64 rep 1788: frozen gen 305 pcc 1.000 sep_end 0 first_sep -1 tag None (0.3s; 22354s total)
nat cheap None mN=1.091 I=64 rep 1788: frozen gen 350 pcc 1.000 sep_end 0 first_sep -1 tag None (0.4s; 22356s total)
nat cheap None mN=1.091 I=64 rep 1786: unresolved gen 100000 pcc 0.981 sep_end 3 first_sep 85 tag None (70.7s; 22356s total)
nat above None mN=1.091 I=64 rep 1789: frozen gen 260 pcc 1.000 sep_end 0 first_sep -1 tag None (0.3s; 22356s total)
nat cheap None mN=1.091 I=64 rep 1789: frozen gen 275 pcc 1.000 sep_end 0 first_sep -1 tag None (0.3s; 22356s total)
nat above None mN=1.091 I=64 rep 1790: frozen gen 300 pcc 1.000 sep_end 0 first_sep -1 tag None (0.3s; 22356s total)
nat cheap None mN=1.091 I=64 rep 1790: frozen gen 310 pcc 1.000 sep_end 0 first_sep 60 tag None (0.4s; 22356s total)
nat above None mN=1.091 I=64 rep 1791: frozen gen 280 pcc 1.000 sep_end 0 first_sep -1 tag None (0.3s; 22356s total)
nat above None mN=1.091 I=64 rep 1792: frozen gen 395 pcc 1.000 sep_end 0 first_sep -1 tag None (0.3s; 22356s total)
nat cheap None mN=1.091 I=64 rep 1787: unresolved gen 100000 pcc 0.983 sep_end 1 first_sep 140 tag None (58.5s; 22373s total)
nat above None mN=1.091 I=64 rep 1793: frozen gen 270 pcc 1.000 sep_end 0 first_sep -1 tag None (0.3s; 22374s total)
nat cheap None mN=1.091 I=64 rep 1791: unresolved gen 100000 pcc 0.994 sep_end 1 first_sep 95 tag None (34.5s; 22390s total)
nat above None mN=1.091 I=64 rep 1794: frozen gen 245 pcc 1.000 sep_end 0 first_sep -1 tag None (0.3s; 22390s total)
nat cheap None mN=1.091 I=64 rep 1794: frozen gen 230 pcc 1.000 sep_end 0 first_sep -1 tag None (0.3s; 22391s total)
nat above None mN=1.091 I=64 rep 1795: frozen gen 235 pcc 1.000 sep_end 0 first_sep -1 tag None (0.3s; 22391s total)
nat cheap None mN=1.091 I=64 rep 1795: unresolved gen 100000 pcc 0.997 sep_end 1 first_sep 60 tag None (10.6s; 22402s total)
nat above None mN=1.091 I=64 rep 1796: frozen gen 300 pcc 1.000 sep_end 0 first_sep -1 tag None (0.4s; 22402s total)
nat cheap None mN=1.091 I=64 rep 1792: unresolved gen 100000 pcc 0.978 sep_end 1 first_sep 80 tag None (74.2s; 22430s total)
nat above None mN=1.091 I=64 rep 1797: frozen gen 255 pcc 1.000 sep_end 0 first_sep -1 tag None (0.2s; 22431s total)
nat cheap None mN=1.091 I=64 rep 1797: frozen gen 335 pcc 1.000 sep_end 0 first_sep -1 tag None (0.3s; 22431s total)
nat above None mN=1.091 I=64 rep 1798: frozen gen 245 pcc 1.000 sep_end 0 first_sep -1 tag None (0.3s; 22431s total)
nat cheap None mN=1.091 I=64 rep 1793: unresolved gen 100000 pcc 0.976 sep_end 1 first_sep 105 tag None (69.0s; 22443s total)
nat above None mN=1.091 I=64 rep 1799: frozen gen 220 pcc 1.000 sep_end 0 first_sep -1 tag None (0.3s; 22443s total)
nat cheap None mN=1.091 I=64 rep 1796: unresolved gen 100000 pcc 0.980 sep_end 1 first_sep 75 tag None (59.9s; 22462s total)
nat above None mN=1.091 I=64 rep 1800: frozen gen 355 pcc 1.000 sep_end 0 first_sep -1 tag None (0.4s; 22462s total)
nat cheap None mN=1.091 I=64 rep 1800: unresolved gen 100000 pcc 0.998 sep_end 1 first_sep 75 tag None (10.3s; 22473s total)
nat above None mN=1.091 I=64 rep 1801: frozen gen 490 pcc 1.000 sep_end 0 first_sep -1 tag None (0.5s; 22474s total)
nat cheap None mN=1.091 I=64 rep 1801: frozen gen 385 pcc 1.000 sep_end 0 first_sep -1 tag None (0.3s; 22474s total)
nat above None mN=1.091 I=64 rep 1802: frozen gen 335 pcc 1.000 sep_end 0 first_sep -1 tag None (0.3s; 22474s total)
nat cheap None mN=1.091 I=64 rep 1798: unresolved gen 100000 pcc 0.980 sep_end 1 first_sep 65 tag None (59.7s; 22491s total)
nat above None mN=1.091 I=64 rep 1803: frozen gen 325 pcc 1.000 sep_end 0 first_sep -1 tag None (0.3s; 22491s total)
nat cheap None mN=1.091 I=64 rep 1802: unresolved gen 100000 pcc 0.989 sep_end 1 first_sep 60 tag None (32.6s; 22506s total)
nat above None mN=1.091 I=64 rep 1804: frozen gen 365 pcc 1.000 sep_end 0 first_sep -1 tag None (0.3s; 22507s total)
nat cheap None mN=1.091 I=64 rep 1799: unresolved gen 100000 pcc 0.976 sep_end 1 first_sep 105 tag None (69.3s; 22512s total)
nat above None mN=1.091 I=64 rep 1805: frozen gen 285 pcc 1.000 sep_end 0 first_sep -1 tag None (0.4s; 22513s total)
nat cheap None mN=1.091 I=64 rep 1804: unresolved gen 100000 pcc 0.990 sep_end 1 first_sep 60 tag None (23.9s; 22531s total)
nat above None mN=1.091 I=64 rep 1806: frozen gen 230 pcc 1.000 sep_end 0 first_sep -1 tag None (0.3s; 22531s total)
nat cheap None mN=1.091 I=64 rep 1805: unresolved gen 100000 pcc 0.977 sep_end 1 first_sep 120 tag None (49.6s; 22562s total)
nat above None mN=1.091 I=64 rep 1807: frozen gen 360 pcc 1.000 sep_end 0 first_sep -1 tag None (0.3s; 22563s total)
nat cheap None mN=1.091 I=64 rep 1803: unresolved gen 100000 pcc 0.973 sep_end 3 first_sep 105 tag None (75.4s; 22567s total)
nat above None mN=1.091 I=64 rep 1808: frozen gen 325 pcc 1.000 sep_end 0 first_sep -1 tag None (0.4s; 22567s total)
nat cheap None mN=1.091 I=64 rep 1806: unresolved gen 100000 pcc 0.979 sep_end 3 first_sep 155 tag None (68.9s; 22600s total)
nat above None mN=1.091 I=64 rep 1809: frozen gen 280 pcc 1.000 sep_end 0 first_sep -1 tag None (0.2s; 22600s total)
nat cheap None mN=1.091 I=64 rep 1807: unresolved gen 100000 pcc 0.985 sep_end 1 first_sep 100 tag None (44.4s; 22607s total)
nat above None mN=1.091 I=64 rep 1810: frozen gen 250 pcc 1.000 sep_end 0 first_sep -1 tag None (0.3s; 22607s total)
nat cheap None mN=1.091 I=64 rep 1808: unresolved gen 100000 pcc 0.984 sep_end 3 first_sep 80 tag None (45.7s; 22613s total)
nat above None mN=1.091 I=64 rep 1811: frozen gen 295 pcc 1.000 sep_end 0 first_sep -1 tag None (0.3s; 22613s total)
nat cheap None mN=1.091 I=64 rep 1811: unresolved gen 100000 pcc 0.995 sep_end 1 first_sep 100 tag None (17.8s; 22631s total)
nat above None mN=1.091 I=64 rep 1812: frozen gen 250 pcc 1.000 sep_end 0 first_sep -1 tag None (0.2s; 22631s total)
nat cheap None mN=1.091 I=64 rep 1812: frozen gen 300 pcc 1.000 sep_end 0 first_sep -1 tag None (0.3s; 22631s total)
nat above None mN=1.091 I=64 rep 1813: frozen gen 265 pcc 1.000 sep_end 0 first_sep -1 tag None (0.3s; 22632s total)
nat cheap None mN=1.091 I=64 rep 1810: unresolved gen 100000 pcc 0.988 sep_end 1 first_sep 80 tag None (39.8s; 22647s total)
nat above None mN=1.091 I=64 rep 1814: frozen gen 265 pcc 1.000 sep_end 0 first_sep -1 tag None (0.3s; 22647s total)
nat cheap None mN=1.091 I=64 rep 1809: unresolved gen 100000 pcc 0.984 sep_end 1 first_sep 120 tag None (53.5s; 22654s total)
nat above None mN=1.091 I=64 rep 1815: frozen gen 245 pcc 1.000 sep_end 0 first_sep -1 tag None (0.3s; 22654s total)
nat cheap None mN=1.091 I=64 rep 1815: frozen gen 325 pcc 1.000 sep_end 0 first_sep -1 tag None (0.3s; 22654s total)
nat above None mN=1.091 I=64 rep 1816: frozen gen 320 pcc 1.000 sep_end 0 first_sep -1 tag None (0.3s; 22655s total)
nat cheap None mN=1.091 I=64 rep 1816: frozen gen 950 pcc 1.000 sep_end 0 first_sep 105 tag None (1.0s; 22656s total)
nat above None mN=1.091 I=64 rep 1817: frozen gen 390 pcc 1.000 sep_end 0 first_sep -1 tag None (0.4s; 22656s total)
nat cheap None mN=1.091 I=64 rep 1813: unresolved gen 100000 pcc 0.991 sep_end 1 first_sep 65 tag None (40.5s; 22672s total)
nat above None mN=1.091 I=64 rep 1818: frozen gen 370 pcc 1.000 sep_end 0 first_sep -1 tag None (0.3s; 22672s total)
nat cheap None mN=1.091 I=64 rep 1817: unresolved gen 100000 pcc 0.986 sep_end 1 first_sep 120 tag None (39.4s; 22696s total)
nat above None mN=1.091 I=64 rep 1819: frozen gen 265 pcc 1.000 sep_end 0 first_sep -1 tag None (0.2s; 22696s total)
nat cheap None mN=1.091 I=64 rep 1814: unresolved gen 100000 pcc 0.987 sep_end 3 first_sep 70 tag None (63.1s; 22710s total)
nat above None mN=1.091 I=64 rep 1820: frozen gen 300 pcc 1.000 sep_end 0 first_sep -1 tag None (0.3s; 22711s total)
nat cheap None mN=1.091 I=64 rep 1820: frozen gen 305 pcc 1.000 sep_end 0 first_sep -1 tag None (0.3s; 22711s total)
nat above None mN=1.091 I=64 rep 1821: frozen gen 310 pcc 1.000 sep_end 0 first_sep -1 tag None (0.3s; 22711s total)
nat cheap None mN=1.091 I=64 rep 1819: unresolved gen 100000 pcc 0.994 sep_end 1 first_sep 135 tag None (23.1s; 22719s total)
nat above None mN=1.091 I=64 rep 1822: frozen gen 490 pcc 1.000 sep_end 0 first_sep -1 tag None (0.4s; 22719s total)
nat cheap None mN=1.091 I=64 rep 1818: unresolved gen 100000 pcc 0.974 sep_end 3 first_sep 70 tag None (72.8s; 22745s total)
nat above None mN=1.091 I=64 rep 1823: frozen gen 400 pcc 1.000 sep_end 0 first_sep -1 tag None (0.3s; 22745s total)
nat cheap None mN=1.091 I=64 rep 1823: frozen gen 1765 pcc 1.000 sep_end 0 first_sep 85 tag None (2.0s; 22747s total)
nat above None mN=1.091 I=64 rep 1824: frozen gen 415 pcc 1.000 sep_end 0 first_sep -1 tag None (0.4s; 22748s total)
nat cheap None mN=1.091 I=64 rep 1824: frozen gen 2525 pcc 1.000 sep_end 0 first_sep 120 tag None (2.1s; 22750s total)
nat above None mN=1.091 I=64 rep 1825: frozen gen 345 pcc 1.000 sep_end 0 first_sep -1 tag None (0.4s; 22750s total)
nat cheap None mN=1.091 I=64 rep 1825: frozen gen 255 pcc 1.000 sep_end 0 first_sep -1 tag None (0.3s; 22751s total)
nat above None mN=1.091 I=64 rep 1826: frozen gen 260 pcc 1.000 sep_end 0 first_sep -1 tag None (0.3s; 22752s total)
nat cheap None mN=1.091 I=64 rep 1821: unresolved gen 100000 pcc 0.985 sep_end 1 first_sep 80 tag None (49.6s; 22761s total)
nat above None mN=1.091 I=64 rep 1827: frozen gen 470 pcc 1.000 sep_end 0 first_sep -1 tag None (0.4s; 22761s total)
nat cheap None mN=1.091 I=64 rep 1822: unresolved gen 100000 pcc 0.985 sep_end 1 first_sep 85 tag None (57.2s; 22776s total)
nat above None mN=1.091 I=64 rep 1828: frozen gen 270 pcc 1.000 sep_end 0 first_sep -1 tag None (0.2s; 22777s total)
nat cheap None mN=1.091 I=64 rep 1828: frozen gen 340 pcc 1.000 sep_end 0 first_sep -1 tag None (0.3s; 22777s total)
nat above None mN=1.091 I=64 rep 1829: frozen gen 310 pcc 1.000 sep_end 0 first_sep -1 tag None (0.3s; 22777s total)
nat cheap None mN=1.091 I=64 rep 1826: unresolved gen 100000 pcc 0.981 sep_end 1 first_sep 90 tag None (70.0s; 22821s total)
nat above None mN=1.091 I=64 rep 1830: frozen gen 270 pcc 1.000 sep_end 0 first_sep -1 tag None (0.3s; 22821s total)
nat cheap None mN=1.091 I=64 rep 1830: frozen gen 315 pcc 1.000 sep_end 0 first_sep -1 tag None (0.3s; 22822s total)
nat above None mN=1.091 I=64 rep 1831: frozen gen 330 pcc 1.000 sep_end 0 first_sep -1 tag None (0.3s; 22822s total)
nat cheap None mN=1.091 I=64 rep 1831: frozen gen 955 pcc 1.000 sep_end 0 first_sep 95 tag None (1.0s; 22823s total)
nat above None mN=1.091 I=64 rep 1832: frozen gen 315 pcc 1.000 sep_end 0 first_sep -1 tag None (0.3s; 22823s total)
nat cheap None mN=1.091 I=64 rep 1832: frozen gen 285 pcc 1.000 sep_end 0 first_sep -1 tag None (0.3s; 22823s total)
nat above None mN=1.091 I=64 rep 1833: frozen gen 285 pcc 1.000 sep_end 0 first_sep -1 tag None (0.2s; 22824s total)
nat cheap None mN=1.091 I=64 rep 1829: unresolved gen 100000 pcc 0.987 sep_end 1 first_sep 75 tag None (50.7s; 22828s total)
nat above None mN=1.091 I=64 rep 1834: frozen gen 350 pcc 1.000 sep_end 0 first_sep -1 tag None (0.3s; 22828s total)
nat cheap None mN=1.091 I=64 rep 1827: unresolved gen 100000 pcc 0.966 sep_end 3 first_sep 95 tag None (80.1s; 22842s total)
nat above None mN=1.091 I=64 rep 1835: frozen gen 310 pcc 1.000 sep_end 0 first_sep -1 tag None (0.3s; 22842s total)
nat cheap None mN=1.091 I=64 rep 1835: frozen gen 950 pcc 1.000 sep_end 0 first_sep 125 tag None (0.9s; 22843s total)
nat above None mN=1.091 I=64 rep 1836: frozen gen 290 pcc 1.000 sep_end 0 first_sep -1 tag None (0.3s; 22843s total)
nat cheap None mN=1.091 I=64 rep 1836: frozen gen 2550 pcc 1.000 sep_end 0 first_sep 120 tag None (1.9s; 22845s total)
nat above None mN=1.091 I=64 rep 1837: frozen gen 275 pcc 1.000 sep_end 0 first_sep -1 tag None (0.3s; 22845s total)
nat cheap None mN=1.091 I=64 rep 1837: frozen gen 1395 pcc 1.000 sep_end 0 first_sep 145 tag None (1.4s; 22847s total)
nat above None mN=1.091 I=64 rep 1838: frozen gen 340 pcc 1.000 sep_end 0 first_sep -1 tag None (0.3s; 22847s total)
nat cheap None mN=1.091 I=64 rep 1834: unresolved gen 100000 pcc 0.988 sep_end 1 first_sep 105 tag None (45.9s; 22874s total)
nat above None mN=1.091 I=64 rep 1839: frozen gen 265 pcc 1.000 sep_end 0 first_sep -1 tag None (0.3s; 22874s total)
nat cheap None mN=1.091 I=64 rep 1833: unresolved gen 100000 pcc 0.973 sep_end 1 first_sep 110 tag None (61.5s; 22885s total)
nat above None mN=1.091 I=64 rep 1840: frozen gen 340 pcc 1.000 sep_end 0 first_sep -1 tag None (0.3s; 22885s total)
nat cheap None mN=1.091 I=64 rep 1840: frozen gen 320 pcc 1.000 sep_end 0 first_sep -1 tag None (0.3s; 22886s total)
nat above None mN=1.091 I=64 rep 1841: frozen gen 270 pcc 1.000 sep_end 0 first_sep -1 tag None (0.3s; 22886s total)
nat cheap None mN=1.091 I=64 rep 1841: frozen gen 365 pcc 1.000 sep_end 0 first_sep -1 tag None (0.3s; 22886s total)
nat above None mN=1.091 I=64 rep 1842: frozen gen 330 pcc 1.000 sep_end 0 first_sep -1 tag None (0.3s; 22887s total)
nat cheap None mN=1.091 I=64 rep 1842: frozen gen 905 pcc 1.000 sep_end 0 first_sep 45 tag None (1.3s; 22888s total)
nat above None mN=1.091 I=64 rep 1843: frozen gen 415 pcc 1.000 sep_end 0 first_sep -1 tag None (0.3s; 22888s total)
nat cheap None mN=1.091 I=64 rep 1838: unresolved gen 100000 pcc 0.982 sep_end 1 first_sep 115 tag None (62.9s; 22910s total)
nat above None mN=1.091 I=64 rep 1844: frozen gen 540 pcc 1.000 sep_end 0 first_sep 85 tag None (0.7s; 22911s total)
nat cheap None mN=1.091 I=64 rep 1839: unresolved gen 100000 pcc 0.989 sep_end 1 first_sep 145 tag None (48.5s; 22923s total)
nat above None mN=1.091 I=64 rep 1845: frozen gen 315 pcc 1.000 sep_end 0 first_sep -1 tag None (0.4s; 22923s total)
nat cheap None mN=1.091 I=64 rep 1843: unresolved gen 100000 pcc 0.976 sep_end 1 first_sep 115 tag None (68.7s; 22957s total)
nat above None mN=1.091 I=64 rep 1846: frozen gen 450 pcc 1.000 sep_end 0 first_sep -1 tag None (0.4s; 22957s total)
nat cheap None mN=1.091 I=64 rep 1846: frozen gen 260 pcc 1.000 sep_end 0 first_sep -1 tag None (0.3s; 22958s total)
nat above None mN=1.091 I=64 rep 1847: frozen gen 305 pcc 1.000 sep_end 0 first_sep -1 tag None (0.3s; 22958s total)
nat cheap None mN=1.091 I=64 rep 1847: frozen gen 355 pcc 1.000 sep_end 0 first_sep -1 tag None (0.4s; 22958s total)
nat above None mN=1.091 I=64 rep 1848: frozen gen 365 pcc 1.000 sep_end 0 first_sep -1 tag None (0.3s; 22959s total)
nat cheap None mN=1.091 I=64 rep 1844: unresolved gen 100000 pcc 0.979 sep_end 3 first_sep 65 tag None (66.0s; 22977s total)
nat above None mN=1.091 I=64 rep 1849: frozen gen 290 pcc 1.000 sep_end 0 first_sep -1 tag None (0.3s; 22977s total)
nat cheap None mN=1.091 I=64 rep 1848: unresolved gen 100000 pcc 0.993 sep_end 1 first_sep 105 tag None (25.4s; 22984s total)
nat above None mN=1.091 I=64 rep 1850: frozen gen 305 pcc 1.000 sep_end 0 first_sep -1 tag None (0.4s; 22985s total)
nat cheap None mN=1.091 I=64 rep 1845: unresolved gen 100000 pcc 0.973 sep_end 3 first_sep 85 tag None (74.0s; 22997s total)
nat above None mN=1.091 I=64 rep 1851: frozen gen 290 pcc 1.000 sep_end 0 first_sep -1 tag None (0.3s; 22999s total)
nat cheap None mN=1.091 I=64 rep 1849: unresolved gen 100000 pcc 0.981 sep_end 1 first_sep 50 tag None (53.1s; 23030s total)
nat above None mN=1.091 I=64 rep 1852: frozen gen 245 pcc 1.000 sep_end 0 first_sep -1 tag None (0.3s; 23030s total)
nat cheap None mN=1.091 I=64 rep 1851: unresolved gen 100000 pcc 0.986 sep_end 1 first_sep 105 tag None (42.9s; 23041s total)
nat above None mN=1.091 I=64 rep 1853: frozen gen 295 pcc 1.000 sep_end 0 first_sep 50 tag None (0.4s; 23041s total)
nat cheap None mN=1.091 I=64 rep 1850: unresolved gen 100000 pcc 0.976 sep_end 1 first_sep 135 tag None (70.8s; 23055s total)
nat above None mN=1.091 I=64 rep 1854: frozen gen 300 pcc 1.000 sep_end 0 first_sep -1 tag None (0.4s; 23056s total)
nat cheap None mN=1.091 I=64 rep 1852: unresolved gen 100000 pcc 0.982 sep_end 1 first_sep 70 tag None (76.2s; 23107s total)
nat above None mN=1.091 I=64 rep 1855: frozen gen 450 pcc 1.000 sep_end 0 first_sep -1 tag None (0.6s; 23107s total)
nat cheap None mN=1.091 I=64 rep 1853: unresolved gen 100000 pcc 0.981 sep_end 1 first_sep 65 tag None (68.5s; 23110s total)
nat above None mN=1.091 I=64 rep 1856: frozen gen 265 pcc 1.000 sep_end 0 first_sep -1 tag None (0.3s; 23110s total)
nat cheap None mN=1.091 I=64 rep 1854: unresolved gen 100000 pcc 0.972 sep_end 3 first_sep 85 tag None (77.3s; 23133s total)
nat above None mN=1.091 I=64 rep 1857: frozen gen 325 pcc 1.000 sep_end 0 first_sep -1 tag None (0.4s; 23134s total)
nat cheap None mN=1.091 I=64 rep 1855: unresolved gen 100000 pcc 0.978 sep_end 1 first_sep 125 tag None (58.1s; 23165s total)
nat above None mN=1.091 I=64 rep 1858: frozen gen 310 pcc 1.000 sep_end 0 first_sep -1 tag None (0.3s; 23166s total)
nat cheap None mN=1.091 I=64 rep 1856: unresolved gen 100000 pcc 0.979 sep_end 1 first_sep 85 tag None (74.3s; 23184s total)
nat above None mN=1.091 I=64 rep 1859: frozen gen 400 pcc 1.000 sep_end 0 first_sep -1 tag None (0.6s; 23185s total)
nat cheap None mN=1.091 I=64 rep 1857: unresolved gen 100000 pcc 0.984 sep_end 1 first_sep 80 tag None (62.3s; 23196s total)
nat above None mN=1.091 I=64 rep 1860: frozen gen 425 pcc 1.000 sep_end 0 first_sep 140 tag None (0.5s; 23196s total)
nat cheap None mN=1.091 I=64 rep 1860: frozen gen 885 pcc 1.000 sep_end 0 first_sep 85 tag None (1.0s; 23197s total)
nat above None mN=1.091 I=64 rep 1861: frozen gen 305 pcc 1.000 sep_end 0 first_sep -1 tag None (0.3s; 23198s total)
nat cheap None mN=1.091 I=64 rep 1859: unresolved gen 100000 pcc 0.994 sep_end 1 first_sep 125 tag None (44.2s; 23229s total)
nat above None mN=1.091 I=64 rep 1862: frozen gen 370 pcc 1.000 sep_end 0 first_sep -1 tag None (0.3s; 23229s total)
nat cheap None mN=1.091 I=64 rep 1858: unresolved gen 100000 pcc 0.977 sep_end 3 first_sep 70 tag None (78.2s; 23244s total)
nat above None mN=1.091 I=64 rep 1863: frozen gen 285 pcc 1.000 sep_end 0 first_sep -1 tag None (0.2s; 23244s total)
nat cheap None mN=1.091 I=64 rep 1862: unresolved gen 100000 pcc 0.994 sep_end 3 first_sep 65 tag None (28.5s; 23258s total)
nat above None mN=1.091 I=64 rep 1864: frozen gen 325 pcc 1.000 sep_end 0 first_sep -1 tag None (0.3s; 23258s total)
nat cheap None mN=1.091 I=64 rep 1864: frozen gen 270 pcc 1.000 sep_end 0 first_sep -1 tag None (0.3s; 23258s total)
nat above None mN=1.091 I=64 rep 1865: frozen gen 265 pcc 1.000 sep_end 0 first_sep -1 tag None (0.3s; 23259s total)
nat cheap None mN=1.091 I=64 rep 1861: unresolved gen 100000 pcc 0.970 sep_end 1 first_sep 105 tag None (67.4s; 23265s total)
nat above None mN=1.091 I=64 rep 1866: frozen gen 315 pcc 1.000 sep_end 0 first_sep -1 tag None (0.3s; 23265s total)
nat cheap None mN=1.091 I=64 rep 1866: unresolved gen 100000 pcc 0.995 sep_end 3 first_sep 95 tag None (30.5s; 23296s total)
nat above None mN=1.091 I=64 rep 1867: frozen gen 260 pcc 1.000 sep_end 0 first_sep -1 tag None (0.3s; 23296s total)
nat cheap None mN=1.091 I=64 rep 1865: unresolved gen 100000 pcc 0.989 sep_end 1 first_sep 60 tag None (45.2s; 23304s total)
nat above None mN=1.091 I=64 rep 1868: frozen gen 275 pcc 1.000 sep_end 0 first_sep -1 tag None (0.3s; 23304s total)
nat cheap None mN=1.091 I=64 rep 1863: unresolved gen 100000 pcc 0.978 sep_end 3 first_sep 55 tag None (73.7s; 23318s total)
nat above None mN=1.091 I=64 rep 1869: frozen gen 340 pcc 1.000 sep_end 0 first_sep -1 tag None (0.3s; 23318s total)
nat cheap None mN=1.091 I=64 rep 1869: unresolved gen 100000 pcc 0.986 sep_end 1 first_sep 115 tag None (41.3s; 23359s total)
nat above None mN=1.091 I=64 rep 1870: frozen gen 350 pcc 1.000 sep_end 0 first_sep -1 tag None (0.3s; 23360s total)
nat cheap None mN=1.091 I=64 rep 1867: unresolved gen 100000 pcc 0.979 sep_end 1 first_sep 90 tag None (66.2s; 23363s total)
nat above None mN=1.091 I=64 rep 1871: frozen gen 255 pcc 1.000 sep_end 0 first_sep -1 tag None (0.4s; 23363s total)
nat cheap None mN=1.091 I=64 rep 1868: unresolved gen 100000 pcc 0.981 sep_end 1 first_sep 135 tag None (70.1s; 23374s total)
nat above None mN=1.091 I=64 rep 1872: frozen gen 330 pcc 1.000 sep_end 0 first_sep -1 tag None (0.3s; 23375s total)
nat cheap None mN=1.091 I=64 rep 1872: unresolved gen 100000 pcc 0.989 sep_end 1 first_sep 65 tag None (33.1s; 23408s total)
nat cheap None mN=1.091 I=64 rep 1870: unresolved gen 100000 pcc 0.986 sep_end 1 first_sep 85 tag None (48.2s; 23408s total)
nat above None mN=1.091 I=64 rep 1873: frozen gen 290 pcc 1.000 sep_end 0 first_sep -1 tag None (0.3s; 23408s total)
nat above None mN=1.091 I=64 rep 1874: frozen gen 340 pcc 1.000 sep_end 0 first_sep -1 tag None (0.3s; 23408s total)
nat cheap None mN=1.091 I=64 rep 1871: unresolved gen 100000 pcc 0.977 sep_end 3 first_sep 85 tag None (56.3s; 23419s total)
nat above None mN=1.091 I=64 rep 1875: frozen gen 250 pcc 1.000 sep_end 0 first_sep -1 tag None (0.3s; 23420s total)
nat cheap None mN=1.091 I=64 rep 1873: unresolved gen 100000 pcc 0.996 sep_end 3 first_sep 65 tag None (15.1s; 23423s total)
nat above None mN=1.091 I=64 rep 1876: frozen gen 285 pcc 1.000 sep_end 0 first_sep -1 tag None (0.2s; 23425s total)
nat cheap None mN=1.091 I=64 rep 1876: frozen gen 2500 pcc 1.000 sep_end 0 first_sep 75 tag None (2.7s; 23426s total)
nat above None mN=1.091 I=64 rep 1877: frozen gen 275 pcc 1.000 sep_end 0 first_sep -1 tag None (0.2s; 23426s total)
nat cheap None mN=1.091 I=64 rep 1874: unresolved gen 100000 pcc 0.975 sep_end 3 first_sep 60 tag None (79.8s; 23488s total)
nat above None mN=1.091 I=64 rep 1878: frozen gen 360 pcc 1.000 sep_end 0 first_sep -1 tag None (0.4s; 23489s total)
nat cheap None mN=1.091 I=64 rep 1875: unresolved gen 100000 pcc 0.975 sep_end 1 first_sep 70 tag None (73.9s; 23494s total)
nat above None mN=1.091 I=64 rep 1879: frozen gen 340 pcc 1.000 sep_end 0 first_sep -1 tag None (0.5s; 23494s total)
nat cheap None mN=1.091 I=64 rep 1879: frozen gen 365 pcc 1.000 sep_end 0 first_sep -1 tag None (0.4s; 23494s total)
nat above None mN=1.091 I=64 rep 1880: frozen gen 285 pcc 1.000 sep_end 0 first_sep -1 tag None (0.4s; 23495s total)
nat cheap None mN=1.091 I=64 rep 1877: unresolved gen 100000 pcc 0.971 sep_end 3 first_sep 90 tag None (87.3s; 23514s total)
nat above None mN=1.091 I=64 rep 1881: frozen gen 355 pcc 1.000 sep_end 0 first_sep -1 tag None (0.3s; 23514s total)
nat cheap None mN=1.091 I=64 rep 1881: unresolved gen 100000 pcc 0.993 sep_end 1 first_sep 45 tag None (22.3s; 23536s total)
nat above None mN=1.091 I=64 rep 1882: frozen gen 335 pcc 1.000 sep_end 0 first_sep -1 tag None (0.3s; 23537s total)
nat cheap None mN=1.091 I=64 rep 1882: frozen gen 1220 pcc 1.000 sep_end 0 first_sep 80 tag None (1.1s; 23538s total)
nat above None mN=1.091 I=64 rep 1883: frozen gen 305 pcc 1.000 sep_end 0 first_sep -1 tag None (0.3s; 23538s total)
nat cheap None mN=1.091 I=64 rep 1883: unresolved gen 100000 pcc 0.998 sep_end 1 first_sep 90 tag None (5.3s; 23543s total)
nat above None mN=1.091 I=64 rep 1884: frozen gen 405 pcc 1.000 sep_end 0 first_sep -1 tag None (0.4s; 23544s total)
nat cheap None mN=1.091 I=64 rep 1884: frozen gen 435 pcc 1.000 sep_end 0 first_sep -1 tag None (0.4s; 23544s total)
nat above None mN=1.091 I=64 rep 1885: frozen gen 365 pcc 1.000 sep_end 0 first_sep -1 tag None (0.3s; 23545s total)
nat cheap None mN=1.091 I=64 rep 1885: frozen gen 320 pcc 1.000 sep_end 0 first_sep -1 tag None (0.3s; 23545s total)
nat above None mN=1.091 I=64 rep 1886: frozen gen 360 pcc 1.000 sep_end 0 first_sep -1 tag None (0.3s; 23545s total)
nat cheap None mN=1.091 I=64 rep 1878: unresolved gen 100000 pcc 0.983 sep_end 1 first_sep 70 tag None (70.2s; 23559s total)
nat above None mN=1.091 I=64 rep 1887: frozen gen 255 pcc 1.000 sep_end 0 first_sep -1 tag None (0.3s; 23559s total)
nat cheap None mN=1.091 I=64 rep 1880: unresolved gen 100000 pcc 0.978 sep_end 1 first_sep 75 tag None (69.3s; 23564s total)
nat above None mN=1.091 I=64 rep 1888: frozen gen 355 pcc 1.000 sep_end 0 first_sep -1 tag None (0.3s; 23564s total)
nat cheap None mN=1.091 I=64 rep 1886: unresolved gen 100000 pcc 0.990 sep_end 1 first_sep 95 tag None (36.0s; 23581s total)
nat above None mN=1.091 I=64 rep 1889: frozen gen 290 pcc 1.000 sep_end 0 first_sep -1 tag None (0.3s; 23581s total)
nat cheap None mN=1.091 I=64 rep 1889: unresolved gen 100000 pcc 0.993 sep_end 1 first_sep 120 tag None (43.9s; 23625s total)
nat above None mN=1.091 I=64 rep 1890: frozen gen 320 pcc 1.000 sep_end 0 first_sep -1 tag None (0.4s; 23626s total)
nat cheap None mN=1.091 I=64 rep 1890: frozen gen 280 pcc 1.000 sep_end 0 first_sep -1 tag None (0.3s; 23626s total)
nat above None mN=1.091 I=64 rep 1891: frozen gen 275 pcc 1.000 sep_end 0 first_sep -1 tag None (0.3s; 23626s total)
nat cheap None mN=1.091 I=64 rep 1887: unresolved gen 100000 pcc 0.979 sep_end 1 first_sep 70 tag None (72.6s; 23632s total)
nat above None mN=1.091 I=64 rep 1892: frozen gen 315 pcc 1.000 sep_end 0 first_sep -1 tag None (0.4s; 23632s total)
nat cheap None mN=1.091 I=64 rep 1888: unresolved gen 100000 pcc 0.981 sep_end 1 first_sep 110 tag None (72.6s; 23637s total)
nat above None mN=1.091 I=64 rep 1893: frozen gen 245 pcc 1.000 sep_end 0 first_sep -1 tag None (0.3s; 23637s total)
nat cheap None mN=1.091 I=64 rep 1891: unresolved gen 100000 pcc 0.988 sep_end 1 first_sep 110 tag None (34.3s; 23661s total)
nat above None mN=1.091 I=64 rep 1894: frozen gen 260 pcc 1.000 sep_end 0 first_sep -1 tag None (0.3s; 23661s total)
nat cheap None mN=1.091 I=64 rep 1893: unresolved gen 100000 pcc 0.985 sep_end 1 first_sep 55 tag None (58.3s; 23696s total)
nat above None mN=1.091 I=64 rep 1895: frozen gen 285 pcc 1.000 sep_end 0 first_sep -1 tag None (0.4s; 23696s total)
nat cheap None mN=1.091 I=64 rep 1892: unresolved gen 100000 pcc 0.983 sep_end 3 first_sep 85 tag None (69.6s; 23702s total)
nat above None mN=1.091 I=64 rep 1896: frozen gen 315 pcc 1.000 sep_end 0 first_sep -1 tag None (0.3s; 23702s total)
nat cheap None mN=1.091 I=64 rep 1896: frozen gen 305 pcc 1.000 sep_end 0 first_sep -1 tag None (0.3s; 23702s total)
nat above None mN=1.091 I=64 rep 1897: frozen gen 275 pcc 1.000 sep_end 0 first_sep -1 tag None (0.3s; 23703s total)
nat cheap None mN=1.091 I=64 rep 1897: frozen gen 280 pcc 1.000 sep_end 0 first_sep -1 tag None (0.3s; 23703s total)
nat above None mN=1.091 I=64 rep 1898: frozen gen 295 pcc 1.000 sep_end 0 first_sep -1 tag None (0.3s; 23703s total)
nat cheap None mN=1.091 I=64 rep 1894: unresolved gen 100000 pcc 0.979 sep_end 1 first_sep 100 tag None (69.0s; 23730s total)
nat above None mN=1.091 I=64 rep 1899: frozen gen 310 pcc 1.000 sep_end 0 first_sep -1 tag None (0.3s; 23730s total)
nat cheap None mN=1.091 I=64 rep 1895: unresolved gen 100000 pcc 0.978 sep_end 1 first_sep 100 tag None (76.3s; 23773s total)
nat above None mN=1.091 I=64 rep 1900: frozen gen 265 pcc 1.000 sep_end 0 first_sep -1 tag None (0.3s; 23773s total)
nat cheap None mN=1.091 I=64 rep 1898: unresolved gen 100000 pcc 0.979 sep_end 1 first_sep 105 tag None (77.4s; 23781s total)
nat above None mN=1.091 I=64 rep 1901: frozen gen 305 pcc 1.000 sep_end 0 first_sep -1 tag None (0.4s; 23782s total)
nat cheap None mN=1.091 I=64 rep 1899: unresolved gen 100000 pcc 0.982 sep_end 1 first_sep 145 tag None (76.3s; 23807s total)
nat above None mN=1.091 I=64 rep 1902: frozen gen 295 pcc 1.000 sep_end 0 first_sep -1 tag None (0.4s; 23807s total)
nat cheap None mN=1.091 I=64 rep 1902: frozen gen 370 pcc 1.000 sep_end 0 first_sep -1 tag None (0.4s; 23807s total)
nat above None mN=1.091 I=64 rep 1903: frozen gen 470 pcc 1.000 sep_end 0 first_sep -1 tag None (0.6s; 23808s total)
nat cheap None mN=1.091 I=64 rep 1903: frozen gen 300 pcc 1.000 sep_end 0 first_sep -1 tag None (0.4s; 23808s total)
nat above None mN=1.091 I=64 rep 1904: frozen gen 335 pcc 1.000 sep_end 0 first_sep -1 tag None (0.3s; 23809s total)
nat cheap None mN=1.091 I=64 rep 1904: frozen gen 395 pcc 1.000 sep_end 0 first_sep 65 tag None (0.6s; 23809s total)
nat above None mN=1.091 I=64 rep 1905: frozen gen 355 pcc 1.000 sep_end 0 first_sep -1 tag None (0.3s; 23810s total)
nat cheap None mN=1.091 I=64 rep 1905: unresolved gen 100000 pcc 0.993 sep_end 1 first_sep 70 tag None (15.3s; 23825s total)
nat above None mN=1.091 I=64 rep 1906: frozen gen 525 pcc 1.000 sep_end 0 first_sep 95 tag None (0.7s; 23826s total)
nat cheap None mN=1.091 I=64 rep 1906: frozen gen 315 pcc 1.000 sep_end 0 first_sep -1 tag None (0.3s; 23826s total)
nat above None mN=1.091 I=64 rep 1907: frozen gen 310 pcc 1.000 sep_end 0 first_sep -1 tag None (0.3s; 23826s total)
nat cheap None mN=1.091 I=64 rep 1900: unresolved gen 100000 pcc 0.988 sep_end 3 first_sep 70 tag None (60.0s; 23833s total)
nat above None mN=1.091 I=64 rep 1908: frozen gen 250 pcc 1.000 sep_end 0 first_sep -1 tag None (0.3s; 23833s total)
nat cheap None mN=1.091 I=64 rep 1908: unresolved gen 100000 pcc 0.995 sep_end 1 first_sep 100 tag None (19.5s; 23853s total)
nat above None mN=1.091 I=64 rep 1909: frozen gen 345 pcc 1.000 sep_end 0 first_sep -1 tag None (0.4s; 23853s total)
nat cheap None mN=1.091 I=64 rep 1901: unresolved gen 100000 pcc 0.980 sep_end 1 first_sep 80 tag None (72.4s; 23854s total)
nat above None mN=1.091 I=64 rep 1910: frozen gen 350 pcc 1.000 sep_end 0 first_sep -1 tag None (0.5s; 23854s total)
nat cheap None mN=1.091 I=64 rep 1910: frozen gen 420 pcc 1.000 sep_end 0 first_sep -1 tag None (0.3s; 23854s total)
nat above None mN=1.091 I=64 rep 1911: frozen gen 245 pcc 1.000 sep_end 0 first_sep -1 tag None (0.4s; 23855s total)
nat cheap None mN=1.091 I=64 rep 1909: unresolved gen 100000 pcc 1.000 sep_end 1 first_sep 50 tag None (6.0s; 23859s total)
nat above None mN=1.091 I=64 rep 1912: frozen gen 355 pcc 1.000 sep_end 0 first_sep -1 tag None (0.4s; 23860s total)
nat cheap None mN=1.091 I=64 rep 1912: frozen gen 1635 pcc 1.000 sep_end 0 first_sep 100 tag None (2.2s; 23862s total)
nat above None mN=1.091 I=64 rep 1913: frozen gen 295 pcc 1.000 sep_end 0 first_sep -1 tag None (0.3s; 23862s total)
nat cheap None mN=1.091 I=64 rep 1907: unresolved gen 100000 pcc 0.977 sep_end 1 first_sep 90 tag None (72.1s; 23899s total)
nat above None mN=1.091 I=64 rep 1914: frozen gen 325 pcc 1.000 sep_end 0 first_sep -1 tag None (0.3s; 23899s total)
nat cheap None mN=1.091 I=64 rep 1911: unresolved gen 100000 pcc 0.989 sep_end 1 first_sep 90 tag None (44.8s; 23900s total)
nat above None mN=1.091 I=64 rep 1915: frozen gen 305 pcc 1.000 sep_end 0 first_sep -1 tag None (0.3s; 23900s total)
nat cheap None mN=1.091 I=64 rep 1913: unresolved gen 100000 pcc 0.982 sep_end 1 first_sep 80 tag None (58.5s; 23921s total)
nat above None mN=1.091 I=64 rep 1916: frozen gen 290 pcc 1.000 sep_end 0 first_sep -1 tag None (0.3s; 23921s total)
nat cheap None mN=1.091 I=64 rep 1916: frozen gen 305 pcc 1.000 sep_end 0 first_sep -1 tag None (0.3s; 23921s total)
nat above None mN=1.091 I=64 rep 1917: frozen gen 310 pcc 1.000 sep_end 0 first_sep -1 tag None (0.3s; 23922s total)
nat cheap None mN=1.091 I=64 rep 1917: frozen gen 1305 pcc 1.000 sep_end 0 first_sep 140 tag None (1.3s; 23923s total)
nat above None mN=1.091 I=64 rep 1918: frozen gen 305 pcc 1.000 sep_end 0 first_sep -1 tag None (0.2s; 23923s total)
nat cheap None mN=1.091 I=64 rep 1918: frozen gen 345 pcc 1.000 sep_end 0 first_sep -1 tag None (0.3s; 23924s total)
nat above None mN=1.091 I=64 rep 1919: frozen gen 330 pcc 1.000 sep_end 0 first_sep -1 tag None (0.3s; 23924s total)
nat cheap None mN=1.091 I=64 rep 1915: unresolved gen 100000 pcc 0.980 sep_end 1 first_sep 90 tag None (53.9s; 23954s total)
nat above None mN=1.091 I=64 rep 1920: frozen gen 295 pcc 1.000 sep_end 0 first_sep -1 tag None (0.3s; 23954s total)
nat cheap None mN=1.091 I=64 rep 1919: unresolved gen 100000 pcc 0.991 sep_end 1 first_sep 130 tag None (31.1s; 23955s total)
nat above None mN=1.091 I=64 rep 1921: frozen gen 265 pcc 1.000 sep_end 0 first_sep -1 tag None (0.3s; 23955s total)
nat cheap None mN=1.091 I=64 rep 1921: frozen gen 365 pcc 1.000 sep_end 0 first_sep -1 tag None (0.4s; 23956s total)
nat above None mN=1.091 I=64 rep 1922: frozen gen 325 pcc 1.000 sep_end 0 first_sep -1 tag None (0.3s; 23956s total)
nat cheap None mN=1.091 I=64 rep 1914: unresolved gen 100000 pcc 0.976 sep_end 3 first_sep 95 tag None (63.2s; 23962s total)
nat above None mN=1.091 I=64 rep 1923: frozen gen 250 pcc 1.000 sep_end 0 first_sep -1 tag None (0.3s; 23962s total)
nat cheap None mN=1.091 I=64 rep 1920: unresolved gen 100000 pcc 0.998 sep_end 1 first_sep 115 tag None (11.2s; 23965s total)
nat above None mN=1.091 I=64 rep 1924: frozen gen 305 pcc 1.000 sep_end 0 first_sep -1 tag None (0.4s; 23966s total)
nat cheap None mN=1.091 I=64 rep 1924: frozen gen 2400 pcc 1.000 sep_end 0 first_sep 80 tag None (2.0s; 23968s total)
nat above None mN=1.091 I=64 rep 1925: frozen gen 330 pcc 1.000 sep_end 0 first_sep -1 tag None (0.3s; 23968s total)
nat cheap None mN=1.091 I=64 rep 1922: unresolved gen 100000 pcc 0.987 sep_end 1 first_sep 130 tag None (41.9s; 23998s total)
nat above None mN=1.091 I=64 rep 1926: frozen gen 255 pcc 1.000 sep_end 0 first_sep -1 tag None (0.3s; 23999s total)
nat cheap None mN=1.091 I=64 rep 1923: unresolved gen 100000 pcc 0.977 sep_end 1 first_sep 50 tag None (64.3s; 24027s total)
nat above None mN=1.091 I=64 rep 1927: frozen gen 410 pcc 1.000 sep_end 0 first_sep -1 tag None (0.4s; 24027s total)
nat cheap None mN=1.091 I=64 rep 1926: unresolved gen 100000 pcc 0.992 sep_end 3 first_sep 70 tag None (33.3s; 24031s total)
nat above None mN=1.091 I=64 rep 1928: frozen gen 295 pcc 1.000 sep_end 0 first_sep -1 tag None (0.3s; 24032s total)
nat cheap None mN=1.091 I=64 rep 1925: unresolved gen 100000 pcc 0.980 sep_end 1 first_sep 80 tag None (67.2s; 24035s total)
nat above None mN=1.091 I=64 rep 1929: frozen gen 590 pcc 1.000 sep_end 0 first_sep -1 tag None (0.5s; 24036s total)
nat cheap None mN=1.091 I=64 rep 1929: frozen gen 1080 pcc 1.000 sep_end 0 first_sep 70 tag None (1.3s; 24037s total)
nat above None mN=1.091 I=64 rep 1930: frozen gen 295 pcc 1.000 sep_end 0 first_sep -1 tag None (0.3s; 24037s total)
nat cheap None mN=1.091 I=64 rep 1930: frozen gen 1395 pcc 1.000 sep_end 0 first_sep 80 tag None (1.6s; 24039s total)
nat above None mN=1.091 I=64 rep 1931: frozen gen 315 pcc 1.000 sep_end 0 first_sep -1 tag None (0.3s; 24039s total)
nat cheap None mN=1.091 I=64 rep 1927: unresolved gen 100000 pcc 0.986 sep_end 1 first_sep 45 tag None (53.5s; 24081s total)
nat above None mN=1.091 I=64 rep 1932: frozen gen 355 pcc 1.000 sep_end 0 first_sep -1 tag None (0.3s; 24081s total)
nat cheap None mN=1.091 I=64 rep 1928: unresolved gen 100000 pcc 0.976 sep_end 1 first_sep 125 tag None (67.7s; 24099s total)
nat above None mN=1.091 I=64 rep 1933: frozen gen 245 pcc 1.000 sep_end 0 first_sep -1 tag None (0.2s; 24100s total)
nat cheap None mN=1.091 I=64 rep 1931: unresolved gen 100000 pcc 0.981 sep_end 1 first_sep 55 tag None (67.2s; 24107s total)
nat above None mN=1.091 I=64 rep 1934: frozen gen 315 pcc 1.000 sep_end 0 first_sep -1 tag None (0.3s; 24107s total)
nat cheap None mN=1.091 I=64 rep 1932: unresolved gen 100000 pcc 0.986 sep_end 1 first_sep 125 tag None (45.2s; 24126s total)
nat above None mN=1.091 I=64 rep 1935: frozen gen 365 pcc 1.000 sep_end 0 first_sep 140 tag None (0.5s; 24127s total)
nat cheap None mN=1.091 I=64 rep 1935: unresolved gen 100000 pcc 0.993 sep_end 3 first_sep 135 tag None (18.8s; 24146s total)
nat above None mN=1.091 I=64 rep 1936: frozen gen 390 pcc 1.000 sep_end 0 first_sep -1 tag None (0.4s; 24146s total)
nat cheap None mN=1.091 I=64 rep 1936: frozen gen 285 pcc 1.000 sep_end 0 first_sep -1 tag None (0.3s; 24146s total)
nat above None mN=1.091 I=64 rep 1937: frozen gen 235 pcc 1.000 sep_end 0 first_sep -1 tag None (0.3s; 24146s total)
nat cheap None mN=1.091 I=64 rep 1933: unresolved gen 100000 pcc 0.981 sep_end 3 first_sep 95 tag None (67.8s; 24167s total)
nat above None mN=1.091 I=64 rep 1938: frozen gen 355 pcc 1.000 sep_end 0 first_sep -1 tag None (0.3s; 24168s total)
nat cheap None mN=1.091 I=64 rep 1938: frozen gen 830 pcc 1.000 sep_end 0 first_sep 110 tag None (0.9s; 24169s total)
nat above None mN=1.091 I=64 rep 1939: frozen gen 295 pcc 1.000 sep_end 0 first_sep -1 tag None (0.3s; 24169s total)
nat cheap None mN=1.091 I=64 rep 1939: frozen gen 470 pcc 1.000 sep_end 0 first_sep 60 tag None (0.5s; 24170s total)
nat above None mN=1.091 I=64 rep 1940: frozen gen 280 pcc 1.000 sep_end 0 first_sep -1 tag None (0.3s; 24170s total)
nat cheap None mN=1.091 I=64 rep 1934: unresolved gen 100000 pcc 0.975 sep_end 1 first_sep 105 tag None (66.9s; 24174s total)
nat above None mN=1.091 I=64 rep 1941: frozen gen 330 pcc 1.000 sep_end 0 first_sep -1 tag None (0.4s; 24174s total)
nat cheap None mN=1.091 I=64 rep 1941: frozen gen 1535 pcc 1.000 sep_end 0 first_sep 115 tag None (1.6s; 24176s total)
nat above None mN=1.091 I=64 rep 1942: frozen gen 360 pcc 1.000 sep_end 0 first_sep -1 tag None (0.4s; 24176s total)
nat cheap None mN=1.091 I=64 rep 1942: frozen gen 305 pcc 1.000 sep_end 0 first_sep -1 tag None (0.3s; 24177s total)
nat above None mN=1.091 I=64 rep 1943: frozen gen 340 pcc 1.000 sep_end 0 first_sep -1 tag None (0.3s; 24177s total)
nat cheap None mN=1.091 I=64 rep 1943: frozen gen 250 pcc 1.000 sep_end 0 first_sep -1 tag None (0.3s; 24177s total)
nat above None mN=1.091 I=64 rep 1944: frozen gen 285 pcc 1.000 sep_end 0 first_sep -1 tag None (0.3s; 24177s total)
nat cheap None mN=1.091 I=64 rep 1937: unresolved gen 100000 pcc 0.983 sep_end 1 first_sep 75 tag None (58.1s; 24205s total)
nat above None mN=1.091 I=64 rep 1945: frozen gen 270 pcc 1.000 sep_end 0 first_sep -1 tag None (0.3s; 24205s total)
nat cheap None mN=1.091 I=64 rep 1945: frozen gen 295 pcc 1.000 sep_end 0 first_sep -1 tag None (0.3s; 24205s total)
nat above None mN=1.091 I=64 rep 1946: frozen gen 300 pcc 1.000 sep_end 0 first_sep -1 tag None (0.2s; 24205s total)
nat cheap None mN=1.091 I=64 rep 1946: unresolved gen 100000 pcc 0.997 sep_end 1 first_sep 55 tag None (10.9s; 24216s total)
nat above None mN=1.091 I=64 rep 1947: frozen gen 295 pcc 1.000 sep_end 0 first_sep -1 tag None (0.3s; 24217s total)
nat cheap None mN=1.091 I=64 rep 1947: frozen gen 1965 pcc 1.000 sep_end 0 first_sep 110 tag None (1.8s; 24218s total)
nat above None mN=1.091 I=64 rep 1948: frozen gen 270 pcc 1.000 sep_end 0 first_sep -1 tag None (0.2s; 24219s total)
nat cheap None mN=1.091 I=64 rep 1948: frozen gen 1375 pcc 1.000 sep_end 0 first_sep 105 tag None (1.4s; 24220s total)
nat above None mN=1.091 I=64 rep 1949: frozen gen 370 pcc 1.000 sep_end 0 first_sep -1 tag None (0.3s; 24220s total)
nat cheap None mN=1.091 I=64 rep 1949: frozen gen 1580 pcc 1.000 sep_end 0 first_sep 90 tag None (1.7s; 24222s total)
nat above None mN=1.091 I=64 rep 1950: frozen gen 320 pcc 1.000 sep_end 0 first_sep -1 tag None (0.2s; 24222s total)
nat cheap None mN=1.091 I=64 rep 1950: frozen gen 280 pcc 1.000 sep_end 0 first_sep -1 tag None (0.3s; 24223s total)
nat above None mN=1.091 I=64 rep 1951: frozen gen 350 pcc 1.000 sep_end 0 first_sep -1 tag None (0.4s; 24224s total)
nat cheap None mN=1.091 I=64 rep 1940: unresolved gen 100000 pcc 0.976 sep_end 3 first_sep 115 tag None (62.5s; 24232s total)
nat above None mN=1.091 I=64 rep 1952: frozen gen 385 pcc 1.000 sep_end 0 first_sep -1 tag None (0.3s; 24233s total)
nat cheap None mN=1.091 I=64 rep 1952: frozen gen 735 pcc 1.000 sep_end 0 first_sep 100 tag None (0.8s; 24234s total)
nat above None mN=1.091 I=64 rep 1953: frozen gen 270 pcc 1.000 sep_end 0 first_sep -1 tag None (0.2s; 24234s total)
nat cheap None mN=1.091 I=64 rep 1953: unresolved gen 100000 pcc 0.997 sep_end 0 first_sep 70 tag None (9.0s; 24243s total)
nat above None mN=1.091 I=64 rep 1954: frozen gen 260 pcc 1.000 sep_end 0 first_sep -1 tag None (0.4s; 24243s total)
nat cheap None mN=1.091 I=64 rep 1944: unresolved gen 100000 pcc 0.978 sep_end 3 first_sep 80 tag None (71.9s; 24249s total)
nat above None mN=1.091 I=64 rep 1955: frozen gen 1015 pcc 1.000 sep_end 0 first_sep 60 tag None (1.0s; 24250s total)
nat cheap None mN=1.091 I=64 rep 1951: unresolved gen 100000 pcc 0.987 sep_end 1 first_sep 140 tag None (37.8s; 24261s total)
nat above None mN=1.091 I=64 rep 1956: frozen gen 460 pcc 1.000 sep_end 0 first_sep -1 tag None (0.4s; 24261s total)
nat cheap None mN=1.091 I=64 rep 1955: unresolved gen 100000 pcc 0.980 sep_end 1 first_sep 95 tag None (65.9s; 24316s total)
nat above None mN=1.091 I=64 rep 1957: frozen gen 315 pcc 1.000 sep_end 0 first_sep -1 tag None (0.3s; 24316s total)
nat cheap None mN=1.091 I=64 rep 1954: unresolved gen 100000 pcc 0.976 sep_end 3 first_sep 95 tag None (77.5s; 24321s total)
nat above None mN=1.091 I=64 rep 1958: frozen gen 360 pcc 1.000 sep_end 0 first_sep -1 tag None (0.3s; 24321s total)
nat cheap None mN=1.091 I=64 rep 1958: frozen gen 290 pcc 1.000 sep_end 0 first_sep -1 tag None (0.3s; 24321s total)
nat above None mN=1.091 I=64 rep 1959: frozen gen 380 pcc 1.000 sep_end 0 first_sep -1 tag None (0.3s; 24322s total)
nat cheap None mN=1.091 I=64 rep 1959: frozen gen 1395 pcc 1.000 sep_end 0 first_sep 80 tag None (1.4s; 24323s total)
nat above None mN=1.091 I=64 rep 1960: frozen gen 295 pcc 1.000 sep_end 0 first_sep -1 tag None (0.3s; 24323s total)
nat cheap None mN=1.091 I=64 rep 1956: unresolved gen 100000 pcc 0.980 sep_end 3 first_sep 100 tag None (66.3s; 24328s total)
nat above None mN=1.091 I=64 rep 1961: frozen gen 270 pcc 1.000 sep_end 0 first_sep -1 tag None (0.2s; 24328s total)
nat cheap None mN=1.091 I=64 rep 1961: frozen gen 1175 pcc 1.000 sep_end 0 first_sep 85 tag None (1.2s; 24329s total)
nat above None mN=1.091 I=64 rep 1962: frozen gen 410 pcc 1.000 sep_end 0 first_sep -1 tag None (0.4s; 24329s total)
nat cheap None mN=1.091 I=64 rep 1960: unresolved gen 100000 pcc 0.978 sep_end 1 first_sep 105 tag None (63.7s; 24387s total)
nat above None mN=1.091 I=64 rep 1963: frozen gen 250 pcc 1.000 sep_end 0 first_sep -1 tag None (0.3s; 24387s total)
nat cheap None mN=1.091 I=64 rep 1957: unresolved gen 100000 pcc 0.968 sep_end 3 first_sep 105 tag None (72.2s; 24389s total)
nat above None mN=1.091 I=64 rep 1964: frozen gen 335 pcc 1.000 sep_end 0 first_sep -1 tag None (0.4s; 24389s total)
nat cheap None mN=1.091 I=64 rep 1962: unresolved gen 100000 pcc 0.977 sep_end 1 first_sep 105 tag None (64.5s; 24394s total)
nat above None mN=1.091 I=64 rep 1965: frozen gen 285 pcc 1.000 sep_end 0 first_sep -1 tag None (0.2s; 24394s total)
nat cheap None mN=1.091 I=64 rep 1963: unresolved gen 100000 pcc 0.992 sep_end 1 first_sep 70 tag None (26.9s; 24414s total)
nat above None mN=1.091 I=64 rep 1966: frozen gen 330 pcc 1.000 sep_end 0 first_sep -1 tag None (0.3s; 24415s total)
nat cheap None mN=1.091 I=64 rep 1966: unresolved gen 100000 pcc 0.990 sep_end 1 first_sep 100 tag None (20.2s; 24435s total)
nat cheap None mN=1.091 I=64 rep 1965: unresolved gen 100000 pcc 0.985 sep_end 3 first_sep 95 tag None (40.9s; 24435s total)
nat above None mN=1.091 I=64 rep 1967: frozen gen 320 pcc 1.000 sep_end 0 first_sep -1 tag None (0.3s; 24435s total)
nat above None mN=1.091 I=64 rep 1968: frozen gen 320 pcc 1.000 sep_end 0 first_sep -1 tag None (0.3s; 24435s total)
nat cheap None mN=1.091 I=64 rep 1964: unresolved gen 100000 pcc 0.980 sep_end 1 first_sep 130 tag None (64.2s; 24453s total)
nat above None mN=1.091 I=64 rep 1969: frozen gen 320 pcc 1.000 sep_end 0 first_sep -1 tag None (0.3s; 24453s total)
nat cheap None mN=1.091 I=64 rep 1969: unresolved gen 100000 pcc 0.993 sep_end 1 first_sep 80 tag None (41.0s; 24494s total)
nat above None mN=1.091 I=64 rep 1970: frozen gen 405 pcc 1.000 sep_end 0 first_sep -1 tag None (0.5s; 24495s total)
nat cheap None mN=1.091 I=64 rep 1970: frozen gen 325 pcc 1.000 sep_end 0 first_sep -1 tag None (0.3s; 24495s total)
nat above None mN=1.091 I=64 rep 1971: frozen gen 340 pcc 1.000 sep_end 0 first_sep -1 tag None (0.3s; 24496s total)
nat cheap None mN=1.091 I=64 rep 1967: unresolved gen 100000 pcc 0.982 sep_end 1 first_sep 75 tag None (66.7s; 24502s total)
nat above None mN=1.091 I=64 rep 1972: frozen gen 245 pcc 1.000 sep_end 0 first_sep -1 tag None (0.2s; 24502s total)
nat cheap None mN=1.091 I=64 rep 1972: frozen gen 275 pcc 1.000 sep_end 0 first_sep -1 tag None (0.3s; 24502s total)
nat above None mN=1.091 I=64 rep 1973: frozen gen 265 pcc 1.000 sep_end 0 first_sep -1 tag None (0.3s; 24503s total)
nat cheap None mN=1.091 I=64 rep 1968: unresolved gen 100000 pcc 0.981 sep_end 3 first_sep 80 tag None (67.8s; 24503s total)
nat above None mN=1.091 I=64 rep 1974: frozen gen 325 pcc 1.000 sep_end 0 first_sep -1 tag None (0.3s; 24504s total)
nat cheap None mN=1.091 I=64 rep 1974: frozen gen 365 pcc 1.000 sep_end 0 first_sep -1 tag None (0.3s; 24504s total)
nat above None mN=1.091 I=64 rep 1975: frozen gen 295 pcc 1.000 sep_end 0 first_sep -1 tag None (0.2s; 24504s total)
nat cheap None mN=1.091 I=64 rep 1971: unresolved gen 100000 pcc 0.978 sep_end 1 first_sep 80 tag None (61.9s; 24558s total)
nat above None mN=1.091 I=64 rep 1976: frozen gen 250 pcc 1.000 sep_end 0 first_sep -1 tag None (0.2s; 24559s total)
nat cheap None mN=1.091 I=64 rep 1975: unresolved gen 100000 pcc 0.982 sep_end 1 first_sep 75 tag None (56.0s; 24560s total)
nat above None mN=1.091 I=64 rep 1977: frozen gen 300 pcc 1.000 sep_end 0 first_sep -1 tag None (0.3s; 24560s total)
nat cheap None mN=1.091 I=64 rep 1973: unresolved gen 100000 pcc 0.978 sep_end 1 first_sep 150 tag None (60.2s; 24563s total)
nat above None mN=1.091 I=64 rep 1978: frozen gen 1635 pcc 1.000 sep_end 0 first_sep 145 tag None (1.2s; 24564s total)
nat cheap None mN=1.091 I=64 rep 1976: unresolved gen 100000 pcc 0.975 sep_end 1 first_sep 90 tag None (62.3s; 24620s total)
nat above None mN=1.091 I=64 rep 1979: frozen gen 265 pcc 1.000 sep_end 0 first_sep -1 tag None (0.2s; 24620s total)
nat cheap None mN=1.091 I=64 rep 1979: frozen gen 335 pcc 1.000 sep_end 0 first_sep -1 tag None (0.3s; 24621s total)
nat above None mN=1.091 I=64 rep 1980: frozen gen 275 pcc 1.000 sep_end 0 first_sep -1 tag None (0.2s; 24621s total)
nat cheap None mN=1.091 I=64 rep 1977: unresolved gen 100000 pcc 0.976 sep_end 1 first_sep 85 tag None (61.0s; 24621s total)
nat above None mN=1.091 I=64 rep 1981: frozen gen 250 pcc 1.000 sep_end 0 first_sep -1 tag None (0.3s; 24622s total)
nat cheap None mN=1.091 I=64 rep 1981: frozen gen 785 pcc 1.000 sep_end 0 first_sep 125 tag None (0.8s; 24622s total)
nat above None mN=1.091 I=64 rep 1982: frozen gen 350 pcc 1.000 sep_end 0 first_sep -1 tag None (0.2s; 24623s total)
nat cheap None mN=1.091 I=64 rep 1982: frozen gen 1040 pcc 1.000 sep_end 0 first_sep 85 tag None (1.0s; 24624s total)
nat above None mN=1.091 I=64 rep 1983: frozen gen 280 pcc 1.000 sep_end 0 first_sep -1 tag None (0.4s; 24624s total)
nat cheap None mN=1.091 I=64 rep 1978: unresolved gen 100000 pcc 0.979 sep_end 3 first_sep 95 tag None (66.4s; 24630s total)
nat above None mN=1.091 I=64 rep 1984: frozen gen 395 pcc 1.000 sep_end 0 first_sep -1 tag None (0.3s; 24631s total)
nat cheap None mN=1.091 I=64 rep 1980: unresolved gen 100000 pcc 0.978 sep_end 3 first_sep 75 tag None (63.5s; 24684s total)
nat above None mN=1.091 I=64 rep 1985: frozen gen 255 pcc 1.000 sep_end 0 first_sep -1 tag None (0.3s; 24685s total)
nat cheap None mN=1.091 I=64 rep 1985: frozen gen 270 pcc 1.000 sep_end 0 first_sep -1 tag None (0.3s; 24685s total)
nat above None mN=1.091 I=64 rep 1986: frozen gen 290 pcc 1.000 sep_end 0 first_sep -1 tag None (0.3s; 24685s total)
nat cheap None mN=1.091 I=64 rep 1983: unresolved gen 100000 pcc 0.973 sep_end 3 first_sep 105 tag None (66.7s; 24691s total)
nat above None mN=1.091 I=64 rep 1987: frozen gen 305 pcc 1.000 sep_end 0 first_sep -1 tag None (0.3s; 24691s total)
nat cheap None mN=1.091 I=64 rep 1984: unresolved gen 100000 pcc 0.975 sep_end 1 first_sep 95 tag None (60.7s; 24691s total)
nat above None mN=1.091 I=64 rep 1988: frozen gen 390 pcc 1.000 sep_end 0 first_sep 125 tag None (0.3s; 24692s total)
nat cheap None mN=1.091 I=64 rep 1986: unresolved gen 100000 pcc 0.989 sep_end 1 first_sep 55 tag None (29.0s; 24714s total)
nat above None mN=1.091 I=64 rep 1989: frozen gen 295 pcc 1.000 sep_end 0 first_sep -1 tag None (0.3s; 24715s total)
nat cheap None mN=1.091 I=64 rep 1987: unresolved gen 100000 pcc 0.987 sep_end 1 first_sep 75 tag None (41.2s; 24732s total)
nat above None mN=1.091 I=64 rep 1990: frozen gen 310 pcc 1.000 sep_end 0 first_sep -1 tag None (0.3s; 24732s total)
nat cheap None mN=1.091 I=64 rep 1988: unresolved gen 100000 pcc 0.976 sep_end 1 first_sep 65 tag None (61.8s; 24754s total)
nat above None mN=1.091 I=64 rep 1991: frozen gen 340 pcc 1.000 sep_end 0 first_sep -1 tag None (0.4s; 24754s total)
nat cheap None mN=1.091 I=64 rep 1989: unresolved gen 100000 pcc 0.982 sep_end 3 first_sep 90 tag None (63.6s; 24778s total)
nat above None mN=1.091 I=64 rep 1992: frozen gen 265 pcc 1.000 sep_end 0 first_sep -1 tag None (0.2s; 24779s total)
nat cheap None mN=1.091 I=64 rep 1991: unresolved gen 100000 pcc 0.994 sep_end 3 first_sep 90 tag None (29.1s; 24783s total)
nat above None mN=1.091 I=64 rep 1993: frozen gen 365 pcc 1.000 sep_end 0 first_sep -1 tag None (0.3s; 24783s total)
nat cheap None mN=1.091 I=64 rep 1993: unresolved gen 100000 pcc 1.000 sep_end 1 first_sep 230 tag None (5.6s; 24789s total)
nat above None mN=1.091 I=64 rep 1994: frozen gen 345 pcc 1.000 sep_end 0 first_sep -1 tag None (0.4s; 24789s total)
nat cheap None mN=1.091 I=64 rep 1990: unresolved gen 100000 pcc 0.973 sep_end 1 first_sep 145 tag None (64.4s; 24797s total)
nat above None mN=1.091 I=64 rep 1995: frozen gen 295 pcc 1.000 sep_end 0 first_sep -1 tag None (0.3s; 24797s total)
nat cheap None mN=1.091 I=64 rep 1995: frozen gen 335 pcc 1.000 sep_end 0 first_sep -1 tag None (0.3s; 24797s total)
nat above None mN=1.091 I=64 rep 1996: frozen gen 310 pcc 1.000 sep_end 0 first_sep -1 tag None (0.2s; 24798s total)
nat cheap None mN=1.091 I=64 rep 1996: frozen gen 395 pcc 1.000 sep_end 0 first_sep -1 tag None (0.4s; 24798s total)
nat above None mN=1.091 I=64 rep 1997: frozen gen 275 pcc 1.000 sep_end 0 first_sep -1 tag None (0.2s; 24798s total)
nat cheap None mN=1.091 I=64 rep 1992: unresolved gen 100000 pcc 0.978 sep_end 1 first_sep 80 tag None (55.8s; 24834s total)
nat above None mN=1.091 I=64 rep 1998: frozen gen 335 pcc 1.000 sep_end 0 first_sep -1 tag None (0.6s; 24835s total)
nat cheap None mN=1.091 I=64 rep 1998: frozen gen 365 pcc 1.000 sep_end 0 first_sep 40 tag None (0.5s; 24835s total)
nat above None mN=1.091 I=64 rep 1999: frozen gen 300 pcc 1.000 sep_end 0 first_sep -1 tag None (2.8s; 24838s total)
nat cheap None mN=1.091 I=64 rep 1994: unresolved gen 100000 pcc 0.986 sep_end 1 first_sep 65 tag None (56.9s; 24846s total)
nat above None mN=1.091 I=64 rep 2000: frozen gen 245 pcc 1.000 sep_end 0 first_sep -1 tag None (0.3s; 24847s total)
nat cheap None mN=1.091 I=64 rep 2000: frozen gen 1310 pcc 1.000 sep_end 0 first_sep 75 tag None (1.5s; 24848s total)
nat above None mN=1.091 I=64 rep 2001: frozen gen 265 pcc 1.000 sep_end 0 first_sep -1 tag None (0.3s; 24849s total)
nat cheap None mN=1.091 I=64 rep 1997: unresolved gen 100000 pcc 0.986 sep_end 1 first_sep 85 tag None (63.0s; 24861s total)
nat above None mN=1.091 I=64 rep 2002: frozen gen 320 pcc 1.000 sep_end 0 first_sep -1 tag None (0.3s; 24862s total)
nat cheap None mN=1.091 I=64 rep 2002: frozen gen 380 pcc 1.000 sep_end 0 first_sep -1 tag None (0.3s; 24862s total)
nat above None mN=1.091 I=64 rep 2003: frozen gen 320 pcc 1.000 sep_end 0 first_sep -1 tag None (0.3s; 24862s total)
nat cheap None mN=1.091 I=64 rep 2001: unresolved gen 100000 pcc 0.987 sep_end 1 first_sep 70 tag None (32.9s; 24881s total)
nat above None mN=1.091 I=64 rep 2004: frozen gen 335 pcc 1.000 sep_end 0 first_sep -1 tag None (0.3s; 24882s total)
nat cheap None mN=1.091 I=64 rep 1999: unresolved gen 100000 pcc 0.978 sep_end 1 first_sep 70 tag None (66.0s; 24904s total)
nat above None mN=1.091 I=64 rep 2005: frozen gen 285 pcc 1.000 sep_end 0 first_sep -1 tag None (0.3s; 24905s total)
nat cheap None mN=1.091 I=64 rep 2003: unresolved gen 100000 pcc 0.978 sep_end 3 first_sep 70 tag None (65.5s; 24928s total)
nat above None mN=1.091 I=64 rep 2006: frozen gen 320 pcc 1.000 sep_end 0 first_sep -1 tag None (0.3s; 24928s total)
nat cheap None mN=1.091 I=64 rep 2004: unresolved gen 100000 pcc 0.976 sep_end 1 first_sep 100 tag None (66.6s; 24948s total)
nat above None mN=1.091 I=64 rep 2007: frozen gen 385 pcc 1.000 sep_end 0 first_sep -1 tag None (0.3s; 24949s total)
nat cheap None mN=1.091 I=64 rep 2007: frozen gen 315 pcc 1.000 sep_end 0 first_sep -1 tag None (0.3s; 24949s total)
nat above None mN=1.091 I=64 rep 2008: frozen gen 240 pcc 1.000 sep_end 0 first_sep -1 tag None (0.2s; 24949s total)
nat cheap None mN=1.091 I=64 rep 2005: unresolved gen 100000 pcc 0.985 sep_end 1 first_sep 160 tag None (63.9s; 24969s total)
nat above None mN=1.091 I=64 rep 2009: frozen gen 260 pcc 1.000 sep_end 0 first_sep -1 tag None (0.3s; 24969s total)
nat cheap None mN=1.091 I=64 rep 2006: unresolved gen 100000 pcc 0.978 sep_end 1 first_sep 55 tag None (60.6s; 24989s total)
nat above None mN=1.091 I=64 rep 2010: frozen gen 280 pcc 1.000 sep_end 0 first_sep -1 tag None (0.3s; 24989s total)
nat cheap None mN=1.091 I=64 rep 2008: unresolved gen 100000 pcc 0.974 sep_end 1 first_sep 55 tag None (68.2s; 25017s total)
nat above None mN=1.091 I=64 rep 2011: frozen gen 270 pcc 1.000 sep_end 0 first_sep -1 tag None (0.3s; 25018s total)
nat cheap None mN=1.091 I=64 rep 2011: frozen gen 300 pcc 1.000 sep_end 0 first_sep 180 tag None (0.3s; 25018s total)
nat above None mN=1.091 I=64 rep 2012: frozen gen 305 pcc 1.000 sep_end 0 first_sep -1 tag None (0.3s; 25018s total)
nat cheap None mN=1.091 I=64 rep 2012: frozen gen 290 pcc 1.000 sep_end 0 first_sep -1 tag None (0.3s; 25019s total)
nat above None mN=1.091 I=64 rep 2013: frozen gen 250 pcc 1.000 sep_end 0 first_sep -1 tag None (0.3s; 25019s total)
nat cheap None mN=1.091 I=64 rep 2010: unresolved gen 100000 pcc 0.983 sep_end 3 first_sep 90 tag None (37.8s; 25027s total)
nat above None mN=1.091 I=64 rep 2014: frozen gen 400 pcc 1.000 sep_end 0 first_sep -1 tag None (0.4s; 25027s total)
nat cheap None mN=1.091 I=64 rep 2009: unresolved gen 100000 pcc 0.974 sep_end 1 first_sep 85 tag None (71.0s; 25040s total)
nat above None mN=1.091 I=64 rep 2015: frozen gen 445 pcc 1.000 sep_end 0 first_sep -1 tag None (0.4s; 25040s total)
nat cheap None mN=1.091 I=64 rep 2015: frozen gen 1375 pcc 1.000 sep_end 0 first_sep 95 tag None (1.5s; 25042s total)
nat above None mN=1.091 I=64 rep 2016: frozen gen 335 pcc 1.000 sep_end 0 first_sep -1 tag None (0.4s; 25042s total)
nat cheap None mN=1.091 I=64 rep 2014: unresolved gen 100000 pcc 0.984 sep_end 1 first_sep 105 tag None (45.2s; 25072s total)
nat above None mN=1.091 I=64 rep 2017: frozen gen 315 pcc 1.000 sep_end 0 first_sep -1 tag None (0.3s; 25073s total)
nat cheap None mN=1.091 I=64 rep 2017: frozen gen 380 pcc 1.000 sep_end 0 first_sep -1 tag None (0.4s; 25073s total)
nat above None mN=1.091 I=64 rep 2018: frozen gen 305 pcc 1.000 sep_end 0 first_sep -1 tag None (0.4s; 25073s total)
nat cheap None mN=1.091 I=64 rep 2016: unresolved gen 100000 pcc 0.986 sep_end 1 first_sep 95 tag None (32.1s; 25075s total)
nat above None mN=1.091 I=64 rep 2019: frozen gen 330 pcc 1.000 sep_end 0 first_sep -1 tag None (0.3s; 25075s total)
nat cheap None mN=1.091 I=64 rep 2019: frozen gen 2800 pcc 1.000 sep_end 0 first_sep 75 tag None (2.7s; 25078s total)
nat above None mN=1.091 I=64 rep 2020: frozen gen 265 pcc 1.000 sep_end 0 first_sep -1 tag None (0.3s; 25078s total)
nat cheap None mN=1.091 I=64 rep 2013: unresolved gen 100000 pcc 0.979 sep_end 1 first_sep 90 tag None (72.1s; 25091s total)
nat above None mN=1.091 I=64 rep 2021: frozen gen 300 pcc 1.000 sep_end 0 first_sep -1 tag None (0.3s; 25091s total)
nat cheap None mN=1.091 I=64 rep 2020: unresolved gen 100000 pcc 0.987 sep_end 1 first_sep 105 tag None (34.0s; 25112s total)
nat above None mN=1.091 I=64 rep 2022: frozen gen 325 pcc 1.000 sep_end 0 first_sep -1 tag None (0.4s; 25112s total)
nat cheap None mN=1.091 I=64 rep 2022: frozen gen 1460 pcc 1.000 sep_end 0 first_sep 115 tag None (1.6s; 25114s total)
nat above None mN=1.091 I=64 rep 2023: frozen gen 275 pcc 1.000 sep_end 0 first_sep -1 tag None (0.3s; 25114s total)
nat cheap None mN=1.091 I=64 rep 2021: unresolved gen 100000 pcc 0.990 sep_end 1 first_sep 175 tag None (23.1s; 25114s total)
nat above None mN=1.091 I=64 rep 2024: frozen gen 285 pcc 1.000 sep_end 0 first_sep -1 tag None (0.3s; 25115s total)
nat cheap None mN=1.091 I=64 rep 2024: frozen gen 315 pcc 1.000 sep_end 0 first_sep -1 tag None (0.3s; 25115s total)
nat above None mN=1.091 I=64 rep 2025: frozen gen 270 pcc 1.000 sep_end 0 first_sep -1 tag None (0.4s; 25115s total)
nat cheap None mN=1.091 I=64 rep 2025: unresolved gen 100000 pcc 1.000 sep_end 1 first_sep 285 tag None (5.9s; 25121s total)
nat above None mN=1.091 I=64 rep 2026: frozen gen 280 pcc 1.000 sep_end 0 first_sep -1 tag None (0.4s; 25123s total)
nat cheap None mN=1.091 I=64 rep 2023: unresolved gen 100000 pcc 0.994 sep_end 1 first_sep 90 tag None (19.2s; 25134s total)
nat above None mN=1.091 I=64 rep 2027: frozen gen 240 pcc 1.000 sep_end 0 first_sep -1 tag None (0.3s; 25134s total)
nat cheap None mN=1.091 I=64 rep 2026: unresolved gen 100000 pcc 0.996 sep_end 1 first_sep 80 tag None (15.2s; 25137s total)
nat above None mN=1.091 I=64 rep 2028: frozen gen 295 pcc 1.000 sep_end 0 first_sep -1 tag None (0.4s; 25137s total)
nat cheap None mN=1.091 I=64 rep 2018: unresolved gen 100000 pcc 0.983 sep_end 1 first_sep 55 tag None (71.5s; 25145s total)
nat above None mN=1.091 I=64 rep 2029: frozen gen 250 pcc 1.000 sep_end 0 first_sep -1 tag None (0.2s; 25145s total)
nat cheap None mN=1.091 I=64 rep 2028: unresolved gen 100000 pcc 0.988 sep_end 1 first_sep 135 tag None (23.2s; 25161s total)
nat above None mN=1.091 I=64 rep 2030: frozen gen 305 pcc 1.000 sep_end 0 first_sep -1 tag None (0.3s; 25161s total)
nat cheap None mN=1.091 I=64 rep 2030: frozen gen 2350 pcc 1.000 sep_end 0 first_sep 75 tag None (2.2s; 25163s total)
nat above None mN=1.091 I=64 rep 2031: frozen gen 295 pcc 1.000 sep_end 0 first_sep -1 tag None (0.3s; 25163s total)
nat cheap None mN=1.091 I=64 rep 2029: unresolved gen 100000 pcc 0.991 sep_end 1 first_sep 100 tag None (30.7s; 25176s total)
nat above None mN=1.091 I=64 rep 2032: frozen gen 355 pcc 1.000 sep_end 0 first_sep -1 tag None (0.4s; 25176s total)
nat cheap None mN=1.091 I=64 rep 2032: unresolved gen 100000 pcc 0.998 sep_end 0 first_sep 75 tag None (6.3s; 25183s total)
nat above None mN=1.091 I=64 rep 2033: frozen gen 320 pcc 1.000 sep_end 0 first_sep -1 tag None (0.4s; 25183s total)
nat cheap None mN=1.091 I=64 rep 2027: unresolved gen 100000 pcc 0.983 sep_end 1 first_sep 55 tag None (71.7s; 25206s total)
nat above None mN=1.091 I=64 rep 2034: frozen gen 310 pcc 1.000 sep_end 0 first_sep -1 tag None (0.4s; 25206s total)
nat cheap None mN=1.091 I=64 rep 2031: unresolved gen 100000 pcc 0.988 sep_end 1 first_sep 70 tag None (56.0s; 25219s total)
nat above None mN=1.091 I=64 rep 2035: frozen gen 335 pcc 1.000 sep_end 0 first_sep -1 tag None (0.3s; 25220s total)
nat cheap None mN=1.091 I=64 rep 2035: frozen gen 330 pcc 1.000 sep_end 0 first_sep -1 tag None (0.3s; 25220s total)
nat above None mN=1.091 I=64 rep 2036: frozen gen 305 pcc 1.000 sep_end 0 first_sep -1 tag None (0.3s; 25220s total)
nat cheap None mN=1.091 I=64 rep 2033: unresolved gen 100000 pcc 0.989 sep_end 1 first_sep 80 tag None (39.6s; 25223s total)
nat above None mN=1.091 I=64 rep 2037: frozen gen 230 pcc 1.000 sep_end 0 first_sep -1 tag None (0.3s; 25223s total)
nat cheap None mN=1.091 I=64 rep 2037: frozen gen 1600 pcc 1.000 sep_end 0 first_sep 90 tag None (2.3s; 25225s total)
nat above None mN=1.091 I=64 rep 2038: frozen gen 350 pcc 1.000 sep_end 0 first_sep -1 tag None (0.3s; 25226s total)
nat cheap None mN=1.091 I=64 rep 2036: unresolved gen 100000 pcc 0.996 sep_end 1 first_sep 85 tag None (18.0s; 25238s total)
nat above None mN=1.091 I=64 rep 2039: frozen gen 340 pcc 1.000 sep_end 0 first_sep -1 tag None (0.4s; 25239s total)
nat cheap None mN=1.091 I=64 rep 2034: unresolved gen 100000 pcc 0.984 sep_end 1 first_sep 125 tag None (57.1s; 25263s total)
nat above None mN=1.091 I=64 rep 2040: frozen gen 275 pcc 1.000 sep_end 0 first_sep -1 tag None (0.3s; 25263s total)
nat cheap None mN=1.091 I=64 rep 2040: frozen gen 295 pcc 1.000 sep_end 0 first_sep -1 tag None (0.3s; 25264s total)
nat above None mN=1.091 I=64 rep 2041: frozen gen 335 pcc 1.000 sep_end 0 first_sep -1 tag None (0.4s; 25264s total)
nat cheap None mN=1.091 I=64 rep 2038: unresolved gen 100000 pcc 0.986 sep_end 1 first_sep 40 tag None (73.2s; 25299s total)
nat above None mN=1.091 I=64 rep 2042: frozen gen 260 pcc 1.000 sep_end 0 first_sep -1 tag None (0.3s; 25299s total)
nat cheap None mN=1.091 I=64 rep 2042: frozen gen 310 pcc 1.000 sep_end 0 first_sep -1 tag None (0.5s; 25300s total)
nat above None mN=1.091 I=64 rep 2043: frozen gen 440 pcc 1.000 sep_end 0 first_sep -1 tag None (0.4s; 25300s total)
nat cheap None mN=1.091 I=64 rep 2043: frozen gen 585 pcc 1.000 sep_end 0 first_sep 170 tag None (0.8s; 25301s total)
nat above None mN=1.091 I=64 rep 2044: frozen gen 400 pcc 1.000 sep_end 0 first_sep -1 tag None (0.6s; 25301s total)
nat cheap None mN=1.091 I=64 rep 2039: unresolved gen 100000 pcc 0.982 sep_end 1 first_sep 95 tag None (73.4s; 25312s total)
nat above None mN=1.091 I=64 rep 2045: frozen gen 290 pcc 1.000 sep_end 0 first_sep -1 tag None (0.3s; 25313s total)
nat cheap None mN=1.091 I=64 rep 2041: unresolved gen 100000 pcc 0.976 sep_end 1 first_sep 175 tag None (77.4s; 25342s total)
nat above None mN=1.091 I=64 rep 2046: frozen gen 405 pcc 1.000 sep_end 0 first_sep -1 tag None (0.3s; 25342s total)
nat cheap None mN=1.091 I=64 rep 2044: unresolved gen 100000 pcc 0.974 sep_end 3 first_sep 95 tag None (80.4s; 25382s total)
nat above None mN=1.091 I=64 rep 2047: frozen gen 330 pcc 1.000 sep_end 0 first_sep -1 tag None (0.4s; 25382s total)
nat cheap None mN=1.091 I=64 rep 2045: unresolved gen 100000 pcc 0.980 sep_end 1 first_sep 50 tag None (88.1s; 25401s total)
nat above None mN=1.091 I=64 rep 2048: frozen gen 235 pcc 1.000 sep_end 0 first_sep -1 tag None (0.3s; 25401s total)
nat cheap None mN=1.091 I=64 rep 2046: unresolved gen 100000 pcc 0.985 sep_end 1 first_sep 75 tag None (64.0s; 25406s total)
nat above None mN=1.091 I=64 rep 2049: frozen gen 355 pcc 1.000 sep_end 0 first_sep -1 tag None (0.6s; 25407s total)
nat cheap None mN=1.091 I=64 rep 2049: frozen gen 350 pcc 1.000 sep_end 0 first_sep -1 tag None (0.5s; 25407s total)
nat above None mN=1.091 I=64 rep 2050: frozen gen 375 pcc 1.000 sep_end 0 first_sep -1 tag None (0.6s; 25408s total)
nat cheap None mN=1.091 I=64 rep 2047: unresolved gen 100000 pcc 0.987 sep_end 3 first_sep 55 tag None (68.6s; 25451s total)
nat above None mN=1.091 I=64 rep 2051: frozen gen 260 pcc 1.000 sep_end 0 first_sep -1 tag None (0.3s; 25452s total)
nat cheap None mN=1.091 I=64 rep 2051: frozen gen 285 pcc 1.000 sep_end 0 first_sep -1 tag None (0.3s; 25452s total)
nat above None mN=1.091 I=64 rep 2052: frozen gen 280 pcc 1.000 sep_end 0 first_sep -1 tag None (0.3s; 25452s total)
nat cheap None mN=1.091 I=64 rep 2050: unresolved gen 100000 pcc 0.987 sep_end 1 first_sep 100 tag None (57.9s; 25466s total)
nat above None mN=1.091 I=64 rep 2053: frozen gen 320 pcc 1.000 sep_end 0 first_sep -1 tag None (0.3s; 25466s total)
nat cheap None mN=1.091 I=64 rep 2048: unresolved gen 100000 pcc 0.983 sep_end 1 first_sep 65 tag None (78.3s; 25479s total)
nat above None mN=1.091 I=64 rep 2054: frozen gen 315 pcc 1.000 sep_end 0 first_sep -1 tag None (0.3s; 25480s total)
nat cheap None mN=1.091 I=64 rep 2054: unresolved gen 100000 pcc 0.994 sep_end 1 first_sep 95 tag None (23.0s; 25503s total)
nat above None mN=1.091 I=64 rep 2055: frozen gen 325 pcc 1.000 sep_end 0 first_sep -1 tag None (0.4s; 25503s total)
nat cheap None mN=1.091 I=64 rep 2052: unresolved gen 100000 pcc 0.978 sep_end 3 first_sep 85 tag None (79.4s; 25531s total)
nat above None mN=1.091 I=64 rep 2056: frozen gen 245 pcc 1.000 sep_end 0 first_sep -1 tag None (0.3s; 25532s total)
nat cheap None mN=1.091 I=64 rep 2053: unresolved gen 100000 pcc 0.980 sep_end 1 first_sep 100 tag None (65.9s; 25532s total)
nat above None mN=1.091 I=64 rep 2057: frozen gen 280 pcc 1.000 sep_end 0 first_sep -1 tag None (0.3s; 25532s total)
nat cheap None mN=1.091 I=64 rep 2057: unresolved gen 100000 pcc 0.998 sep_end 0 first_sep 55 tag None (5.4s; 25538s total)
nat above None mN=1.091 I=64 rep 2058: frozen gen 410 pcc 1.000 sep_end 0 first_sep -1 tag None (0.4s; 25538s total)
nat cheap None mN=1.091 I=64 rep 2058: frozen gen 1355 pcc 1.000 sep_end 0 first_sep 75 tag None (1.4s; 25539s total)
nat above None mN=1.091 I=64 rep 2059: frozen gen 2525 pcc 1.000 sep_end 0 first_sep 80 tag None (1.8s; 25541s total)
nat cheap None mN=1.091 I=64 rep 2055: unresolved gen 100000 pcc 0.983 sep_end 1 first_sep 85 tag None (48.4s; 25551s total)
nat above None mN=1.091 I=64 rep 2060: frozen gen 255 pcc 1.000 sep_end 0 first_sep -1 tag None (0.2s; 25552s total)
nat cheap None mN=1.091 I=64 rep 2059: unresolved gen 100000 pcc 0.980 sep_end 1 first_sep 95 tag None (49.6s; 25591s total)
nat above None mN=1.091 I=64 rep 2061: frozen gen 315 pcc 1.000 sep_end 0 first_sep -1 tag None (0.3s; 25591s total)
nat cheap None mN=1.091 I=64 rep 2056: unresolved gen 100000 pcc 0.978 sep_end 1 first_sep 65 tag None (62.2s; 25594s total)
nat above None mN=1.091 I=64 rep 2062: frozen gen 310 pcc 1.000 sep_end 0 first_sep -1 tag None (0.3s; 25594s total)
nat cheap None mN=1.091 I=64 rep 2062: frozen gen 1455 pcc 1.000 sep_end 0 first_sep 85 tag None (1.5s; 25596s total)
nat above None mN=1.091 I=64 rep 2063: frozen gen 255 pcc 1.000 sep_end 0 first_sep -1 tag None (0.2s; 25596s total)
nat cheap None mN=1.091 I=64 rep 2060: unresolved gen 100000 pcc 0.982 sep_end 3 first_sep 125 tag None (46.4s; 25598s total)
nat above None mN=1.091 I=64 rep 2064: frozen gen 285 pcc 1.000 sep_end 0 first_sep -1 tag None (0.3s; 25598s total)
nat cheap None mN=1.091 I=64 rep 2064: frozen gen 330 pcc 1.000 sep_end 0 first_sep -1 tag None (0.3s; 25599s total)
nat above None mN=1.091 I=64 rep 2065: frozen gen 290 pcc 1.000 sep_end 0 first_sep -1 tag None (0.2s; 25599s total)
nat cheap None mN=1.091 I=64 rep 2061: unresolved gen 100000 pcc 0.995 sep_end 1 first_sep 80 tag None (26.6s; 25618s total)
nat above None mN=1.091 I=64 rep 2066: frozen gen 285 pcc 1.000 sep_end 0 first_sep -1 tag None (0.2s; 25618s total)
nat cheap None mN=1.091 I=64 rep 2065: unresolved gen 100000 pcc 0.984 sep_end 1 first_sep 75 tag None (60.9s; 25660s total)
nat above None mN=1.091 I=64 rep 2067: frozen gen 300 pcc 1.000 sep_end 0 first_sep -1 tag None (0.3s; 25660s total)
nat cheap None mN=1.091 I=64 rep 2063: unresolved gen 100000 pcc 0.976 sep_end 3 first_sep 110 tag None (64.3s; 25660s total)
nat above None mN=1.091 I=64 rep 2068: frozen gen 465 pcc 1.000 sep_end 0 first_sep -1 tag None (0.5s; 25661s total)
nat cheap None mN=1.091 I=64 rep 2068: frozen gen 300 pcc 1.000 sep_end 0 first_sep -1 tag None (0.2s; 25661s total)
nat above None mN=1.091 I=64 rep 2069: frozen gen 290 pcc 1.000 sep_end 0 first_sep -1 tag None (0.3s; 25661s total)
nat cheap None mN=1.091 I=64 rep 2069: frozen gen 1770 pcc 1.000 sep_end 0 first_sep 105 tag None (1.7s; 25663s total)
nat above None mN=1.091 I=64 rep 2070: frozen gen 270 pcc 1.000 sep_end 0 first_sep -1 tag None (0.3s; 25663s total)
nat cheap None mN=1.091 I=64 rep 2066: unresolved gen 100000 pcc 0.980 sep_end 3 first_sep 95 tag None (47.4s; 25665s total)
nat above None mN=1.091 I=64 rep 2071: frozen gen 245 pcc 1.000 sep_end 0 first_sep -1 tag None (0.2s; 25665s total)
nat cheap None mN=1.091 I=64 rep 2070: unresolved gen 100000 pcc 0.990 sep_end 1 first_sep 80 tag None (42.1s; 25705s total)
nat above None mN=1.091 I=64 rep 2072: frozen gen 305 pcc 1.000 sep_end 0 first_sep -1 tag None (0.3s; 25706s total)
nat cheap None mN=1.091 I=64 rep 2071: unresolved gen 100000 pcc 0.984 sep_end 1 first_sep 60 tag None (54.7s; 25720s total)
nat above None mN=1.091 I=64 rep 2073: frozen gen 310 pcc 1.000 sep_end 0 first_sep -1 tag None (0.5s; 25721s total)
nat cheap None mN=1.091 I=64 rep 2073: frozen gen 435 pcc 1.000 sep_end 0 first_sep -1 tag None (0.5s; 25721s total)
nat above None mN=1.091 I=64 rep 2074: frozen gen 250 pcc 1.000 sep_end 0 first_sep -1 tag None (0.4s; 25722s total)
nat cheap None mN=1.091 I=64 rep 2067: unresolved gen 100000 pcc 0.983 sep_end 1 first_sep 90 tag None (62.4s; 25722s total)
nat above None mN=1.091 I=64 rep 2075: frozen gen 305 pcc 1.000 sep_end 0 first_sep -1 tag None (0.4s; 25723s total)
nat cheap None mN=1.091 I=64 rep 2075: frozen gen 325 pcc 1.000 sep_end 0 first_sep -1 tag None (0.4s; 25723s total)
nat above None mN=1.091 I=64 rep 2076: frozen gen 295 pcc 1.000 sep_end 0 first_sep -1 tag None (0.4s; 25725s total)
nat cheap None mN=1.091 I=64 rep 2076: frozen gen 1295 pcc 1.000 sep_end 0 first_sep 120 tag None (2.3s; 25726s total)
nat above None mN=1.091 I=64 rep 2077: frozen gen 300 pcc 1.000 sep_end 0 first_sep -1 tag None (0.3s; 25726s total)
nat cheap None mN=1.091 I=64 rep 2072: unresolved gen 100000 pcc 0.976 sep_end 1 first_sep 50 tag None (79.0s; 25785s total)
nat above None mN=1.091 I=64 rep 2078: frozen gen 290 pcc 1.000 sep_end 0 first_sep -1 tag None (0.6s; 25785s total)
nat cheap None mN=1.091 I=64 rep 2078: frozen gen 1755 pcc 1.000 sep_end 0 first_sep 95 tag None (2.4s; 25788s total)
nat above None mN=1.091 I=64 rep 2079: frozen gen 340 pcc 1.000 sep_end 0 first_sep -1 tag None (0.4s; 25788s total)
nat cheap None mN=1.091 I=64 rep 2079: frozen gen 345 pcc 1.000 sep_end 0 first_sep -1 tag None (0.4s; 25788s total)
nat above None mN=1.091 I=64 rep 2080: frozen gen 240 pcc 1.000 sep_end 0 first_sep -1 tag None (0.4s; 25789s total)
nat cheap None mN=1.091 I=64 rep 2074: unresolved gen 100000 pcc 0.985 sep_end 3 first_sep 50 tag None (71.6s; 25793s total)
nat above None mN=1.091 I=64 rep 2081: frozen gen 320 pcc 1.000 sep_end 0 first_sep -1 tag None (0.6s; 25794s total)
nat cheap None mN=1.091 I=64 rep 2081: frozen gen 1480 pcc 1.000 sep_end 0 first_sep 100 tag None (2.0s; 25796s total)
nat above None mN=1.091 I=64 rep 2082: frozen gen 235 pcc 1.000 sep_end 0 first_sep -1 tag None (0.4s; 25796s total)
nat cheap None mN=1.091 I=64 rep 2082: frozen gen 1545 pcc 1.000 sep_end 0 first_sep 70 tag None (2.2s; 25798s total)
nat above None mN=1.091 I=64 rep 2083: frozen gen 330 pcc 1.000 sep_end 0 first_sep -1 tag None (0.4s; 25799s total)
nat cheap None mN=1.091 I=64 rep 2077: unresolved gen 100000 pcc 0.979 sep_end 1 first_sep 80 tag None (89.3s; 25816s total)
nat above None mN=1.091 I=64 rep 2084: frozen gen 285 pcc 1.000 sep_end 0 first_sep -1 tag None (0.4s; 25816s total)
nat cheap None mN=1.091 I=64 rep 2083: unresolved gen 100000 pcc 0.994 sep_end 1 first_sep 100 tag None (37.8s; 25837s total)
nat above None mN=1.091 I=64 rep 2085: frozen gen 295 pcc 1.000 sep_end 0 first_sep -1 tag None (0.4s; 25837s total)
nat cheap None mN=1.091 I=64 rep 2080: unresolved gen 100000 pcc 0.971 sep_end 3 first_sep 95 tag None (95.9s; 25885s total)
nat above None mN=1.091 I=64 rep 2086: frozen gen 290 pcc 1.000 sep_end 0 first_sep -1 tag None (0.4s; 25885s total)
nat cheap None mN=1.091 I=64 rep 2084: unresolved gen 100000 pcc 0.985 sep_end 1 first_sep 120 tag None (74.4s; 25890s total)
nat above None mN=1.091 I=64 rep 2087: frozen gen 310 pcc 1.000 sep_end 0 first_sep -1 tag None (0.3s; 25891s total)
nat cheap None mN=1.091 I=64 rep 2085: unresolved gen 100000 pcc 0.976 sep_end 1 first_sep 80 tag None (82.0s; 25919s total)
nat above None mN=1.091 I=64 rep 2088: frozen gen 285 pcc 1.000 sep_end 0 first_sep -1 tag None (0.3s; 25919s total)
nat cheap None mN=1.091 I=64 rep 2086: unresolved gen 100000 pcc 0.977 sep_end 3 first_sep 105 tag None (73.8s; 25959s total)
nat above None mN=1.091 I=64 rep 2089: frozen gen 280 pcc 1.000 sep_end 0 first_sep -1 tag None (0.3s; 25959s total)
nat cheap None mN=1.091 I=64 rep 2087: unresolved gen 100000 pcc 0.979 sep_end 1 first_sep 130 tag None (77.4s; 25968s total)
nat above None mN=1.091 I=64 rep 2090: frozen gen 335 pcc 1.000 sep_end 0 first_sep -1 tag None (0.3s; 25968s total)
nat cheap None mN=1.091 I=64 rep 2088: unresolved gen 100000 pcc 0.985 sep_end 1 first_sep 105 tag None (82.9s; 26002s total)
nat above None mN=1.091 I=64 rep 2091: frozen gen 255 pcc 1.000 sep_end 0 first_sep 110 tag None (0.4s; 26003s total)
nat cheap None mN=1.091 I=64 rep 2090: unresolved gen 100000 pcc 0.988 sep_end 1 first_sep 110 tag None (45.1s; 26013s total)
nat above None mN=1.091 I=64 rep 2092: frozen gen 370 pcc 1.000 sep_end 0 first_sep -1 tag None (0.4s; 26014s total)
nat cheap None mN=1.091 I=64 rep 2092: frozen gen 315 pcc 1.000 sep_end 0 first_sep -1 tag None (0.3s; 26014s total)
nat above None mN=1.091 I=64 rep 2093: frozen gen 325 pcc 1.000 sep_end 0 first_sep -1 tag None (0.4s; 26015s total)
nat cheap None mN=1.091 I=64 rep 2089: unresolved gen 100000 pcc 0.980 sep_end 1 first_sep 80 tag None (82.0s; 26041s total)
nat above None mN=1.091 I=64 rep 2094: frozen gen 325 pcc 1.000 sep_end 0 first_sep -1 tag None (0.4s; 26042s total)
nat cheap None mN=1.091 I=64 rep 2091: unresolved gen 100000 pcc 0.982 sep_end 1 first_sep 90 tag None (58.1s; 26061s total)
nat above None mN=1.091 I=64 rep 2095: frozen gen 280 pcc 1.000 sep_end 0 first_sep -1 tag None (0.5s; 26061s total)
nat cheap None mN=1.091 I=64 rep 2095: frozen gen 330 pcc 1.000 sep_end 0 first_sep -1 tag None (0.4s; 26062s total)
nat above None mN=1.091 I=64 rep 2096: frozen gen 265 pcc 1.000 sep_end 0 first_sep -1 tag None (0.5s; 26062s total)
nat cheap None mN=1.091 I=64 rep 2093: unresolved gen 100000 pcc 0.983 sep_end 1 first_sep 60 tag None (67.7s; 26082s total)
nat above None mN=1.091 I=64 rep 2097: frozen gen 230 pcc 1.000 sep_end 0 first_sep -1 tag None (0.4s; 26083s total)
nat cheap None mN=1.091 I=64 rep 2096: unresolved gen 100000 pcc 0.997 sep_end 1 first_sep 85 tag None (27.0s; 26089s total)
nat above None mN=1.091 I=64 rep 2098: frozen gen 325 pcc 1.000 sep_end 0 first_sep -1 tag None (0.4s; 26090s total)
nat cheap None mN=1.091 I=64 rep 2094: unresolved gen 100000 pcc 0.974 sep_end 3 first_sep 65 tag None (89.7s; 26131s total)
nat above None mN=1.091 I=64 rep 2099: frozen gen 255 pcc 1.000 sep_end 0 first_sep -1 tag None (0.4s; 26132s total)
nat cheap None mN=1.091 I=64 rep 2099: frozen gen 415 pcc 1.000 sep_end 0 first_sep -1 tag None (0.4s; 26132s total)
nat above None mN=1.091 I=64 rep 2100: frozen gen 355 pcc 1.000 sep_end 0 first_sep -1 tag None (0.4s; 26133s total)
nat cheap None mN=1.091 I=64 rep 2098: unresolved gen 100000 pcc 0.980 sep_end 1 first_sep 60 tag None (60.0s; 26150s total)
nat above None mN=1.091 I=64 rep 2101: frozen gen 455 pcc 1.000 sep_end 0 first_sep -1 tag None (0.5s; 26151s total)
nat cheap None mN=1.091 I=64 rep 2097: unresolved gen 100000 pcc 0.977 sep_end 1 first_sep 75 tag None (75.6s; 26158s total)
nat above None mN=1.091 I=64 rep 2102: frozen gen 280 pcc 1.000 sep_end 0 first_sep -1 tag None (0.3s; 26159s total)
nat cheap None mN=1.091 I=64 rep 2100: unresolved gen 100000 pcc 0.975 sep_end 1 first_sep 125 tag None (81.1s; 26214s total)
nat above None mN=1.091 I=64 rep 2103: frozen gen 330 pcc 1.000 sep_end 0 first_sep -1 tag None (0.5s; 26214s total)
nat cheap None mN=1.091 I=64 rep 2102: unresolved gen 100000 pcc 0.983 sep_end 3 first_sep 95 tag None (67.2s; 26226s total)
nat above None mN=1.091 I=64 rep 2104: frozen gen 310 pcc 1.000 sep_end 0 first_sep -1 tag None (0.4s; 26226s total)
nat cheap None mN=1.091 I=64 rep 2101: unresolved gen 100000 pcc 0.976 sep_end 3 first_sep 50 tag None (83.6s; 26234s total)
nat above None mN=1.091 I=64 rep 2105: frozen gen 280 pcc 1.000 sep_end 0 first_sep -1 tag None (0.4s; 26234s total)
nat cheap None mN=1.091 I=64 rep 2103: unresolved gen 100000 pcc 0.992 sep_end 1 first_sep 120 tag None (47.8s; 26262s total)
nat above None mN=1.091 I=64 rep 2106: frozen gen 345 pcc 1.000 sep_end 0 first_sep -1 tag None (0.4s; 26262s total)
nat cheap None mN=1.091 I=64 rep 2106: frozen gen 2800 pcc 1.000 sep_end 0 first_sep 85 tag None (3.1s; 26265s total)
nat above None mN=1.091 I=64 rep 2107: frozen gen 385 pcc 1.000 sep_end 0 first_sep -1 tag None (0.4s; 26266s total)
nat cheap None mN=1.091 I=64 rep 2107: frozen gen 1275 pcc 1.000 sep_end 0 first_sep 125 tag None (1.8s; 26268s total)
nat above None mN=1.091 I=64 rep 2108: frozen gen 270 pcc 1.000 sep_end 0 first_sep -1 tag None (0.3s; 26268s total)
nat cheap None mN=1.091 I=64 rep 2108: frozen gen 375 pcc 1.000 sep_end 0 first_sep -1 tag None (0.4s; 26268s total)
nat above None mN=1.091 I=64 rep 2109: frozen gen 305 pcc 1.000 sep_end 0 first_sep -1 tag None (0.3s; 26269s total)
nat cheap None mN=1.091 I=64 rep 2104: unresolved gen 100000 pcc 0.982 sep_end 1 first_sep 155 tag None (65.2s; 26291s total)
nat above None mN=1.091 I=64 rep 2110: frozen gen 260 pcc 1.000 sep_end 0 first_sep -1 tag None (0.4s; 26292s total)
nat cheap None mN=1.091 I=64 rep 2105: unresolved gen 100000 pcc 0.987 sep_end 3 first_sep 80 tag None (69.6s; 26304s total)
nat above None mN=1.091 I=64 rep 2111: frozen gen 285 pcc 1.000 sep_end 0 first_sep -1 tag None (0.8s; 26304s total)
nat cheap None mN=1.091 I=64 rep 2111: frozen gen 725 pcc 1.000 sep_end 0 first_sep 90 tag None (2.1s; 26307s total)
nat above None mN=1.091 I=64 rep 2112: frozen gen 285 pcc 1.000 sep_end 0 first_sep -1 tag None (0.8s; 26308s total)
nat cheap None mN=1.091 I=64 rep 2109: unresolved gen 100000 pcc 0.978 sep_end 1 first_sep 75 tag None (84.7s; 26353s total)
nat above None mN=1.091 I=64 rep 2113: frozen gen 335 pcc 1.000 sep_end 0 first_sep -1 tag None (0.4s; 26354s total)
nat cheap None mN=1.091 I=64 rep 2110: unresolved gen 100000 pcc 0.981 sep_end 3 first_sep 105 tag None (75.7s; 26368s total)
nat above None mN=1.091 I=64 rep 2114: frozen gen 290 pcc 1.000 sep_end 0 first_sep -1 tag None (0.3s; 26368s total)
nat cheap None mN=1.091 I=64 rep 2112: unresolved gen 100000 pcc 0.982 sep_end 1 first_sep 130 tag None (73.0s; 26381s total)
nat above None mN=1.091 I=64 rep 2115: frozen gen 380 pcc 1.000 sep_end 0 first_sep -1 tag None (0.4s; 26381s total)
nat cheap None mN=1.091 I=64 rep 2115: unresolved gen 100000 pcc 0.987 sep_end 1 first_sep 100 tag None (57.5s; 26439s total)
nat above None mN=1.091 I=64 rep 2116: frozen gen 300 pcc 1.000 sep_end 0 first_sep -1 tag None (0.4s; 26439s total)
nat cheap None mN=1.091 I=64 rep 2116: frozen gen 305 pcc 1.000 sep_end 0 first_sep -1 tag None (0.3s; 26439s total)
nat above None mN=1.091 I=64 rep 2117: frozen gen 320 pcc 1.000 sep_end 0 first_sep -1 tag None (0.4s; 26440s total)
nat cheap None mN=1.091 I=64 rep 2113: unresolved gen 100000 pcc 0.976 sep_end 3 first_sep 130 tag None (86.1s; 26440s total)
nat cheap None mN=1.091 I=64 rep 2114: unresolved gen 100000 pcc 0.981 sep_end 1 first_sep 80 tag None (72.1s; 26440s total)
nat above None mN=1.091 I=64 rep 2118: frozen gen 370 pcc 1.000 sep_end 0 first_sep -1 tag None (0.3s; 26440s total)
nat cheap None mN=1.091 I=64 rep 2118: frozen gen 310 pcc 0.000 sep_end 0 first_sep -1 tag None (0.4s; 26440s total)
nat above None mN=1.091 I=64 rep 2119: frozen gen 315 pcc 1.000 sep_end 0 first_sep -1 tag None (0.3s; 26441s total)
nat above None mN=1.091 I=64 rep 2120: frozen gen 350 pcc 1.000 sep_end 0 first_sep -1 tag None (0.4s; 26441s total)
nat cheap None mN=1.091 I=64 rep 2119: frozen gen 2100 pcc 1.000 sep_end 0 first_sep 135 tag None (2.7s; 26443s total)
nat above None mN=1.091 I=64 rep 2121: frozen gen 270 pcc 1.000 sep_end 0 first_sep -1 tag None (0.4s; 26443s total)
nat cheap None mN=1.091 I=64 rep 2121: frozen gen 805 pcc 1.000 sep_end 0 first_sep 80 tag None (1.2s; 26445s total)
nat above None mN=1.091 I=64 rep 2122: frozen gen 290 pcc 1.000 sep_end 0 first_sep -1 tag None (0.3s; 26445s total)
nat cheap None mN=1.091 I=64 rep 2117: unresolved gen 100000 pcc 0.990 sep_end 1 first_sep 105 tag None (46.3s; 26486s total)
nat above None mN=1.091 I=64 rep 2123: frozen gen 345 pcc 1.000 sep_end 0 first_sep -1 tag None (0.3s; 26486s total)
nat cheap None mN=1.091 I=64 rep 2122: unresolved gen 100000 pcc 0.988 sep_end 1 first_sep 70 tag None (59.1s; 26504s total)
nat above None mN=1.091 I=64 rep 2124: frozen gen 240 pcc 1.000 sep_end 0 first_sep -1 tag None (0.3s; 26504s total)
nat cheap None mN=1.091 I=64 rep 2124: frozen gen 1870 pcc 1.000 sep_end 0 first_sep 100 tag None (1.7s; 26506s total)
nat above None mN=1.091 I=64 rep 2125: frozen gen 350 pcc 1.000 sep_end 0 first_sep -1 tag None (0.4s; 26507s total)
nat cheap None mN=1.091 I=64 rep 2120: unresolved gen 100000 pcc 0.982 sep_end 1 first_sep 70 tag None (82.1s; 26523s total)
nat above None mN=1.091 I=64 rep 2126: frozen gen 305 pcc 1.000 sep_end 0 first_sep -1 tag None (0.5s; 26525s total)
nat cheap None mN=1.091 I=64 rep 2126: frozen gen 375 pcc 1.000 sep_end 0 first_sep 130 tag None (0.5s; 26525s total)
nat above None mN=1.091 I=64 rep 2127: frozen gen 245 pcc 1.000 sep_end 0 first_sep -1 tag None (0.4s; 26525s total)
nat cheap None mN=1.091 I=64 rep 2125: unresolved gen 100000 pcc 0.993 sep_end 1 first_sep 115 tag None (30.1s; 26537s total)
nat above None mN=1.091 I=64 rep 2128: frozen gen 375 pcc 1.000 sep_end 0 first_sep -1 tag None (0.5s; 26537s total)
nat cheap None mN=1.091 I=64 rep 2128: frozen gen 290 pcc 1.000 sep_end 0 first_sep 105 tag None (0.4s; 26537s total)
nat above None mN=1.091 I=64 rep 2129: frozen gen 260 pcc 1.000 sep_end 0 first_sep -1 tag None (0.5s; 26538s total)
nat cheap None mN=1.091 I=64 rep 2123: unresolved gen 100000 pcc 0.973 sep_end 1 first_sep 70 tag None (86.1s; 26572s total)
nat above None mN=1.091 I=64 rep 2130: frozen gen 290 pcc 1.000 sep_end 0 first_sep 75 tag None (0.5s; 26573s total)
nat cheap None mN=1.091 I=64 rep 2129: unresolved gen 100000 pcc 0.988 sep_end 1 first_sep 70 tag None (64.9s; 26603s total)
nat above None mN=1.091 I=64 rep 2131: frozen gen 290 pcc 1.000 sep_end 0 first_sep -1 tag None (0.4s; 26603s total)
nat cheap None mN=1.091 I=64 rep 2127: unresolved gen 100000 pcc 0.982 sep_end 1 first_sep 95 tag None (86.3s; 26611s total)
nat above None mN=1.091 I=64 rep 2132: frozen gen 475 pcc 1.000 sep_end 0 first_sep -1 tag None (0.6s; 26611s total)
nat cheap None mN=1.091 I=64 rep 2130: unresolved gen 100000 pcc 0.978 sep_end 1 first_sep 105 tag None (80.8s; 26654s total)
nat above None mN=1.091 I=64 rep 2133: frozen gen 315 pcc 1.000 sep_end 0 first_sep -1 tag None (0.4s; 26654s total)
nat cheap None mN=1.091 I=64 rep 2131: unresolved gen 100000 pcc 0.976 sep_end 3 first_sep 80 tag None (94.2s; 26697s total)
nat above None mN=1.091 I=64 rep 2134: frozen gen 240 pcc 1.000 sep_end 0 first_sep -1 tag None (0.4s; 26698s total)
nat cheap None mN=1.091 I=64 rep 2133: unresolved gen 100000 pcc 0.981 sep_end 3 first_sep 90 tag None (63.6s; 26718s total)
nat above None mN=1.091 I=64 rep 2135: frozen gen 270 pcc 1.000 sep_end 0 first_sep -1 tag None (0.3s; 26718s total)
nat cheap None mN=1.091 I=64 rep 2135: frozen gen 880 pcc 1.000 sep_end 0 first_sep 90 tag None (1.5s; 26720s total)
nat above None mN=1.091 I=64 rep 2136: frozen gen 255 pcc 1.000 sep_end 0 first_sep -1 tag None (0.3s; 26720s total)
nat cheap None mN=1.091 I=64 rep 2132: unresolved gen 100000 pcc 0.970 sep_end 3 first_sep 60 tag None (110.2s; 26722s total)
nat above None mN=1.091 I=64 rep 2137: frozen gen 325 pcc 1.000 sep_end 0 first_sep -1 tag None (0.4s; 26722s total)
nat cheap None mN=1.091 I=64 rep 2136: unresolved gen 100000 pcc 0.991 sep_end 3 first_sep 70 tag None (33.8s; 26754s total)
nat above None mN=1.091 I=64 rep 2138: frozen gen 345 pcc 1.000 sep_end 0 first_sep -1 tag None (0.4s; 26754s total)
nat cheap None mN=1.091 I=64 rep 2137: unresolved gen 100000 pcc 0.987 sep_end 1 first_sep 100 tag None (49.0s; 26771s total)
nat above None mN=1.091 I=64 rep 2139: frozen gen 280 pcc 1.000 sep_end 0 first_sep -1 tag None (0.3s; 26771s total)
nat cheap None mN=1.091 I=64 rep 2134: unresolved gen 100000 pcc 0.982 sep_end 1 first_sep 95 tag None (82.6s; 26781s total)
nat above None mN=1.091 I=64 rep 2140: frozen gen 305 pcc 1.000 sep_end 0 first_sep -1 tag None (0.4s; 26781s total)
nat cheap None mN=1.091 I=64 rep 2140: frozen gen 400 pcc 1.000 sep_end 0 first_sep -1 tag None (0.5s; 26781s total)
nat above None mN=1.091 I=64 rep 2141: frozen gen 410 pcc 1.000 sep_end 0 first_sep -1 tag None (0.5s; 26782s total)
nat cheap None mN=1.091 I=64 rep 2138: unresolved gen 100000 pcc 0.988 sep_end 1 first_sep 115 tag None (76.8s; 26831s total)
nat above None mN=1.091 I=64 rep 2142: frozen gen 305 pcc 1.000 sep_end 0 first_sep -1 tag None (0.3s; 26831s total)
nat cheap None mN=1.091 I=64 rep 2141: unresolved gen 100000 pcc 0.982 sep_end 1 first_sep 75 tag None (71.3s; 26853s total)
nat above None mN=1.091 I=64 rep 2143: frozen gen 335 pcc 1.000 sep_end 0 first_sep -1 tag None (0.3s; 26854s total)
nat cheap None mN=1.091 I=64 rep 2139: unresolved gen 100000 pcc 0.970 sep_end 1 first_sep 80 tag None (84.8s; 26856s total)
nat above None mN=1.091 I=64 rep 2144: frozen gen 280 pcc 1.000 sep_end 0 first_sep -1 tag None (0.3s; 26857s total)
nat cheap None mN=1.091 I=64 rep 2143: unresolved gen 100000 pcc 0.987 sep_end 1 first_sep 190 tag None (45.3s; 26899s total)
nat above None mN=1.091 I=64 rep 2145: frozen gen 340 pcc 1.000 sep_end 0 first_sep -1 tag None (0.4s; 26899s total)
nat cheap None mN=1.091 I=64 rep 2142: unresolved gen 100000 pcc 0.979 sep_end 1 first_sep 60 tag None (78.6s; 26910s total)
nat above None mN=1.091 I=64 rep 2146: frozen gen 325 pcc 1.000 sep_end 0 first_sep -1 tag None (0.4s; 26910s total)
nat cheap None mN=1.091 I=64 rep 2144: unresolved gen 100000 pcc 0.983 sep_end 1 first_sep 130 tag None (60.1s; 26917s total)
nat above None mN=1.091 I=64 rep 2147: frozen gen 320 pcc 1.000 sep_end 0 first_sep -1 tag None (0.4s; 26917s total)
nat cheap None mN=1.091 I=64 rep 2145: unresolved gen 100000 pcc 0.978 sep_end 1 first_sep 105 tag None (76.0s; 26975s total)
nat above None mN=1.091 I=64 rep 2148: frozen gen 305 pcc 1.000 sep_end 0 first_sep -1 tag None (0.4s; 26976s total)
nat cheap None mN=1.091 I=64 rep 2148: frozen gen 305 pcc 1.000 sep_end 0 first_sep -1 tag None (0.4s; 26976s total)
nat above None mN=1.091 I=64 rep 2149: frozen gen 285 pcc 1.000 sep_end 0 first_sep -1 tag None (0.5s; 26977s total)
nat cheap None mN=1.091 I=64 rep 2147: unresolved gen 100000 pcc 0.978 sep_end 1 first_sep 80 tag None (85.5s; 27003s total)
nat above None mN=1.091 I=64 rep 2150: frozen gen 240 pcc 1.000 sep_end 0 first_sep -1 tag None (0.3s; 27003s total)
nat cheap None mN=1.091 I=64 rep 2150: frozen gen 305 pcc 1.000 sep_end 0 first_sep -1 tag None (0.3s; 27003s total)
nat above None mN=1.091 I=64 rep 2151: frozen gen 380 pcc 1.000 sep_end 0 first_sep -1 tag None (0.3s; 27005s total)
nat cheap None mN=1.091 I=64 rep 2146: unresolved gen 100000 pcc 0.975 sep_end 3 first_sep 140 tag None (96.7s; 27007s total)
nat above None mN=1.091 I=64 rep 2152: frozen gen 280 pcc 1.000 sep_end 0 first_sep -1 tag None (0.3s; 27007s total)
nat cheap None mN=1.091 I=64 rep 2149: unresolved gen 100000 pcc 0.991 sep_end 1 first_sep 135 tag None (44.1s; 27021s total)
nat above None mN=1.091 I=64 rep 2153: frozen gen 300 pcc 1.000 sep_end 0 first_sep -1 tag None (0.4s; 27021s total)
nat cheap None mN=1.091 I=64 rep 2151: unresolved gen 100000 pcc 0.981 sep_end 3 first_sep 115 tag None (87.0s; 27091s total)
nat above None mN=1.091 I=64 rep 2154: frozen gen 290 pcc 1.000 sep_end 0 first_sep -1 tag None (0.5s; 27091s total)
nat cheap None mN=1.091 I=64 rep 2154: frozen gen 380 pcc 1.000 sep_end 0 first_sep -1 tag None (0.5s; 27092s total)
nat above None mN=1.091 I=64 rep 2155: frozen gen 255 pcc 1.000 sep_end 0 first_sep -1 tag None (0.5s; 27092s total)
nat cheap None mN=1.091 I=64 rep 2155: frozen gen 315 pcc 1.000 sep_end 0 first_sep -1 tag None (0.5s; 27093s total)
nat above None mN=1.091 I=64 rep 2156: frozen gen 300 pcc 1.000 sep_end 0 first_sep -1 tag None (0.6s; 27093s total)
nat cheap None mN=1.091 I=64 rep 2156: frozen gen 1255 pcc 1.000 sep_end 0 first_sep 145 tag None (2.3s; 27095s total)
nat above None mN=1.091 I=64 rep 2157: frozen gen 265 pcc 1.000 sep_end 0 first_sep -1 tag None (0.5s; 27096s total)
nat cheap None mN=1.091 I=64 rep 2152: unresolved gen 100000 pcc 0.973 sep_end 1 first_sep 95 tag None (93.2s; 27101s total)
nat above None mN=1.091 I=64 rep 2158: frozen gen 275 pcc 1.000 sep_end 0 first_sep -1 tag None (0.4s; 27101s total)
nat cheap None mN=1.091 I=64 rep 2158: frozen gen 2375 pcc 1.000 sep_end 0 first_sep 55 tag None (3.7s; 27105s total)
nat above None mN=1.091 I=64 rep 2159: frozen gen 300 pcc 1.000 sep_end 0 first_sep -1 tag None (0.4s; 27105s total)
nat cheap None mN=1.091 I=64 rep 2159: frozen gen 1300 pcc 1.000 sep_end 0 first_sep 150 tag None (2.4s; 27108s total)
nat above None mN=1.091 I=64 rep 2160: frozen gen 285 pcc 1.000 sep_end 0 first_sep -1 tag None (0.5s; 27108s total)
nat cheap None mN=1.091 I=64 rep 2153: unresolved gen 100000 pcc 0.976 sep_end 1 first_sep 85 tag None (101.6s; 27123s total)
nat above None mN=1.091 I=64 rep 2161: frozen gen 250 pcc 1.000 sep_end 0 first_sep -1 tag None (0.4s; 27123s total)
nat cheap None mN=1.091 I=64 rep 2161: frozen gen 285 pcc 1.000 sep_end 0 first_sep -1 tag None (0.4s; 27124s total)
nat above None mN=1.091 I=64 rep 2162: frozen gen 280 pcc 1.000 sep_end 0 first_sep -1 tag None (0.5s; 27124s total)
nat cheap None mN=1.091 I=64 rep 2162: frozen gen 1190 pcc 1.000 sep_end 0 first_sep 120 tag None (1.4s; 27126s total)
nat above None mN=1.091 I=64 rep 2163: frozen gen 300 pcc 1.000 sep_end 0 first_sep -1 tag None (0.6s; 27126s total)
nat cheap None mN=1.091 I=64 rep 2157: unresolved gen 100000 pcc 0.975 sep_end 3 first_sep 50 tag None (102.2s; 27198s total)
nat above None mN=1.091 I=64 rep 2164: frozen gen 295 pcc 1.000 sep_end 0 first_sep -1 tag None (0.4s; 27199s total)
nat cheap None mN=1.091 I=64 rep 2164: frozen gen 305 pcc 1.000 sep_end 0 first_sep -1 tag None (0.4s; 27199s total)
nat above None mN=1.091 I=64 rep 2165: frozen gen 295 pcc 1.000 sep_end 0 first_sep -1 tag None (0.4s; 27199s total)
nat cheap None mN=1.091 I=64 rep 2163: unresolved gen 100000 pcc 0.976 sep_end 1 first_sep 60 tag None (85.5s; 27212s total)
nat above None mN=1.091 I=64 rep 2166: frozen gen 260 pcc 1.000 sep_end 0 first_sep -1 tag None (0.4s; 27212s total)
nat cheap None mN=1.091 I=64 rep 2160: unresolved gen 100000 pcc 0.979 sep_end 1 first_sep 90 tag None (105.1s; 27213s total)
nat above None mN=1.091 I=64 rep 2167: frozen gen 335 pcc 1.000 sep_end 0 first_sep -1 tag None (0.5s; 27214s total)
nat cheap None mN=1.091 I=64 rep 2167: frozen gen 725 pcc 1.000 sep_end 0 first_sep 115 tag None (1.2s; 27215s total)
nat above None mN=1.091 I=64 rep 2168: frozen gen 295 pcc 1.000 sep_end 0 first_sep -1 tag None (0.6s; 27216s total)
nat cheap None mN=1.091 I=64 rep 2168: frozen gen 2725 pcc 1.000 sep_end 0 first_sep 105 tag None (3.5s; 27219s total)
nat above None mN=1.091 I=64 rep 2169: frozen gen 290 pcc 1.000 sep_end 0 first_sep -1 tag None (0.4s; 27220s total)
nat cheap None mN=1.091 I=64 rep 2165: unresolved gen 100000 pcc 0.992 sep_end 1 first_sep 75 tag None (57.0s; 27257s total)
nat above None mN=1.091 I=64 rep 2170: frozen gen 265 pcc 1.000 sep_end 0 first_sep -1 tag None (0.7s; 27257s total)
nat cheap None mN=1.091 I=64 rep 2169: unresolved gen 100000 pcc 0.979 sep_end 1 first_sep 80 tag None (87.9s; 27307s total)
nat cheap None mN=1.091 I=64 rep 2166: unresolved gen 100000 pcc 0.980 sep_end 3 first_sep 100 tag None (95.2s; 27308s total)
nat above None mN=1.091 I=64 rep 2171: frozen gen 305 pcc 1.000 sep_end 0 first_sep -1 tag None (0.4s; 27308s total)
nat cheap None mN=1.091 I=64 rep 2171: frozen gen 335 pcc 1.000 sep_end 0 first_sep -1 tag None (0.5s; 27308s total)
nat above None mN=1.091 I=64 rep 2172: frozen gen 310 pcc 1.000 sep_end 0 first_sep -1 tag None (0.4s; 27308s total)
nat above None mN=1.091 I=64 rep 2173: frozen gen 295 pcc 1.000 sep_end 0 first_sep -1 tag None (0.4s; 27309s total)
nat cheap None mN=1.091 I=64 rep 2170: unresolved gen 100000 pcc 0.980 sep_end 1 first_sep 100 tag None (90.0s; 27347s total)
nat above None mN=1.091 I=64 rep 2174: frozen gen 365 pcc 1.000 sep_end 0 first_sep -1 tag None (0.4s; 27348s total)
nat cheap None mN=1.091 I=64 rep 2174: frozen gen 1455 pcc 1.000 sep_end 0 first_sep 95 tag None (2.2s; 27350s total)
nat above None mN=1.091 I=64 rep 2175: frozen gen 325 pcc 1.000 sep_end 0 first_sep -1 tag None (0.4s; 27350s total)
nat cheap None mN=1.091 I=64 rep 2172: unresolved gen 100000 pcc 0.989 sep_end 1 first_sep 70 tag None (56.2s; 27364s total)
nat above None mN=1.091 I=64 rep 2176: frozen gen 280 pcc 1.000 sep_end 0 first_sep -1 tag None (0.3s; 27366s total)
nat cheap None mN=1.091 I=64 rep 2176: frozen gen 1135 pcc 1.000 sep_end 0 first_sep 170 tag None (0.8s; 27366s total)
nat above None mN=1.091 I=64 rep 2177: frozen gen 315 pcc 1.000 sep_end 0 first_sep -1 tag None (0.3s; 27366s total)
nat cheap None mN=1.091 I=64 rep 2177: frozen gen 290 pcc 1.000 sep_end 0 first_sep -1 tag None (0.3s; 27366s total)
nat above None mN=1.091 I=64 rep 2178: frozen gen 335 pcc 1.000 sep_end 0 first_sep -1 tag None (0.4s; 27366s total)
nat cheap None mN=1.091 I=64 rep 2173: unresolved gen 100000 pcc 0.976 sep_end 1 first_sep 100 tag None (77.9s; 27387s total)
nat above None mN=1.091 I=64 rep 2179: frozen gen 360 pcc 1.000 sep_end 0 first_sep -1 tag None (0.3s; 27387s total)
nat cheap None mN=1.091 I=64 rep 2175: unresolved gen 100000 pcc 0.990 sep_end 1 first_sep 90 tag None (45.4s; 27396s total)
nat above None mN=1.091 I=64 rep 2180: frozen gen 255 pcc 1.000 sep_end 0 first_sep -1 tag None (0.3s; 27396s total)
nat cheap None mN=1.091 I=64 rep 2178: unresolved gen 100000 pcc 0.989 sep_end 1 first_sep 105 tag None (39.3s; 27406s total)
nat above None mN=1.091 I=64 rep 2181: frozen gen 270 pcc 1.000 sep_end 0 first_sep -1 tag None (0.2s; 27406s total)
nat cheap None mN=1.091 I=64 rep 2179: unresolved gen 100000 pcc 0.974 sep_end 1 first_sep 65 tag None (70.4s; 27457s total)
nat above None mN=1.091 I=64 rep 2182: frozen gen 295 pcc 1.000 sep_end 0 first_sep -1 tag None (0.3s; 27458s total)
nat cheap None mN=1.091 I=64 rep 2182: frozen gen 1905 pcc 1.000 sep_end 0 first_sep 90 tag None (1.8s; 27460s total)
nat above None mN=1.091 I=64 rep 2183: frozen gen 350 pcc 1.000 sep_end 0 first_sep -1 tag None (0.3s; 27460s total)
nat cheap None mN=1.091 I=64 rep 2180: unresolved gen 100000 pcc 0.982 sep_end 3 first_sep 85 tag None (67.5s; 27464s total)
nat above None mN=1.091 I=64 rep 2184: frozen gen 275 pcc 1.000 sep_end 0 first_sep -1 tag None (0.3s; 27464s total)
nat cheap None mN=1.091 I=64 rep 2181: unresolved gen 100000 pcc 0.981 sep_end 1 first_sep 80 tag None (63.8s; 27470s total)
nat above None mN=1.091 I=64 rep 2185: frozen gen 315 pcc 1.000 sep_end 0 first_sep -1 tag None (0.4s; 27470s total)
nat cheap None mN=1.091 I=64 rep 2184: unresolved gen 100000 pcc 0.986 sep_end 1 first_sep 75 tag None (40.1s; 27504s total)
nat above None mN=1.091 I=64 rep 2186: frozen gen 400 pcc 1.000 sep_end 0 first_sep -1 tag None (0.4s; 27504s total)
nat cheap None mN=1.091 I=64 rep 2183: unresolved gen 100000 pcc 0.989 sep_end 1 first_sep 100 tag None (46.4s; 27506s total)
nat above None mN=1.091 I=64 rep 2187: frozen gen 350 pcc 1.000 sep_end 0 first_sep -1 tag None (0.3s; 27507s total)
nat cheap None mN=1.091 I=64 rep 2187: frozen gen 895 pcc 1.000 sep_end 0 first_sep 80 tag None (0.9s; 27507s total)
nat above None mN=1.091 I=64 rep 2188: frozen gen 355 pcc 1.000 sep_end 0 first_sep -1 tag None (0.4s; 27508s total)
nat cheap None mN=1.091 I=64 rep 2185: unresolved gen 100000 pcc 0.979 sep_end 3 first_sep 80 tag None (67.3s; 27537s total)
nat above None mN=1.091 I=64 rep 2189: frozen gen 260 pcc 1.000 sep_end 0 first_sep -1 tag None (0.2s; 27538s total)
nat cheap None mN=1.091 I=64 rep 2186: unresolved gen 100000 pcc 0.970 sep_end 1 first_sep 135 tag None (69.2s; 27574s total)
nat above None mN=1.091 I=64 rep 2190: frozen gen 425 pcc 1.000 sep_end 0 first_sep -1 tag None (0.5s; 27574s total)
nat cheap None mN=1.091 I=64 rep 2189: unresolved gen 100000 pcc 0.992 sep_end 1 first_sep 130 tag None (36.7s; 27574s total)
nat above None mN=1.091 I=64 rep 2191: frozen gen 260 pcc 1.000 sep_end 0 first_sep -1 tag None (0.2s; 27575s total)
nat cheap None mN=1.091 I=64 rep 2190: frozen gen 915 pcc 1.000 sep_end 0 first_sep 80 tag None (1.1s; 27575s total)
nat above None mN=1.091 I=64 rep 2192: frozen gen 355 pcc 1.000 sep_end 0 first_sep -1 tag None (0.3s; 27576s total)
nat cheap None mN=1.091 I=64 rep 2188: unresolved gen 100000 pcc 0.974 sep_end 3 first_sep 135 tag None (71.8s; 27580s total)
nat above None mN=1.091 I=64 rep 2193: frozen gen 220 pcc 1.000 sep_end 0 first_sep 120 tag None (0.2s; 27580s total)
nat cheap None mN=1.091 I=64 rep 2192: unresolved gen 100000 pcc 0.983 sep_end 1 first_sep 80 tag None (55.7s; 27631s total)
nat above None mN=1.091 I=64 rep 2194: frozen gen 280 pcc 1.000 sep_end 0 first_sep -1 tag None (0.2s; 27631s total)
nat cheap None mN=1.091 I=64 rep 2191: unresolved gen 100000 pcc 0.981 sep_end 1 first_sep 85 tag None (63.5s; 27638s total)
nat above None mN=1.091 I=64 rep 2195: frozen gen 285 pcc 1.000 sep_end 0 first_sep -1 tag None (0.3s; 27638s total)
nat cheap None mN=1.091 I=64 rep 2194: unresolved gen 100000 pcc 0.992 sep_end 1 first_sep 105 tag None (23.5s; 27655s total)
nat above None mN=1.091 I=64 rep 2196: frozen gen 240 pcc 1.000 sep_end 0 first_sep -1 tag None (0.3s; 27655s total)
nat cheap None mN=1.091 I=64 rep 2193: unresolved gen 100000 pcc 0.974 sep_end 3 first_sep 110 tag None (80.2s; 27660s total)
nat above None mN=1.091 I=64 rep 2197: frozen gen 290 pcc 1.000 sep_end 0 first_sep -1 tag None (0.3s; 27660s total)
nat cheap None mN=1.091 I=64 rep 2195: unresolved gen 100000 pcc 0.989 sep_end 1 first_sep 55 tag None (30.2s; 27669s total)
nat above None mN=1.091 I=64 rep 2198: frozen gen 335 pcc 1.000 sep_end 0 first_sep -1 tag None (0.3s; 27669s total)
nat cheap None mN=1.091 I=64 rep 2196: unresolved gen 100000 pcc 0.987 sep_end 1 first_sep 85 tag None (20.7s; 27676s total)
nat above None mN=1.091 I=64 rep 2199: frozen gen 330 pcc 1.000 sep_end 0 first_sep -1 tag None (0.3s; 27676s total)
nat cheap None mN=1.091 I=64 rep 2199: frozen gen 1380 pcc 1.000 sep_end 0 first_sep 110 tag None (1.3s; 27678s total)
nat above None mN=1.091 I=64 rep 2200: frozen gen 305 pcc 1.000 sep_end 0 first_sep -1 tag None (0.2s; 27678s total)
nat cheap None mN=1.091 I=64 rep 2200: frozen gen 310 pcc 1.000 sep_end 0 first_sep -1 tag None (0.3s; 27678s total)
nat above None mN=1.091 I=64 rep 2201: frozen gen 270 pcc 1.000 sep_end 0 first_sep -1 tag None (0.3s; 27680s total)
nat cheap None mN=1.091 I=64 rep 2197: unresolved gen 100000 pcc 0.992 sep_end 1 first_sep 85 tag None (33.4s; 27694s total)
nat above None mN=1.091 I=64 rep 2202: frozen gen 380 pcc 1.000 sep_end 0 first_sep -1 tag None (0.4s; 27694s total)
nat cheap None mN=1.091 I=64 rep 2198: unresolved gen 100000 pcc 0.983 sep_end 1 first_sep 95 tag None (57.3s; 27726s total)
nat above None mN=1.091 I=64 rep 2203: frozen gen 325 pcc 1.000 sep_end 0 first_sep -1 tag None (0.3s; 27726s total)
nat cheap None mN=1.091 I=64 rep 2201: unresolved gen 100000 pcc 0.986 sep_end 1 first_sep 110 tag None (56.1s; 27735s total)
nat above None mN=1.091 I=64 rep 2204: frozen gen 265 pcc 1.000 sep_end 0 first_sep -1 tag None (0.2s; 27735s total)
nat cheap None mN=1.091 I=64 rep 2202: unresolved gen 100000 pcc 0.985 sep_end 1 first_sep 95 tag None (54.0s; 27748s total)
nat above None mN=1.091 I=64 rep 2205: frozen gen 225 pcc 1.000 sep_end 0 first_sep -1 tag None (0.3s; 27749s total)
nat cheap None mN=1.091 I=64 rep 2203: unresolved gen 100000 pcc 0.979 sep_end 1 first_sep 115 tag None (62.4s; 27789s total)
nat above None mN=1.091 I=64 rep 2206: frozen gen 315 pcc 1.000 sep_end 0 first_sep -1 tag None (0.3s; 27789s total)
nat cheap None mN=1.091 I=64 rep 2204: unresolved gen 100000 pcc 0.980 sep_end 1 first_sep 90 tag None (65.8s; 27801s total)
nat above None mN=1.091 I=64 rep 2207: frozen gen 320 pcc 1.000 sep_end 0 first_sep -1 tag None (0.2s; 27801s total)
nat cheap None mN=1.091 I=64 rep 2205: unresolved gen 100000 pcc 0.970 sep_end 3 first_sep 65 tag None (85.6s; 27834s total)
nat above None mN=1.091 I=64 rep 2208: frozen gen 335 pcc 1.000 sep_end 0 first_sep -1 tag None (0.4s; 27834s total)
nat cheap None mN=1.091 I=64 rep 2206: unresolved gen 100000 pcc 0.980 sep_end 1 first_sep 85 tag None (67.9s; 27857s total)
nat above None mN=1.091 I=64 rep 2209: frozen gen 600 pcc 1.000 sep_end 0 first_sep -1 tag None (0.6s; 27858s total)
nat cheap None mN=1.091 I=64 rep 2207: unresolved gen 100000 pcc 0.979 sep_end 1 first_sep 90 tag None (70.2s; 27871s total)
nat above None mN=1.091 I=64 rep 2210: frozen gen 255 pcc 1.000 sep_end 0 first_sep -1 tag None (0.4s; 27871s total)
nat cheap None mN=1.091 I=64 rep 2210: frozen gen 1075 pcc 1.000 sep_end 0 first_sep 85 tag None (1.4s; 27873s total)
nat above None mN=1.091 I=64 rep 2211: frozen gen 350 pcc 1.000 sep_end 0 first_sep -1 tag None (0.4s; 27873s total)
nat cheap None mN=1.091 I=64 rep 2208: unresolved gen 100000 pcc 0.976 sep_end 1 first_sep 65 tag None (64.2s; 27899s total)
nat above None mN=1.091 I=64 rep 2212: frozen gen 265 pcc 1.000 sep_end 0 first_sep -1 tag None (0.3s; 27899s total)
nat cheap None mN=1.091 I=64 rep 2209: unresolved gen 100000 pcc 0.977 sep_end 1 first_sep 95 tag None (65.4s; 27923s total)
nat above None mN=1.091 I=64 rep 2213: frozen gen 250 pcc 1.000 sep_end 0 first_sep -1 tag None (0.3s; 27923s total)
nat cheap None mN=1.091 I=64 rep 2211: unresolved gen 100000 pcc 0.969 sep_end 3 first_sep 65 tag None (80.8s; 27954s total)
nat above None mN=1.091 I=64 rep 2214: frozen gen 315 pcc 1.000 sep_end 0 first_sep -1 tag None (0.4s; 27954s total)
nat cheap None mN=1.091 I=64 rep 2213: unresolved gen 100000 pcc 0.987 sep_end 1 first_sep 50 tag None (47.3s; 27971s total)
nat above None mN=1.091 I=64 rep 2215: frozen gen 240 pcc 1.000 sep_end 0 first_sep -1 tag None (0.3s; 27971s total)
nat cheap None mN=1.091 I=64 rep 2212: unresolved gen 100000 pcc 0.979 sep_end 3 first_sep 65 tag None (76.1s; 27975s total)
nat above None mN=1.091 I=64 rep 2216: frozen gen 315 pcc 1.000 sep_end 0 first_sep -1 tag None (0.2s; 27975s total)
nat cheap None mN=1.091 I=64 rep 2216: unresolved gen 100000 pcc 0.989 sep_end 1 first_sep 85 tag None (30.5s; 28006s total)
nat above None mN=1.091 I=64 rep 2217: frozen gen 1090 pcc 1.000 sep_end 0 first_sep 130 tag None (1.3s; 28007s total)
nat cheap None mN=1.091 I=64 rep 2214: unresolved gen 100000 pcc 0.980 sep_end 1 first_sep 65 tag None (64.7s; 28019s total)
nat above None mN=1.091 I=64 rep 2218: frozen gen 265 pcc 1.000 sep_end 0 first_sep -1 tag None (0.3s; 28019s total)
nat cheap None mN=1.091 I=64 rep 2217: unresolved gen 100000 pcc 0.996 sep_end 1 first_sep 75 tag None (18.2s; 28025s total)
nat above None mN=1.091 I=64 rep 2219: frozen gen 420 pcc 1.000 sep_end 0 first_sep -1 tag None (0.5s; 28026s total)
nat cheap None mN=1.091 I=64 rep 2219: frozen gen 600 pcc 1.000 sep_end 0 first_sep 100 tag None (0.7s; 28027s total)
nat above None mN=1.091 I=64 rep 2220: frozen gen 275 pcc 1.000 sep_end 0 first_sep -1 tag None (0.2s; 28027s total)
nat cheap None mN=1.091 I=64 rep 2220: frozen gen 275 pcc 1.000 sep_end 0 first_sep 90 tag None (0.3s; 28027s total)
nat above None mN=1.091 I=64 rep 2221: frozen gen 350 pcc 1.000 sep_end 0 first_sep -1 tag None (0.3s; 28028s total)
nat cheap None mN=1.091 I=64 rep 2215: unresolved gen 100000 pcc 0.980 sep_end 1 first_sep 85 tag None (63.9s; 28035s total)
nat above None mN=1.091 I=64 rep 2222: frozen gen 300 pcc 1.000 sep_end 0 first_sep -1 tag None (0.3s; 28035s total)
nat cheap None mN=1.091 I=64 rep 2218: unresolved gen 100000 pcc 0.992 sep_end 1 first_sep 150 tag None (38.6s; 28058s total)
nat above None mN=1.091 I=64 rep 2223: frozen gen 310 pcc 1.000 sep_end 0 first_sep -1 tag None (0.3s; 28058s total)
nat cheap None mN=1.091 I=64 rep 2223: frozen gen 1090 pcc 1.000 sep_end 0 first_sep 105 tag None (1.3s; 28060s total)
nat above None mN=1.091 I=64 rep 2224: frozen gen 330 pcc 1.000 sep_end 0 first_sep -1 tag None (0.5s; 28060s total)
nat cheap None mN=1.091 I=64 rep 2221: unresolved gen 100000 pcc 0.989 sep_end 3 first_sep 90 tag None (32.7s; 28060s total)
nat above None mN=1.091 I=64 rep 2225: frozen gen 320 pcc 1.000 sep_end 0 first_sep -1 tag None (0.3s; 28061s total)
nat cheap None mN=1.091 I=64 rep 2225: unresolved gen 100000 pcc 0.998 sep_end 1 first_sep 155 tag None (25.1s; 28086s total)
nat above None mN=1.091 I=64 rep 2226: frozen gen 300 pcc 1.000 sep_end 0 first_sep -1 tag None (0.3s; 28087s total)
nat cheap None mN=1.091 I=64 rep 2226: frozen gen 310 pcc 1.000 sep_end 0 first_sep -1 tag None (0.3s; 28087s total)
nat above None mN=1.091 I=64 rep 2227: frozen gen 270 pcc 1.000 sep_end 0 first_sep -1 tag None (0.3s; 28087s total)
nat cheap None mN=1.091 I=64 rep 2227: frozen gen 290 pcc 1.000 sep_end 0 first_sep -1 tag None (0.4s; 28087s total)
nat above None mN=1.091 I=64 rep 2228: frozen gen 315 pcc 1.000 sep_end 0 first_sep -1 tag None (0.3s; 28087s total)
nat cheap None mN=1.091 I=64 rep 2222: unresolved gen 100000 pcc 0.983 sep_end 1 first_sep 70 tag None (54.3s; 28089s total)
nat above None mN=1.091 I=64 rep 2229: frozen gen 330 pcc 1.000 sep_end 0 first_sep -1 tag None (0.4s; 28090s total)
nat cheap None mN=1.091 I=64 rep 2229: unresolved gen 100000 pcc 0.998 sep_end 0 first_sep 225 tag None (5.6s; 28095s total)
nat above None mN=1.091 I=64 rep 2230: frozen gen 270 pcc 1.000 sep_end 0 first_sep -1 tag None (0.2s; 28096s total)
nat cheap None mN=1.091 I=64 rep 2224: unresolved gen 100000 pcc 0.988 sep_end 1 first_sep 80 tag None (37.9s; 28098s total)
nat above None mN=1.091 I=64 rep 2231: frozen gen 305 pcc 1.000 sep_end 0 first_sep -1 tag None (0.4s; 28098s total)
nat cheap None mN=1.091 I=64 rep 2230: unresolved gen 100000 pcc 0.994 sep_end 1 first_sep 145 tag None (21.0s; 28117s total)
nat above None mN=1.091 I=64 rep 2232: frozen gen 225 pcc 1.000 sep_end 0 first_sep -1 tag None (0.2s; 28117s total)
nat cheap None mN=1.091 I=64 rep 2231: unresolved gen 100000 pcc 0.990 sep_end 1 first_sep 145 tag None (32.0s; 28130s total)
nat above None mN=1.091 I=64 rep 2233: frozen gen 300 pcc 1.000 sep_end 0 first_sep -1 tag None (0.3s; 28131s total)
nat cheap None mN=1.091 I=64 rep 2233: unresolved gen 100000 pcc 0.996 sep_end 1 first_sep 130 tag None (10.3s; 28141s total)
nat above None mN=1.091 I=64 rep 2234: frozen gen 280 pcc 1.000 sep_end 0 first_sep -1 tag None (0.3s; 28141s total)
nat cheap None mN=1.091 I=64 rep 2234: unresolved gen 100000 pcc 0.995 sep_end 1 first_sep 60 tag None (15.5s; 28157s total)
nat cheap None mN=1.091 I=64 rep 2228: unresolved gen 100000 pcc 0.973 sep_end 3 first_sep 105 tag None (69.9s; 28157s total)
nat above None mN=1.091 I=64 rep 2235: frozen gen 355 pcc 1.000 sep_end 0 first_sep -1 tag None (0.3s; 28157s total)
nat above None mN=1.091 I=64 rep 2236: frozen gen 275 pcc 1.000 sep_end 0 first_sep -1 tag None (0.2s; 28158s total)
nat cheap None mN=1.091 I=64 rep 2236: unresolved gen 100000 pcc 0.996 sep_end 1 first_sep 100 tag None (20.0s; 28178s total)
nat above None mN=1.091 I=64 rep 2237: frozen gen 275 pcc 1.000 sep_end 0 first_sep -1 tag None (0.3s; 28178s total)
nat cheap None mN=1.091 I=64 rep 2232: unresolved gen 100000 pcc 0.982 sep_end 1 first_sep 110 tag None (68.2s; 28185s total)
nat above None mN=1.091 I=64 rep 2238: frozen gen 300 pcc 1.000 sep_end 0 first_sep -1 tag None (0.3s; 28185s total)
nat cheap None mN=1.091 I=64 rep 2238: unresolved gen 100000 pcc 0.996 sep_end 1 first_sep 105 tag None (14.7s; 28200s total)
nat above None mN=1.091 I=64 rep 2239: frozen gen 325 pcc 1.000 sep_end 0 first_sep -1 tag None (0.5s; 28201s total)
nat cheap None mN=1.091 I=64 rep 2237: unresolved gen 100000 pcc 0.976 sep_end 1 first_sep 120 tag None (50.7s; 28229s total)
nat above None mN=1.091 I=64 rep 2240: frozen gen 275 pcc 1.000 sep_end 0 first_sep -1 tag None (0.2s; 28229s total)
nat cheap None mN=1.091 I=64 rep 2240: frozen gen 350 pcc 1.000 sep_end 0 first_sep -1 tag None (0.3s; 28229s total)
nat above None mN=1.091 I=64 rep 2241: frozen gen 285 pcc 1.000 sep_end 0 first_sep -1 tag None (0.4s; 28230s total)
nat cheap None mN=1.091 I=64 rep 2241: frozen gen 295 pcc 1.000 sep_end 0 first_sep -1 tag None (0.3s; 28230s total)
nat above None mN=1.091 I=64 rep 2242: frozen gen 310 pcc 1.000 sep_end 0 first_sep -1 tag None (0.4s; 28230s total)
nat cheap None mN=1.091 I=64 rep 2235: unresolved gen 100000 pcc 0.975 sep_end 3 first_sep 115 tag None (81.2s; 28238s total)
nat above None mN=1.091 I=64 rep 2243: frozen gen 255 pcc 1.000 sep_end 0 first_sep -1 tag None (0.3s; 28239s total)
nat cheap None mN=1.091 I=64 rep 2239: unresolved gen 100000 pcc 0.987 sep_end 1 first_sep 65 tag None (55.8s; 28256s total)
nat above None mN=1.091 I=64 rep 2244: frozen gen 275 pcc 1.000 sep_end 0 first_sep -1 tag None (0.2s; 28257s total)
nat cheap None mN=1.091 I=64 rep 2242: unresolved gen 100000 pcc 0.981 sep_end 1 first_sep 75 tag None (51.6s; 28282s total)
nat above None mN=1.091 I=64 rep 2245: frozen gen 250 pcc 1.000 sep_end 0 first_sep -1 tag None (0.3s; 28282s total)
nat cheap None mN=1.091 I=64 rep 2243: unresolved gen 100000 pcc 0.983 sep_end 1 first_sep 95 tag None (43.8s; 28283s total)
nat above None mN=1.091 I=64 rep 2246: frozen gen 270 pcc 1.000 sep_end 0 first_sep -1 tag None (0.3s; 28283s total)
nat cheap None mN=1.091 I=64 rep 2244: unresolved gen 100000 pcc 0.977 sep_end 1 first_sep 55 tag None (63.8s; 28320s total)
nat above None mN=1.091 I=64 rep 2247: frozen gen 290 pcc 1.000 sep_end 0 first_sep -1 tag None (0.4s; 28321s total)
nat cheap None mN=1.091 I=64 rep 2245: unresolved gen 100000 pcc 0.977 sep_end 1 first_sep 100 tag None (61.9s; 28344s total)
nat above None mN=1.091 I=64 rep 2248: frozen gen 260 pcc 1.000 sep_end 0 first_sep -1 tag None (0.2s; 28344s total)
nat cheap None mN=1.091 I=64 rep 2248: frozen gen 1475 pcc 1.000 sep_end 0 first_sep 110 tag None (1.4s; 28346s total)
nat above None mN=1.091 I=64 rep 2249: frozen gen 225 pcc 1.000 sep_end 0 first_sep -1 tag None (0.3s; 28346s total)
nat cheap None mN=1.091 I=64 rep 2246: unresolved gen 100000 pcc 0.979 sep_end 1 first_sep 120 tag None (64.7s; 28347s total)
nat cheap None mN=1.091 I=64 rep 2249: frozen gen 1890 pcc 1.000 sep_end 0 first_sep 90 tag None (1.5s; 28348s total)
nat above None mN=1.091 I=64 rep 2250: frozen gen 280 pcc 1.000 sep_end 0 first_sep -1 tag None (0.3s; 28348s total)
nat above None mN=1.091 I=64 rep 2251: frozen gen 305 pcc 1.000 sep_end 0 first_sep -1 tag None (0.3s; 28349s total)
nat cheap None mN=1.091 I=64 rep 2251: frozen gen 1505 pcc 1.000 sep_end 0 first_sep 95 tag None (1.7s; 28350s total)
nat above None mN=1.091 I=64 rep 2252: frozen gen 255 pcc 1.000 sep_end 0 first_sep -1 tag None (0.2s; 28350s total)
nat cheap None mN=1.091 I=64 rep 2252: frozen gen 260 pcc 1.000 sep_end 0 first_sep -1 tag None (0.3s; 28350s total)
nat above None mN=1.091 I=64 rep 2253: frozen gen 350 pcc 1.000 sep_end 0 first_sep -1 tag None (0.3s; 28351s total)
nat cheap None mN=1.091 I=64 rep 2253: frozen gen 430 pcc 1.000 sep_end 0 first_sep -1 tag None (0.3s; 28351s total)
nat above None mN=1.091 I=64 rep 2254: frozen gen 255 pcc 1.000 sep_end 0 first_sep -1 tag None (0.2s; 28351s total)
nat cheap None mN=1.091 I=64 rep 2254: unresolved gen 100000 pcc 0.984 sep_end 3 first_sep 85 tag None (38.1s; 28389s total)
nat above None mN=1.091 I=64 rep 2255: frozen gen 400 pcc 1.000 sep_end 0 first_sep -1 tag None (0.4s; 28390s total)
nat cheap None mN=1.091 I=64 rep 2247: unresolved gen 100000 pcc 0.973 sep_end 3 first_sep 75 tag None (70.7s; 28391s total)
nat cheap None mN=1.091 I=64 rep 2255: frozen gen 1980 pcc 1.000 sep_end 0 first_sep 65 tag None (1.7s; 28392s total)
nat above None mN=1.091 I=64 rep 2256: frozen gen 275 pcc 1.000 sep_end 0 first_sep -1 tag None (0.3s; 28392s total)
nat above None mN=1.091 I=64 rep 2257: frozen gen 250 pcc 1.000 sep_end 0 first_sep -1 tag None (0.3s; 28392s total)
nat cheap None mN=1.091 I=64 rep 2256: frozen gen 780 pcc 1.000 sep_end 0 first_sep 80 tag None (0.9s; 28392s total)
nat above None mN=1.091 I=64 rep 2258: frozen gen 255 pcc 1.000 sep_end 0 first_sep -1 tag None (0.2s; 28393s total)
nat cheap None mN=1.091 I=64 rep 2258: unresolved gen 100000 pcc 0.992 sep_end 1 first_sep 105 tag None (24.1s; 28417s total)
nat above None mN=1.091 I=64 rep 2259: frozen gen 290 pcc 1.000 sep_end 0 first_sep -1 tag None (0.2s; 28417s total)
nat cheap None mN=1.091 I=64 rep 2259: frozen gen 1450 pcc 1.000 sep_end 0 first_sep 70 tag None (1.5s; 28419s total)
nat above None mN=1.091 I=64 rep 2260: frozen gen 330 pcc 1.000 sep_end 0 first_sep -1 tag None (0.3s; 28419s total)
nat cheap None mN=1.091 I=64 rep 2250: unresolved gen 100000 pcc 0.982 sep_end 3 first_sep 90 tag None (72.0s; 28420s total)
nat above None mN=1.091 I=64 rep 2261: frozen gen 270 pcc 1.000 sep_end 0 first_sep -1 tag None (0.2s; 28420s total)
nat cheap None mN=1.091 I=64 rep 2261: frozen gen 270 pcc 1.000 sep_end 0 first_sep -1 tag None (0.2s; 28420s total)
nat above None mN=1.091 I=64 rep 2262: frozen gen 290 pcc 1.000 sep_end 0 first_sep -1 tag None (0.3s; 28420s total)
nat cheap None mN=1.091 I=64 rep 2257: unresolved gen 100000 pcc 0.978 sep_end 1 first_sep 75 tag None (62.4s; 28454s total)
nat above None mN=1.091 I=64 rep 2263: frozen gen 395 pcc 1.000 sep_end 0 first_sep -1 tag None (0.4s; 28455s total)
nat cheap None mN=1.091 I=64 rep 2262: unresolved gen 100000 pcc 0.988 sep_end 1 first_sep 85 tag None (46.5s; 28467s total)
nat above None mN=1.091 I=64 rep 2264: frozen gen 230 pcc 1.000 sep_end 0 first_sep -1 tag None (0.2s; 28467s total)
nat cheap None mN=1.091 I=64 rep 2260: unresolved gen 100000 pcc 0.987 sep_end 1 first_sep 75 tag None (50.8s; 28470s total)
nat above None mN=1.091 I=64 rep 2265: frozen gen 275 pcc 1.000 sep_end 0 first_sep -1 tag None (0.3s; 28470s total)
nat cheap None mN=1.091 I=64 rep 2263: unresolved gen 100000 pcc 0.986 sep_end 1 first_sep 100 tag None (40.0s; 28495s total)
nat above None mN=1.091 I=64 rep 2266: frozen gen 390 pcc 1.000 sep_end 0 first_sep -1 tag None (0.4s; 28495s total)
nat cheap None mN=1.091 I=64 rep 2266: frozen gen 525 pcc 1.000 sep_end 0 first_sep 65 tag None (0.6s; 28496s total)
nat above None mN=1.091 I=64 rep 2267: frozen gen 305 pcc 1.000 sep_end 0 first_sep -1 tag None (0.3s; 28496s total)
nat cheap None mN=1.091 I=64 rep 2267: frozen gen 285 pcc 1.000 sep_end 0 first_sep -1 tag None (0.3s; 28496s total)
nat above None mN=1.091 I=64 rep 2268: frozen gen 285 pcc 1.000 sep_end 0 first_sep -1 tag None (0.3s; 28497s total)
nat cheap None mN=1.091 I=64 rep 2268: frozen gen 355 pcc 1.000 sep_end 0 first_sep -1 tag None (0.3s; 28497s total)
nat above None mN=1.091 I=64 rep 2269: frozen gen 330 pcc 1.000 sep_end 0 first_sep -1 tag None (0.3s; 28497s total)
nat cheap None mN=1.091 I=64 rep 2269: frozen gen 1390 pcc 1.000 sep_end 0 first_sep 85 tag None (1.4s; 28499s total)
nat above None mN=1.091 I=64 rep 2270: frozen gen 290 pcc 1.000 sep_end 0 first_sep -1 tag None (0.3s; 28499s total)
nat cheap None mN=1.091 I=64 rep 2270: frozen gen 315 pcc 1.000 sep_end 0 first_sep -1 tag None (0.3s; 28499s total)
nat above None mN=1.091 I=64 rep 2271: frozen gen 325 pcc 1.000 sep_end 0 first_sep -1 tag None (0.3s; 28500s total)
nat cheap None mN=1.091 I=64 rep 2271: frozen gen 290 pcc 1.000 sep_end 0 first_sep -1 tag None (0.3s; 28500s total)
nat above None mN=1.091 I=64 rep 2272: frozen gen 245 pcc 1.000 sep_end 0 first_sep -1 tag None (0.3s; 28500s total)
nat cheap None mN=1.091 I=64 rep 2264: unresolved gen 100000 pcc 0.985 sep_end 1 first_sep 85 tag None (61.2s; 28528s total)
nat above None mN=1.091 I=64 rep 2273: frozen gen 285 pcc 1.000 sep_end 0 first_sep 85 tag None (0.2s; 28529s total)
nat cheap None mN=1.091 I=64 rep 2272: unresolved gen 100000 pcc 0.994 sep_end 1 first_sep 70 tag None (33.6s; 28534s total)
nat above None mN=1.091 I=64 rep 2274: frozen gen 320 pcc 1.000 sep_end 0 first_sep -1 tag None (0.3s; 28534s total)
nat cheap None mN=1.091 I=64 rep 2265: unresolved gen 100000 pcc 0.981 sep_end 1 first_sep 155 tag None (64.6s; 28534s total)
nat above None mN=1.091 I=64 rep 2275: frozen gen 365 pcc 1.000 sep_end 0 first_sep -1 tag None (0.3s; 28535s total)
nat cheap None mN=1.091 I=64 rep 2273: unresolved gen 100000 pcc 0.990 sep_end 1 first_sep 125 tag None (23.6s; 28552s total)
nat above None mN=1.091 I=64 rep 2276: frozen gen 265 pcc 1.000 sep_end 0 first_sep -1 tag None (0.2s; 28553s total)
nat cheap None mN=1.091 I=64 rep 2275: unresolved gen 100000 pcc 0.988 sep_end 1 first_sep 140 tag None (32.8s; 28568s total)
nat above None mN=1.091 I=64 rep 2277: frozen gen 240 pcc 1.000 sep_end 0 first_sep -1 tag None (0.2s; 28568s total)
nat cheap None mN=1.091 I=64 rep 2276: unresolved gen 100000 pcc 0.992 sep_end 1 first_sep 100 tag None (30.2s; 28583s total)
nat above None mN=1.091 I=64 rep 2278: frozen gen 370 pcc 1.000 sep_end 0 first_sep -1 tag None (0.3s; 28583s total)
nat cheap None mN=1.091 I=64 rep 2274: unresolved gen 100000 pcc 0.981 sep_end 1 first_sep 115 tag None (56.3s; 28590s total)
nat above None mN=1.091 I=64 rep 2279: frozen gen 330 pcc 1.000 sep_end 0 first_sep -1 tag None (0.2s; 28591s total)
nat cheap None mN=1.091 I=64 rep 2278: unresolved gen 100000 pcc 0.993 sep_end 1 first_sep 120 tag None (27.0s; 28610s total)
nat above None mN=1.091 I=64 rep 2280: frozen gen 295 pcc 1.000 sep_end 0 first_sep -1 tag None (0.2s; 28610s total)
nat cheap None mN=1.091 I=64 rep 2277: unresolved gen 100000 pcc 0.984 sep_end 1 first_sep 85 tag None (43.6s; 28611s total)
nat above None mN=1.091 I=64 rep 2281: frozen gen 280 pcc 1.000 sep_end 0 first_sep -1 tag None (0.3s; 28612s total)
nat cheap None mN=1.091 I=64 rep 2281: frozen gen 360 pcc 1.000 sep_end 0 first_sep -1 tag None (0.3s; 28612s total)
nat above None mN=1.091 I=64 rep 2282: frozen gen 380 pcc 1.000 sep_end 0 first_sep -1 tag None (0.3s; 28612s total)
nat cheap None mN=1.091 I=64 rep 2279: unresolved gen 100000 pcc 0.977 sep_end 1 first_sep 70 tag None (63.3s; 28654s total)
nat above None mN=1.091 I=64 rep 2283: frozen gen 360 pcc 1.000 sep_end 0 first_sep -1 tag None (0.3s; 28654s total)
nat cheap None mN=1.091 I=64 rep 2283: frozen gen 1025 pcc 1.000 sep_end 0 first_sep 175 tag None (1.2s; 28655s total)
nat above None mN=1.091 I=64 rep 2284: frozen gen 340 pcc 1.000 sep_end 0 first_sep -1 tag None (0.3s; 28656s total)
nat cheap None mN=1.091 I=64 rep 2282: unresolved gen 100000 pcc 0.982 sep_end 1 first_sep 125 tag None (53.5s; 28666s total)
nat above None mN=1.091 I=64 rep 2285: frozen gen 365 pcc 1.000 sep_end 0 first_sep -1 tag None (0.3s; 28666s total)
nat cheap None mN=1.091 I=64 rep 2280: unresolved gen 100000 pcc 0.982 sep_end 3 first_sep 75 tag None (59.2s; 28669s total)
nat above None mN=1.091 I=64 rep 2286: frozen gen 265 pcc 1.000 sep_end 0 first_sep -1 tag None (0.3s; 28670s total)
nat cheap None mN=1.091 I=64 rep 2286: unresolved gen 100000 pcc 0.988 sep_end 1 first_sep 65 tag None (36.4s; 28706s total)
nat above None mN=1.091 I=64 rep 2287: frozen gen 325 pcc 1.000 sep_end 0 first_sep -1 tag None (0.3s; 28706s total)
nat cheap None mN=1.091 I=64 rep 2284: unresolved gen 100000 pcc 0.980 sep_end 1 first_sep 100 tag None (56.9s; 28713s total)
nat above None mN=1.091 I=64 rep 2288: frozen gen 315 pcc 1.000 sep_end 0 first_sep -1 tag None (0.4s; 28713s total)
nat cheap None mN=1.091 I=64 rep 2285: unresolved gen 100000 pcc 0.979 sep_end 1 first_sep 55 tag None (66.1s; 28732s total)
nat above None mN=1.091 I=64 rep 2289: frozen gen 285 pcc 1.000 sep_end 0 first_sep -1 tag None (0.3s; 28733s total)
nat cheap None mN=1.091 I=64 rep 2287: unresolved gen 100000 pcc 0.992 sep_end 1 first_sep 125 tag None (37.1s; 28743s total)
nat above None mN=1.091 I=64 rep 2290: frozen gen 285 pcc 1.000 sep_end 0 first_sep -1 tag None (0.3s; 28744s total)
nat cheap None mN=1.091 I=64 rep 2288: unresolved gen 100000 pcc 0.980 sep_end 1 first_sep 45 tag None (64.1s; 28777s total)
nat above None mN=1.091 I=64 rep 2291: frozen gen 290 pcc 1.000 sep_end 0 first_sep -1 tag None (0.3s; 28778s total)
nat cheap None mN=1.091 I=64 rep 2289: unresolved gen 100000 pcc 0.976 sep_end 3 first_sep 60 tag None (72.4s; 28805s total)
nat above None mN=1.091 I=64 rep 2292: frozen gen 370 pcc 1.000 sep_end 0 first_sep 115 tag None (0.4s; 28805s total)
nat cheap None mN=1.091 I=64 rep 2290: unresolved gen 100000 pcc 0.981 sep_end 1 first_sep 65 tag None (67.0s; 28811s total)
nat above None mN=1.091 I=64 rep 2293: frozen gen 315 pcc 1.000 sep_end 0 first_sep -1 tag None (0.3s; 28811s total)
nat cheap None mN=1.091 I=64 rep 2293: frozen gen 1535 pcc 1.000 sep_end 0 first_sep 70 tag None (2.0s; 28813s total)
nat above None mN=1.091 I=64 rep 2294: frozen gen 475 pcc 1.000 sep_end 0 first_sep -1 tag None (0.3s; 28813s total)
nat cheap None mN=1.091 I=64 rep 2291: unresolved gen 100000 pcc 0.973 sep_end 3 first_sep 120 tag None (79.8s; 28857s total)
nat above None mN=1.091 I=64 rep 2295: frozen gen 300 pcc 1.000 sep_end 0 first_sep -1 tag None (0.3s; 28858s total)
nat cheap None mN=1.091 I=64 rep 2292: unresolved gen 100000 pcc 0.983 sep_end 1 first_sep 120 tag None (62.5s; 28868s total)
nat above None mN=1.091 I=64 rep 2296: frozen gen 325 pcc 1.000 sep_end 0 first_sep -1 tag None (0.4s; 28868s total)
nat cheap None mN=1.091 I=64 rep 2294: unresolved gen 100000 pcc 0.970 sep_end 3 first_sep 55 tag None (80.7s; 28894s total)
nat above None mN=1.091 I=64 rep 2297: frozen gen 255 pcc 1.000 sep_end 0 first_sep -1 tag None (0.3s; 28894s total)
nat cheap None mN=1.091 I=64 rep 2297: unresolved gen 100000 pcc 0.996 sep_end 0 first_sep 120 tag None (5.7s; 28900s total)
nat above None mN=1.091 I=64 rep 2298: frozen gen 265 pcc 1.000 sep_end 0 first_sep -1 tag None (0.3s; 28900s total)
nat cheap None mN=1.091 I=64 rep 2295: unresolved gen 100000 pcc 0.974 sep_end 1 first_sep 70 tag None (67.9s; 28926s total)
nat above None mN=1.091 I=64 rep 2299: frozen gen 320 pcc 1.000 sep_end 0 first_sep -1 tag None (0.4s; 28926s total)
nat cheap None mN=1.091 I=64 rep 2296: unresolved gen 100000 pcc 0.982 sep_end 1 first_sep 100 tag None (67.5s; 28936s total)
nat above None mN=1.091 I=64 rep 2300: frozen gen 280 pcc 1.000 sep_end 0 first_sep -1 tag None (0.3s; 28936s total)
nat cheap None mN=1.091 I=64 rep 2299: unresolved gen 100000 pcc 0.985 sep_end 1 first_sep 105 tag None (32.2s; 28958s total)
nat cheap None mN=1.091 I=64 rep 2300: unresolved gen 100000 pcc 0.998 sep_end 1 first_sep 140 tag None (22.2s; 28960s total)
nat above None mN=1.091 I=64 rep 2301: frozen gen 255 pcc 1.000 sep_end 0 first_sep -1 tag None (0.3s; 28960s total)
nat above None mN=1.091 I=64 rep 2302: frozen gen 465 pcc 1.000 sep_end 0 first_sep -1 tag None (0.5s; 28960s total)
nat cheap None mN=1.091 I=64 rep 2298: unresolved gen 100000 pcc 0.981 sep_end 1 first_sep 80 tag None (66.4s; 28967s total)
nat above None mN=1.091 I=64 rep 2303: frozen gen 280 pcc 1.000 sep_end 0 first_sep -1 tag None (0.3s; 28967s total)
nat cheap None mN=1.091 I=64 rep 2301: unresolved gen 100000 pcc 0.991 sep_end 1 first_sep 50 tag None (16.5s; 28975s total)
nat above None mN=1.091 I=64 rep 2304: frozen gen 535 pcc 1.000 sep_end 0 first_sep -1 tag None (0.4s; 28975s total)
nat cheap None mN=1.091 I=64 rep 2304: frozen gen 415 pcc 1.000 sep_end 0 first_sep -1 tag None (0.3s; 28975s total)
nat above None mN=1.091 I=64 rep 2305: frozen gen 360 pcc 1.000 sep_end 0 first_sep -1 tag None (0.3s; 28976s total)
nat cheap None mN=1.091 I=64 rep 2305: frozen gen 290 pcc 1.000 sep_end 0 first_sep -1 tag None (0.3s; 28976s total)
nat above None mN=1.091 I=64 rep 2306: frozen gen 250 pcc 1.000 sep_end 0 first_sep -1 tag None (0.2s; 28976s total)
nat cheap None mN=1.091 I=64 rep 2302: unresolved gen 100000 pcc 0.995 sep_end 1 first_sep 90 tag None (25.0s; 28984s total)
nat above None mN=1.091 I=64 rep 2307: frozen gen 285 pcc 1.000 sep_end 0 first_sep -1 tag None (0.3s; 28984s total)
nat cheap None mN=1.091 I=64 rep 2307: frozen gen 305 pcc 1.000 sep_end 0 first_sep -1 tag None (0.3s; 28985s total)
nat above None mN=1.091 I=64 rep 2308: frozen gen 320 pcc 1.000 sep_end 0 first_sep -1 tag None (0.4s; 28985s total)
nat cheap None mN=1.091 I=64 rep 2306: unresolved gen 100000 pcc 0.984 sep_end 1 first_sep 75 tag None (56.0s; 29032s total)
nat above None mN=1.091 I=64 rep 2309: frozen gen 280 pcc 1.000 sep_end 0 first_sep -1 tag None (0.2s; 29033s total)
nat cheap None mN=1.091 I=64 rep 2303: unresolved gen 100000 pcc 0.985 sep_end 1 first_sep 75 tag None (67.4s; 29034s total)
nat above None mN=1.091 I=64 rep 2310: frozen gen 355 pcc 1.000 sep_end 0 first_sep -1 tag None (0.4s; 29035s total)
nat cheap None mN=1.091 I=64 rep 2308: unresolved gen 100000 pcc 0.983 sep_end 1 first_sep 75 tag None (65.9s; 29051s total)
nat above None mN=1.091 I=64 rep 2311: frozen gen 505 pcc 1.000 sep_end 0 first_sep -1 tag None (0.6s; 29051s total)
nat cheap None mN=1.091 I=64 rep 2311: frozen gen 2100 pcc 1.000 sep_end 0 first_sep 165 tag None (2.3s; 29054s total)
nat above None mN=1.091 I=64 rep 2312: frozen gen 405 pcc 1.000 sep_end 0 first_sep -1 tag None (0.3s; 29054s total)
nat cheap None mN=1.091 I=64 rep 2309: unresolved gen 100000 pcc 0.981 sep_end 1 first_sep 80 tag None (54.7s; 29087s total)
nat above None mN=1.091 I=64 rep 2313: frozen gen 300 pcc 1.000 sep_end 0 first_sep -1 tag None (0.3s; 29088s total)
nat cheap None mN=1.091 I=64 rep 2310: unresolved gen 100000 pcc 0.975 sep_end 3 first_sep 55 tag None (70.9s; 29106s total)
nat above None mN=1.091 I=64 rep 2314: frozen gen 310 pcc 1.000 sep_end 0 first_sep -1 tag None (0.3s; 29106s total)
nat cheap None mN=1.091 I=64 rep 2312: unresolved gen 100000 pcc 0.974 sep_end 3 first_sep 135 tag None (67.3s; 29121s total)
nat above None mN=1.091 I=64 rep 2315: frozen gen 295 pcc 1.000 sep_end 0 first_sep -1 tag None (0.3s; 29122s total)
nat cheap None mN=1.091 I=64 rep 2313: unresolved gen 100000 pcc 0.983 sep_end 1 first_sep 105 tag None (62.2s; 29150s total)
nat above None mN=1.091 I=64 rep 2316: frozen gen 350 pcc 1.000 sep_end 0 first_sep -1 tag None (0.3s; 29150s total)
nat cheap None mN=1.091 I=64 rep 2316: frozen gen 280 pcc 1.000 sep_end 0 first_sep -1 tag None (0.3s; 29150s total)
nat above None mN=1.091 I=64 rep 2317: frozen gen 380 pcc 1.000 sep_end 0 first_sep -1 tag None (0.3s; 29151s total)
nat cheap None mN=1.091 I=64 rep 2314: unresolved gen 100000 pcc 0.982 sep_end 1 first_sep 80 tag None (63.2s; 29169s total)
nat above None mN=1.091 I=64 rep 2318: frozen gen 260 pcc 1.000 sep_end 0 first_sep -1 tag None (0.3s; 29170s total)
nat cheap None mN=1.091 I=64 rep 2318: frozen gen 315 pcc 1.000 sep_end 0 first_sep -1 tag None (0.3s; 29170s total)
nat above None mN=1.091 I=64 rep 2319: frozen gen 280 pcc 1.000 sep_end 0 first_sep -1 tag None (0.3s; 29170s total)
nat cheap None mN=1.091 I=64 rep 2315: unresolved gen 100000 pcc 0.985 sep_end 3 first_sep 50 tag None (49.5s; 29171s total)
nat above None mN=1.091 I=64 rep 2320: frozen gen 345 pcc 1.000 sep_end 0 first_sep -1 tag None (0.3s; 29172s total)
nat cheap None mN=1.091 I=64 rep 2319: frozen gen 1135 pcc 1.000 sep_end 0 first_sep 65 tag None (1.4s; 29172s total)
nat above None mN=1.091 I=64 rep 2321: frozen gen 255 pcc 1.000 sep_end 0 first_sep -1 tag None (0.3s; 29172s total)
nat cheap None mN=1.091 I=64 rep 2320: unresolved gen 100000 pcc 0.995 sep_end 1 first_sep 95 tag None (21.9s; 29193s total)
nat above None mN=1.091 I=64 rep 2322: frozen gen 300 pcc 1.000 sep_end 0 first_sep -1 tag None (0.4s; 29194s total)
nat cheap None mN=1.091 I=64 rep 2322: unresolved gen 100000 pcc 0.998 sep_end 1 first_sep 85 tag None (9.7s; 29204s total)
nat above None mN=1.091 I=64 rep 2323: frozen gen 280 pcc 1.000 sep_end 0 first_sep -1 tag None (0.3s; 29204s total)
nat cheap None mN=1.091 I=64 rep 2317: unresolved gen 100000 pcc 0.984 sep_end 1 first_sep 90 tag None (63.7s; 29214s total)
nat above None mN=1.091 I=64 rep 2324: frozen gen 255 pcc 1.000 sep_end 0 first_sep -1 tag None (0.3s; 29215s total)
nat cheap None mN=1.091 I=64 rep 2321: unresolved gen 100000 pcc 0.971 sep_end 1 first_sep 120 tag None (65.8s; 29238s total)
nat above None mN=1.091 I=64 rep 2325: frozen gen 245 pcc 1.000 sep_end 0 first_sep -1 tag None (0.3s; 29238s total)
nat cheap None mN=1.091 I=64 rep 2324: unresolved gen 100000 pcc 0.986 sep_end 1 first_sep 75 tag None (40.0s; 29255s total)
nat above None mN=1.091 I=64 rep 2326: frozen gen 235 pcc 1.000 sep_end 0 first_sep -1 tag None (0.3s; 29256s total)
nat cheap None mN=1.091 I=64 rep 2326: frozen gen 365 pcc 1.000 sep_end 0 first_sep -1 tag None (0.3s; 29256s total)
nat above None mN=1.091 I=64 rep 2327: frozen gen 290 pcc 1.000 sep_end 0 first_sep -1 tag None (0.4s; 29256s total)
nat cheap None mN=1.091 I=64 rep 2327: frozen gen 950 pcc 1.000 sep_end 0 first_sep 100 tag None (0.9s; 29257s total)
nat above None mN=1.091 I=64 rep 2328: frozen gen 295 pcc 1.000 sep_end 0 first_sep -1 tag None (0.3s; 29257s total)
nat cheap None mN=1.091 I=64 rep 2323: unresolved gen 100000 pcc 0.981 sep_end 1 first_sep 100 tag None (65.6s; 29269s total)
nat above None mN=1.091 I=64 rep 2329: frozen gen 295 pcc 1.000 sep_end 0 first_sep -1 tag None (0.3s; 29270s total)
nat cheap None mN=1.091 I=64 rep 2329: unresolved gen 100000 pcc 0.993 sep_end 3 first_sep 75 tag None (39.9s; 29310s total)
nat above None mN=1.091 I=64 rep 2330: frozen gen 265 pcc 1.000 sep_end 0 first_sep -1 tag None (0.2s; 29310s total)
nat cheap None mN=1.091 I=64 rep 2330: frozen gen 290 pcc 1.000 sep_end 0 first_sep -1 tag None (0.3s; 29310s total)
nat above None mN=1.091 I=64 rep 2331: frozen gen 270 pcc 1.000 sep_end 0 first_sep -1 tag None (0.3s; 29310s total)
nat cheap None mN=1.091 I=64 rep 2325: unresolved gen 100000 pcc 0.972 sep_end 3 first_sep 85 tag None (75.3s; 29313s total)
nat above None mN=1.091 I=64 rep 2332: frozen gen 315 pcc 1.000 sep_end 0 first_sep -1 tag None (0.3s; 29314s total)
nat cheap None mN=1.091 I=64 rep 2328: unresolved gen 100000 pcc 0.979 sep_end 1 first_sep 75 tag None (62.9s; 29320s total)
nat above None mN=1.091 I=64 rep 2333: frozen gen 315 pcc 1.000 sep_end 0 first_sep -1 tag None (0.4s; 29320s total)
nat cheap None mN=1.091 I=64 rep 2331: unresolved gen 100000 pcc 0.995 sep_end 1 first_sep 135 tag None (13.7s; 29324s total)
nat above None mN=1.091 I=64 rep 2334: frozen gen 260 pcc 1.000 sep_end 0 first_sep -1 tag None (0.3s; 29324s total)
nat cheap None mN=1.091 I=64 rep 2334: unresolved gen 100000 pcc 0.993 sep_end 1 first_sep 160 tag None (13.6s; 29338s total)
nat above None mN=1.091 I=64 rep 2335: frozen gen 295 pcc 1.000 sep_end 0 first_sep -1 tag None (0.3s; 29338s total)
nat cheap None mN=1.091 I=64 rep 2332: unresolved gen 100000 pcc 0.988 sep_end 1 first_sep 95 tag None (34.7s; 29348s total)
nat above None mN=1.091 I=64 rep 2336: frozen gen 270 pcc 1.000 sep_end 0 first_sep -1 tag None (0.3s; 29349s total)
nat cheap None mN=1.091 I=64 rep 2336: unresolved gen 100000 pcc 0.995 sep_end 1 first_sep 140 tag None (14.3s; 29363s total)
nat above None mN=1.091 I=64 rep 2337: frozen gen 285 pcc 1.000 sep_end 0 first_sep -1 tag None (0.4s; 29363s total)
nat cheap None mN=1.091 I=64 rep 2337: frozen gen 250 pcc 1.000 sep_end 0 first_sep -1 tag None (0.2s; 29364s total)
nat above None mN=1.091 I=64 rep 2338: frozen gen 440 pcc 1.000 sep_end 0 first_sep -1 tag None (0.3s; 29364s total)
nat cheap None mN=1.091 I=64 rep 2338: frozen gen 1970 pcc 1.000 sep_end 0 first_sep 90 tag None (2.3s; 29366s total)
nat above None mN=1.091 I=64 rep 2339: frozen gen 265 pcc 1.000 sep_end 0 first_sep 110 tag None (0.4s; 29367s total)
nat cheap None mN=1.091 I=64 rep 2333: unresolved gen 100000 pcc 0.971 sep_end 1 first_sep 60 tag None (64.0s; 29384s total)
nat above None mN=1.091 I=64 rep 2340: frozen gen 345 pcc 1.000 sep_end 0 first_sep -1 tag None (0.3s; 29385s total)
nat cheap None mN=1.091 I=64 rep 2335: unresolved gen 100000 pcc 0.967 sep_end 1 first_sep 80 tag None (66.2s; 29404s total)
nat above None mN=1.091 I=64 rep 2341: frozen gen 310 pcc 1.000 sep_end 0 first_sep -1 tag None (0.3s; 29405s total)
nat cheap None mN=1.091 I=64 rep 2340: unresolved gen 100000 pcc 0.993 sep_end 1 first_sep 60 tag None (27.1s; 29412s total)
nat above None mN=1.091 I=64 rep 2342: frozen gen 280 pcc 1.000 sep_end 0 first_sep -1 tag None (0.3s; 29412s total)
nat cheap None mN=1.091 I=64 rep 2339: unresolved gen 100000 pcc 0.975 sep_end 3 first_sep 115 tag None (76.4s; 29443s total)
nat above None mN=1.091 I=64 rep 2343: frozen gen 285 pcc 1.000 sep_end 0 first_sep -1 tag None (0.3s; 29443s total)
nat cheap None mN=1.091 I=64 rep 2343: unresolved gen 100000 pcc 1.000 sep_end 1 first_sep 145 tag None (5.3s; 29449s total)
nat above None mN=1.091 I=64 rep 2344: frozen gen 285 pcc 1.000 sep_end 0 first_sep -1 tag None (0.3s; 29449s total)
nat cheap None mN=1.091 I=64 rep 2344: frozen gen 540 pcc 1.000 sep_end 0 first_sep 95 tag None (0.7s; 29450s total)
nat above None mN=1.091 I=64 rep 2345: frozen gen 265 pcc 1.000 sep_end 0 first_sep -1 tag None (0.3s; 29450s total)
nat cheap None mN=1.091 I=64 rep 2342: unresolved gen 100000 pcc 0.984 sep_end 1 first_sep 80 tag None (52.4s; 29465s total)
nat above None mN=1.091 I=64 rep 2346: frozen gen 290 pcc 1.000 sep_end 0 first_sep 140 tag None (0.4s; 29465s total)
nat cheap None mN=1.091 I=64 rep 2345: unresolved gen 100000 pcc 0.995 sep_end 1 first_sep 165 tag None (29.0s; 29479s total)
nat above None mN=1.091 I=64 rep 2347: frozen gen 395 pcc 1.000 sep_end 0 first_sep -1 tag None (0.4s; 29480s total)
nat cheap None mN=1.091 I=64 rep 2341: unresolved gen 100000 pcc 0.970 sep_end 3 first_sep 70 tag None (80.3s; 29485s total)
nat above None mN=1.091 I=64 rep 2348: frozen gen 255 pcc 1.000 sep_end 0 first_sep -1 tag None (0.3s; 29485s total)
nat cheap None mN=1.091 I=64 rep 2348: unresolved gen 100000 pcc 0.994 sep_end 1 first_sep 100 tag None (15.3s; 29501s total)
nat above None mN=1.091 I=64 rep 2349: frozen gen 335 pcc 1.000 sep_end 0 first_sep -1 tag None (0.3s; 29501s total)
nat cheap None mN=1.091 I=64 rep 2349: frozen gen 1335 pcc 1.000 sep_end 0 first_sep 135 tag None (1.6s; 29503s total)
nat above None mN=1.091 I=64 rep 2350: frozen gen 320 pcc 1.000 sep_end 0 first_sep -1 tag None (0.3s; 29503s total)
nat cheap None mN=1.091 I=64 rep 2350: frozen gen 235 pcc 1.000 sep_end 0 first_sep -1 tag None (0.3s; 29503s total)
nat above None mN=1.091 I=64 rep 2351: frozen gen 275 pcc 1.000 sep_end 0 first_sep -1 tag None (0.2s; 29506s total)
nat cheap None mN=1.091 I=64 rep 2346: unresolved gen 100000 pcc 0.983 sep_end 1 first_sep 120 tag None (53.3s; 29518s total)
nat above None mN=1.091 I=64 rep 2352: frozen gen 275 pcc 1.000 sep_end 0 first_sep -1 tag None (0.3s; 29519s total)
nat cheap None mN=1.091 I=64 rep 2347: unresolved gen 100000 pcc 0.989 sep_end 1 first_sep 70 tag None (49.8s; 29529s total)
nat above None mN=1.091 I=64 rep 2353: frozen gen 455 pcc 1.000 sep_end 0 first_sep -1 tag None (0.4s; 29530s total)
nat cheap None mN=1.091 I=64 rep 2353: frozen gen 2125 pcc 1.000 sep_end 0 first_sep 80 tag None (1.6s; 29531s total)
nat above None mN=1.091 I=64 rep 2354: frozen gen 275 pcc 1.000 sep_end 0 first_sep -1 tag None (0.3s; 29532s total)
nat cheap None mN=1.091 I=64 rep 2351: unresolved gen 100000 pcc 0.983 sep_end 3 first_sep 120 tag None (38.2s; 29542s total)
nat above None mN=1.091 I=64 rep 2355: frozen gen 305 pcc 1.000 sep_end 0 first_sep -1 tag None (0.3s; 29542s total)
nat cheap None mN=1.091 I=64 rep 2355: frozen gen 630 pcc 1.000 sep_end 0 first_sep 75 tag None (0.6s; 29543s total)
nat above None mN=1.091 I=64 rep 2356: frozen gen 300 pcc 1.000 sep_end 0 first_sep -1 tag None (0.3s; 29543s total)
nat cheap None mN=1.091 I=64 rep 2354: unresolved gen 100000 pcc 0.985 sep_end 1 first_sep 80 tag None (49.5s; 29581s total)
nat above None mN=1.091 I=64 rep 2357: frozen gen 260 pcc 1.000 sep_end 0 first_sep -1 tag None (0.3s; 29582s total)
nat cheap None mN=1.091 I=64 rep 2352: unresolved gen 100000 pcc 0.979 sep_end 1 first_sep 105 tag None (66.6s; 29585s total)
nat above None mN=1.091 I=64 rep 2358: frozen gen 390 pcc 1.000 sep_end 0 first_sep -1 tag None (0.5s; 29586s total)
nat cheap None mN=1.091 I=64 rep 2356: unresolved gen 100000 pcc 0.975 sep_end 1 first_sep 85 tag None (72.3s; 29615s total)
nat above None mN=1.091 I=64 rep 2359: frozen gen 365 pcc 1.000 sep_end 0 first_sep -1 tag None (0.4s; 29616s total)
nat cheap None mN=1.091 I=64 rep 2357: unresolved gen 100000 pcc 0.987 sep_end 1 first_sep 95 tag None (51.8s; 29633s total)
nat above None mN=1.091 I=64 rep 2360: frozen gen 330 pcc 1.000 sep_end 0 first_sep -1 tag None (0.5s; 29634s total)
nat cheap None mN=1.091 I=64 rep 2358: unresolved gen 100000 pcc 0.978 sep_end 1 first_sep 65 tag None (80.8s; 29667s total)
nat above None mN=1.091 I=64 rep 2361: frozen gen 270 pcc 1.000 sep_end 0 first_sep -1 tag None (0.4s; 29667s total)
nat cheap None mN=1.091 I=64 rep 2359: unresolved gen 100000 pcc 0.973 sep_end 1 first_sep 80 tag None (83.6s; 29699s total)
nat above None mN=1.091 I=64 rep 2362: frozen gen 295 pcc 1.000 sep_end 0 first_sep -1 tag None (0.5s; 29700s total)
nat cheap None mN=1.091 I=64 rep 2360: unresolved gen 100000 pcc 0.980 sep_end 1 first_sep 115 tag None (79.1s; 29713s total)
nat above None mN=1.091 I=64 rep 2363: frozen gen 305 pcc 1.000 sep_end 0 first_sep -1 tag None (0.4s; 29713s total)
nat cheap None mN=1.091 I=64 rep 2361: unresolved gen 100000 pcc 0.994 sep_end 1 first_sep 85 tag None (46.7s; 29716s total)
nat cheap None mN=1.091 I=64 rep 2363: frozen gen 450 pcc 1.000 sep_end 0 first_sep -1 tag None (0.6s; 29716s total)
nat above None mN=1.091 I=64 rep 2364: frozen gen 255 pcc 1.000 sep_end 0 first_sep -1 tag None (0.4s; 29716s total)
nat above None mN=1.091 I=64 rep 2365: frozen gen 315 pcc 1.000 sep_end 0 first_sep -1 tag None (0.5s; 29716s total)
nat cheap None mN=1.091 I=64 rep 2364: frozen gen 1275 pcc 1.000 sep_end 0 first_sep 60 tag None (1.2s; 29716s total)
nat above None mN=1.091 I=64 rep 2366: frozen gen 315 pcc 1.000 sep_end 0 first_sep -1 tag None (0.4s; 29716s total)
nat cheap None mN=1.091 I=64 rep 2362: unresolved gen 100000 pcc 0.982 sep_end 1 first_sep 95 tag None (82.3s; 29782s total)
nat above None mN=1.091 I=64 rep 2367: frozen gen 270 pcc 1.000 sep_end 0 first_sep -1 tag None (0.3s; 29783s total)
nat cheap None mN=1.091 I=64 rep 2367: frozen gen 320 pcc 1.000 sep_end 0 first_sep -1 tag None (0.4s; 29783s total)
nat above None mN=1.091 I=64 rep 2368: frozen gen 290 pcc 1.000 sep_end 0 first_sep -1 tag None (0.3s; 29783s total)
nat cheap None mN=1.091 I=64 rep 2366: unresolved gen 100000 pcc 0.981 sep_end 1 first_sep 60 tag None (73.3s; 29789s total)
nat above None mN=1.091 I=64 rep 2369: frozen gen 360 pcc 1.000 sep_end 0 first_sep 110 tag None (0.4s; 29789s total)
nat cheap None mN=1.091 I=64 rep 2365: unresolved gen 100000 pcc 0.972 sep_end 3 first_sep 100 tag None (92.1s; 29807s total)
nat above None mN=1.091 I=64 rep 2370: frozen gen 265 pcc 1.000 sep_end 0 first_sep -1 tag None (0.3s; 29807s total)
nat cheap None mN=1.091 I=64 rep 2368: unresolved gen 100000 pcc 0.982 sep_end 1 first_sep 95 tag None (78.2s; 29861s total)
nat above None mN=1.091 I=64 rep 2371: frozen gen 260 pcc 1.000 sep_end 0 first_sep -1 tag None (0.3s; 29862s total)
nat cheap None mN=1.091 I=64 rep 2371: frozen gen 345 pcc 1.000 sep_end 0 first_sep -1 tag None (0.4s; 29862s total)
nat above None mN=1.091 I=64 rep 2372: frozen gen 295 pcc 1.000 sep_end 0 first_sep -1 tag None (0.3s; 29863s total)
nat cheap None mN=1.091 I=64 rep 2372: frozen gen 550 pcc 1.000 sep_end 0 first_sep -1 tag None (0.4s; 29863s total)
nat above None mN=1.091 I=64 rep 2373: frozen gen 280 pcc 1.000 sep_end 0 first_sep -1 tag None (0.4s; 29863s total)
nat cheap None mN=1.091 I=64 rep 2369: unresolved gen 100000 pcc 0.974 sep_end 1 first_sep 105 tag None (78.8s; 29868s total)
nat above None mN=1.091 I=64 rep 2374: frozen gen 305 pcc 1.000 sep_end 0 first_sep -1 tag None (0.4s; 29869s total)
nat cheap None mN=1.091 I=64 rep 2370: unresolved gen 100000 pcc 0.984 sep_end 1 first_sep 140 tag None (72.5s; 29880s total)
nat above None mN=1.091 I=64 rep 2375: frozen gen 270 pcc 1.000 sep_end 0 first_sep -1 tag None (0.3s; 29880s total)
nat cheap None mN=1.091 I=64 rep 2374: unresolved gen 100000 pcc 0.992 sep_end 1 first_sep 150 tag None (32.6s; 29901s total)
nat above None mN=1.091 I=64 rep 2376: frozen gen 335 pcc 1.000 sep_end 0 first_sep -1 tag None (0.4s; 29904s total)
nat cheap None mN=1.091 I=64 rep 2373: unresolved gen 100000 pcc 0.978 sep_end 3 first_sep 60 tag None (61.1s; 29925s total)
nat above None mN=1.091 I=64 rep 2377: frozen gen 345 pcc 1.000 sep_end 0 first_sep -1 tag None (0.5s; 29925s total)
nat cheap None mN=1.091 I=64 rep 2375: unresolved gen 100000 pcc 0.973 sep_end 1 first_sep 70 tag None (77.1s; 29957s total)
nat above None mN=1.091 I=64 rep 2378: frozen gen 385 pcc 1.000 sep_end 0 first_sep -1 tag None (0.5s; 29958s total)
nat cheap None mN=1.091 I=64 rep 2378: frozen gen 285 pcc 1.000 sep_end 0 first_sep -1 tag None (0.3s; 29958s total)
nat above None mN=1.091 I=64 rep 2379: frozen gen 275 pcc 1.000 sep_end 0 first_sep -1 tag None (0.3s; 29958s total)
nat cheap None mN=1.091 I=64 rep 2376: unresolved gen 100000 pcc 0.965 sep_end 3 first_sep 85 tag None (87.8s; 29990s total)
nat above None mN=1.091 I=64 rep 2380: frozen gen 310 pcc 1.000 sep_end 0 first_sep -1 tag None (0.4s; 29990s total)
nat cheap None mN=1.091 I=64 rep 2380: frozen gen 395 pcc 1.000 sep_end 0 first_sep -1 tag None (0.3s; 29990s total)
nat above None mN=1.091 I=64 rep 2381: frozen gen 270 pcc 1.000 sep_end 0 first_sep -1 tag None (0.4s; 29991s total)
nat cheap None mN=1.091 I=64 rep 2381: frozen gen 380 pcc 1.000 sep_end 0 first_sep 65 tag None (0.4s; 29991s total)
nat above None mN=1.091 I=64 rep 2382: frozen gen 260 pcc 1.000 sep_end 0 first_sep -1 tag None (0.3s; 29992s total)
nat cheap None mN=1.091 I=64 rep 2382: frozen gen 2050 pcc 1.000 sep_end 0 first_sep 115 tag None (2.7s; 29994s total)
nat above None mN=1.091 I=64 rep 2383: frozen gen 280 pcc 1.000 sep_end 0 first_sep -1 tag None (0.3s; 29995s total)
nat cheap None mN=1.091 I=64 rep 2383: frozen gen 250 pcc 1.000 sep_end 0 first_sep -1 tag None (0.3s; 29995s total)
nat above None mN=1.091 I=64 rep 2384: frozen gen 300 pcc 1.000 sep_end 0 first_sep -1 tag None (0.4s; 29995s total)
nat cheap None mN=1.091 I=64 rep 2377: unresolved gen 100000 pcc 0.971 sep_end 3 first_sep 75 tag None (82.2s; 30007s total)
nat above None mN=1.091 I=64 rep 2385: frozen gen 835 pcc 1.000 sep_end 0 first_sep 105 tag None (1.0s; 30008s total)
nat cheap None mN=1.091 I=64 rep 2379: unresolved gen 100000 pcc 0.979 sep_end 1 first_sep 100 tag None (78.1s; 30037s total)
nat above None mN=1.091 I=64 rep 2386: frozen gen 265 pcc 1.000 sep_end 0 first_sep -1 tag None (0.4s; 30037s total)
nat cheap None mN=1.091 I=64 rep 2384: unresolved gen 100000 pcc 0.979 sep_end 1 first_sep 55 tag None (78.2s; 30073s total)
nat above None mN=1.091 I=64 rep 2387: frozen gen 325 pcc 1.000 sep_end 0 first_sep -1 tag None (0.5s; 30074s total)
nat cheap None mN=1.091 I=64 rep 2387: frozen gen 3225 pcc 1.000 sep_end 0 first_sep 80 tag None (3.3s; 30077s total)
nat above None mN=1.091 I=64 rep 2388: frozen gen 245 pcc 1.000 sep_end 0 first_sep -1 tag None (0.4s; 30078s total)
nat cheap None mN=1.091 I=64 rep 2385: unresolved gen 100000 pcc 0.984 sep_end 1 first_sep 55 tag None (78.6s; 30087s total)
nat above None mN=1.091 I=64 rep 2389: frozen gen 220 pcc 1.000 sep_end 0 first_sep -1 tag None (0.3s; 30087s total)
nat cheap None mN=1.091 I=64 rep 2386: unresolved gen 100000 pcc 0.978 sep_end 3 first_sep 70 tag None (79.9s; 30117s total)
nat above None mN=1.091 I=64 rep 2390: frozen gen 345 pcc 1.000 sep_end 0 first_sep -1 tag None (0.5s; 30117s total)
nat cheap None mN=1.091 I=64 rep 2389: unresolved gen 100000 pcc 0.979 sep_end 1 first_sep 95 tag None (69.8s; 30157s total)
nat above None mN=1.091 I=64 rep 2391: frozen gen 260 pcc 1.000 sep_end 0 first_sep -1 tag None (0.4s; 30157s total)
nat cheap None mN=1.091 I=64 rep 2388: unresolved gen 100000 pcc 0.970 sep_end 3 first_sep 60 tag None (87.3s; 30165s total)
nat above None mN=1.091 I=64 rep 2392: frozen gen 290 pcc 1.000 sep_end 0 first_sep -1 tag None (0.3s; 30165s total)
nat cheap None mN=1.091 I=64 rep 2390: unresolved gen 100000 pcc 0.974 sep_end 3 first_sep 70 tag None (87.3s; 30205s total)
nat above None mN=1.091 I=64 rep 2393: frozen gen 285 pcc 1.000 sep_end 0 first_sep -1 tag None (0.3s; 30205s total)
nat cheap None mN=1.091 I=64 rep 2393: frozen gen 450 pcc 1.000 sep_end 0 first_sep 130 tag None (0.6s; 30206s total)
nat above None mN=1.091 I=64 rep 2394: frozen gen 290 pcc 1.000 sep_end 0 first_sep -1 tag None (0.3s; 30206s total)
nat cheap None mN=1.091 I=64 rep 2394: frozen gen 335 pcc 1.000 sep_end 0 first_sep -1 tag None (0.4s; 30206s total)
nat above None mN=1.091 I=64 rep 2395: frozen gen 290 pcc 1.000 sep_end 0 first_sep -1 tag None (0.3s; 30207s total)
nat cheap None mN=1.091 I=64 rep 2392: unresolved gen 100000 pcc 0.987 sep_end 3 first_sep 120 tag None (50.9s; 30216s total)
nat above None mN=1.091 I=64 rep 2396: frozen gen 220 pcc 1.000 sep_end 0 first_sep -1 tag None (0.3s; 30216s total)
nat cheap None mN=1.091 I=64 rep 2391: unresolved gen 100000 pcc 0.983 sep_end 3 first_sep 60 tag None (66.9s; 30224s total)
nat above None mN=1.091 I=64 rep 2397: frozen gen 315 pcc 1.000 sep_end 0 first_sep -1 tag None (0.4s; 30225s total)
nat cheap None mN=1.091 I=64 rep 2395: unresolved gen 100000 pcc 0.985 sep_end 1 first_sep 85 tag None (56.3s; 30263s total)
nat above None mN=1.091 I=64 rep 2398: frozen gen 245 pcc 1.000 sep_end 0 first_sep -1 tag None (0.3s; 30263s total)
nat cheap None mN=1.091 I=64 rep 2398: frozen gen 345 pcc 1.000 sep_end 0 first_sep -1 tag None (0.4s; 30264s total)
nat above None mN=1.091 I=64 rep 2399: frozen gen 295 pcc 1.000 sep_end 0 first_sep -1 tag None (0.4s; 30264s total)
nat cheap None mN=1.091 I=64 rep 2399: frozen gen 385 pcc 1.000 sep_end 0 first_sep -1 tag None (0.4s; 30265s total)
nat above None mN=1.091 I=64 rep 2400: frozen gen 325 pcc 1.000 sep_end 0 first_sep -1 tag None (0.4s; 30265s total)
nat cheap None mN=1.091 I=64 rep 2400: frozen gen 780 pcc 1.000 sep_end 0 first_sep 100 tag None (1.1s; 30266s total)
nat above None mN=1.091 I=64 rep 2401: frozen gen 290 pcc 1.000 sep_end 0 first_sep -1 tag None (0.4s; 30269s total)
nat cheap None mN=1.091 I=64 rep 2401: frozen gen 415 pcc 1.000 sep_end 0 first_sep -1 tag None (0.5s; 30269s total)
nat above None mN=1.091 I=64 rep 2402: frozen gen 595 pcc 1.000 sep_end 0 first_sep -1 tag None (0.6s; 30269s total)
nat cheap None mN=1.091 I=64 rep 2402: frozen gen 230 pcc 1.000 sep_end 0 first_sep -1 tag None (0.4s; 30269s total)
nat above None mN=1.091 I=64 rep 2403: frozen gen 280 pcc 1.000 sep_end 0 first_sep -1 tag None (0.4s; 30269s total)
nat cheap None mN=1.091 I=64 rep 2397: unresolved gen 100000 pcc 0.992 sep_end 1 first_sep 80 tag None (54.7s; 30279s total)
nat above None mN=1.091 I=64 rep 2404: frozen gen 270 pcc 1.000 sep_end 0 first_sep 105 tag None (0.4s; 30280s total)
nat cheap None mN=1.091 I=64 rep 2396: unresolved gen 100000 pcc 0.971 sep_end 3 first_sep 70 tag None (86.7s; 30303s total)
nat above None mN=1.091 I=64 rep 2405: frozen gen 290 pcc 1.000 sep_end 0 first_sep -1 tag None (0.3s; 30303s total)
nat cheap None mN=1.091 I=64 rep 2405: frozen gen 285 pcc 1.000 sep_end 0 first_sep -1 tag None (0.3s; 30304s total)
nat above None mN=1.091 I=64 rep 2406: frozen gen 295 pcc 1.000 sep_end 0 first_sep -1 tag None (0.5s; 30304s total)
nat cheap None mN=1.091 I=64 rep 2406: frozen gen 965 pcc 1.000 sep_end 0 first_sep 95 tag None (1.3s; 30306s total)
nat above None mN=1.091 I=64 rep 2407: frozen gen 295 pcc 1.000 sep_end 0 first_sep -1 tag None (0.3s; 30306s total)
nat cheap None mN=1.091 I=64 rep 2403: unresolved gen 100000 pcc 0.986 sep_end 3 first_sep 100 tag None (64.0s; 30332s total)
nat above None mN=1.091 I=64 rep 2408: frozen gen 370 pcc 1.000 sep_end 0 first_sep -1 tag None (0.5s; 30333s total)
nat cheap None mN=1.091 I=64 rep 2408: frozen gen 985 pcc 1.000 sep_end 0 first_sep 135 tag None (1.4s; 30334s total)
nat above None mN=1.091 I=64 rep 2409: frozen gen 285 pcc 1.000 sep_end 0 first_sep -1 tag None (0.3s; 30335s total)
nat cheap None mN=1.091 I=64 rep 2404: unresolved gen 100000 pcc 0.987 sep_end 1 first_sep 60 tag None (56.2s; 30336s total)
nat above None mN=1.091 I=64 rep 2410: frozen gen 280 pcc 1.000 sep_end 0 first_sep -1 tag None (0.3s; 30336s total)
nat cheap None mN=1.091 I=64 rep 2407: unresolved gen 100000 pcc 0.991 sep_end 1 first_sep 60 tag None (50.7s; 30357s total)
nat above None mN=1.091 I=64 rep 2411: frozen gen 355 pcc 1.000 sep_end 0 first_sep -1 tag None (0.5s; 30357s total)
nat cheap None mN=1.091 I=64 rep 2411: frozen gen 320 pcc 1.000 sep_end 0 first_sep -1 tag None (0.3s; 30358s total)
nat above None mN=1.091 I=64 rep 2412: frozen gen 290 pcc 1.000 sep_end 0 first_sep -1 tag None (0.4s; 30358s total)
nat cheap None mN=1.091 I=64 rep 2409: unresolved gen 100000 pcc 0.992 sep_end 1 first_sep 85 tag None (40.4s; 30375s total)
nat above None mN=1.091 I=64 rep 2413: frozen gen 355 pcc 1.000 sep_end 0 first_sep -1 tag None (0.3s; 30375s total)
nat cheap None mN=1.091 I=64 rep 2410: unresolved gen 100000 pcc 0.991 sep_end 1 first_sep 75 tag None (39.5s; 30378s total)
nat above None mN=1.091 I=64 rep 2414: frozen gen 345 pcc 1.000 sep_end 0 first_sep -1 tag None (0.6s; 30378s total)
nat cheap None mN=1.091 I=64 rep 2412: unresolved gen 100000 pcc 0.981 sep_end 1 first_sep 65 tag None (55.3s; 30413s total)
nat above None mN=1.091 I=64 rep 2415: frozen gen 340 pcc 1.000 sep_end 0 first_sep -1 tag None (0.4s; 30414s total)
nat cheap None mN=1.091 I=64 rep 2415: frozen gen 1660 pcc 1.000 sep_end 0 first_sep 120 tag None (1.9s; 30416s total)
nat above None mN=1.091 I=64 rep 2416: frozen gen 335 pcc 1.000 sep_end 0 first_sep -1 tag None (0.4s; 30416s total)
nat cheap None mN=1.091 I=64 rep 2414: unresolved gen 100000 pcc 0.981 sep_end 1 first_sep 105 tag None (77.9s; 30454s total)
nat above None mN=1.091 I=64 rep 2417: frozen gen 295 pcc 1.000 sep_end 0 first_sep -1 tag None (0.4s; 30455s total)
nat cheap None mN=1.091 I=64 rep 2417: frozen gen 320 pcc 1.000 sep_end 0 first_sep -1 tag None (0.4s; 30455s total)
nat cheap None mN=1.091 I=64 rep 2413: unresolved gen 100000 pcc 0.984 sep_end 1 first_sep 105 tag None (80.0s; 30455s total)
nat above None mN=1.091 I=64 rep 2418: frozen gen 255 pcc 1.000 sep_end 0 first_sep -1 tag None (0.4s; 30455s total)
nat above None mN=1.091 I=64 rep 2419: frozen gen 300 pcc 1.000 sep_end 0 first_sep -1 tag None (0.4s; 30456s total)
nat cheap None mN=1.091 I=64 rep 2418: frozen gen 1550 pcc 1.000 sep_end 0 first_sep 90 tag None (2.1s; 30458s total)
nat above None mN=1.091 I=64 rep 2420: frozen gen 295 pcc 1.000 sep_end 0 first_sep -1 tag None (0.3s; 30458s total)
nat cheap None mN=1.091 I=64 rep 2416: unresolved gen 100000 pcc 0.975 sep_end 1 first_sep 120 tag None (67.3s; 30483s total)
nat above None mN=1.091 I=64 rep 2421: frozen gen 245 pcc 1.000 sep_end 0 first_sep -1 tag None (0.4s; 30484s total)
nat cheap None mN=1.091 I=64 rep 2420: unresolved gen 100000 pcc 0.982 sep_end 1 first_sep 100 tag None (75.1s; 30533s total)
nat above None mN=1.091 I=64 rep 2422: frozen gen 335 pcc 1.000 sep_end 0 first_sep -1 tag None (0.4s; 30533s total)
nat cheap None mN=1.091 I=64 rep 2422: frozen gen 915 pcc 1.000 sep_end 0 first_sep 100 tag None (1.2s; 30535s total)
nat cheap None mN=1.091 I=64 rep 2419: unresolved gen 100000 pcc 0.975 sep_end 1 first_sep 75 tag None (79.0s; 30535s total)
nat above None mN=1.091 I=64 rep 2423: frozen gen 300 pcc 1.000 sep_end 0 first_sep -1 tag None (0.3s; 30535s total)
nat above None mN=1.091 I=64 rep 2424: frozen gen 340 pcc 1.000 sep_end 0 first_sep -1 tag None (0.4s; 30535s total)
nat cheap None mN=1.091 I=64 rep 2424: unresolved gen 100000 pcc 0.996 sep_end 1 first_sep 120 tag None (16.1s; 30552s total)
nat above None mN=1.091 I=64 rep 2425: frozen gen 240 pcc 1.000 sep_end 0 first_sep -1 tag None (0.3s; 30552s total)
nat cheap None mN=1.091 I=64 rep 2425: frozen gen 330 pcc 1.000 sep_end 0 first_sep -1 tag None (0.3s; 30552s total)
nat above None mN=1.091 I=64 rep 2426: frozen gen 315 pcc 1.000 sep_end 0 first_sep -1 tag None (0.4s; 30555s total)
nat cheap None mN=1.091 I=64 rep 2423: unresolved gen 100000 pcc 0.987 sep_end 1 first_sep 55 tag None (35.1s; 30570s total)
nat above None mN=1.091 I=64 rep 2427: frozen gen 375 pcc 1.000 sep_end 0 first_sep -1 tag None (0.4s; 30571s total)
nat cheap None mN=1.091 I=64 rep 2421: unresolved gen 100000 pcc 0.976 sep_end 3 first_sep 90 tag None (89.1s; 30573s total)
nat above None mN=1.091 I=64 rep 2428: frozen gen 300 pcc 1.000 sep_end 0 first_sep -1 tag None (0.3s; 30573s total)
nat cheap None mN=1.091 I=64 rep 2427: unresolved gen 100000 pcc 0.997 sep_end 1 first_sep 110 tag None (16.1s; 30587s total)
nat above None mN=1.091 I=64 rep 2429: frozen gen 225 pcc 1.000 sep_end 0 first_sep -1 tag None (0.3s; 30587s total)
nat cheap None mN=1.091 I=64 rep 2429: frozen gen 1170 pcc 1.000 sep_end 0 first_sep 80 tag None (1.6s; 30589s total)
nat above None mN=1.091 I=64 rep 2430: frozen gen 225 pcc 1.000 sep_end 0 first_sep -1 tag None (0.3s; 30589s total)
nat cheap None mN=1.091 I=64 rep 2428: unresolved gen 100000 pcc 0.994 sep_end 3 first_sep 75 tag None (22.2s; 30595s total)
nat above None mN=1.091 I=64 rep 2431: frozen gen 345 pcc 1.000 sep_end 0 first_sep -1 tag None (0.4s; 30596s total)
nat cheap None mN=1.091 I=64 rep 2431: frozen gen 290 pcc 1.000 sep_end 0 first_sep -1 tag None (0.3s; 30596s total)
nat above None mN=1.091 I=64 rep 2432: frozen gen 340 pcc 1.000 sep_end 0 first_sep -1 tag None (0.4s; 30597s total)
nat cheap None mN=1.091 I=64 rep 2426: unresolved gen 100000 pcc 0.985 sep_end 1 first_sep 80 tag None (59.4s; 30612s total)
nat above None mN=1.091 I=64 rep 2433: frozen gen 285 pcc 1.000 sep_end 0 first_sep -1 tag None (0.3s; 30612s total)
nat cheap None mN=1.091 I=64 rep 2433: frozen gen 295 pcc 1.000 sep_end 0 first_sep -1 tag None (0.3s; 30613s total)
nat above None mN=1.091 I=64 rep 2434: frozen gen 315 pcc 1.000 sep_end 0 first_sep -1 tag None (0.3s; 30613s total)
nat cheap None mN=1.091 I=64 rep 2434: frozen gen 2850 pcc 1.000 sep_end 0 first_sep 70 tag None (2.2s; 30615s total)
nat above None mN=1.091 I=64 rep 2435: frozen gen 365 pcc 1.000 sep_end 0 first_sep -1 tag None (0.5s; 30616s total)
nat cheap None mN=1.091 I=64 rep 2435: unresolved gen 100000 pcc 0.997 sep_end 1 first_sep 205 tag None (11.2s; 30627s total)
nat above None mN=1.091 I=64 rep 2436: frozen gen 310 pcc 1.000 sep_end 0 first_sep -1 tag None (0.3s; 30627s total)
nat cheap None mN=1.091 I=64 rep 2430: unresolved gen 100000 pcc 0.986 sep_end 1 first_sep 130 tag None (62.6s; 30651s total)
nat above None mN=1.091 I=64 rep 2437: frozen gen 300 pcc 1.000 sep_end 0 first_sep -1 tag None (0.4s; 30652s total)
nat cheap None mN=1.091 I=64 rep 2437: frozen gen 270 pcc 1.000 sep_end 0 first_sep -1 tag None (0.3s; 30652s total)
nat above None mN=1.091 I=64 rep 2438: frozen gen 270 pcc 1.000 sep_end 0 first_sep -1 tag None (0.4s; 30653s total)
nat cheap None mN=1.091 I=64 rep 2432: unresolved gen 100000 pcc 0.987 sep_end 1 first_sep 65 tag None (59.8s; 30656s total)
nat above None mN=1.091 I=64 rep 2439: frozen gen 275 pcc 1.000 sep_end 0 first_sep -1 tag None (0.3s; 30657s total)
nat cheap None mN=1.091 I=64 rep 2436: unresolved gen 100000 pcc 0.986 sep_end 1 first_sep 75 tag None (56.6s; 30684s total)
nat above None mN=1.091 I=64 rep 2440: frozen gen 245 pcc 1.000 sep_end 0 first_sep -1 tag None (0.3s; 30684s total)
nat cheap None mN=1.091 I=64 rep 2439: unresolved gen 100000 pcc 0.991 sep_end 1 first_sep 85 tag None (34.9s; 30692s total)
nat above None mN=1.091 I=64 rep 2441: frozen gen 280 pcc 1.000 sep_end 0 first_sep -1 tag None (0.3s; 30692s total)
nat cheap None mN=1.091 I=64 rep 2438: unresolved gen 100000 pcc 0.988 sep_end 1 first_sep 140 tag None (42.1s; 30695s total)
nat above None mN=1.091 I=64 rep 2442: frozen gen 460 pcc 1.000 sep_end 0 first_sep -1 tag None (0.4s; 30695s total)
nat cheap None mN=1.091 I=64 rep 2440: unresolved gen 100000 pcc 0.984 sep_end 1 first_sep 70 tag None (67.7s; 30752s total)
nat above None mN=1.091 I=64 rep 2443: frozen gen 310 pcc 1.000 sep_end 0 first_sep -1 tag None (0.3s; 30752s total)
nat cheap None mN=1.091 I=64 rep 2443: frozen gen 360 pcc 1.000 sep_end 0 first_sep -1 tag None (0.4s; 30753s total)
nat above None mN=1.091 I=64 rep 2444: frozen gen 300 pcc 1.000 sep_end 0 first_sep -1 tag None (0.3s; 30753s total)
nat cheap None mN=1.091 I=64 rep 2441: unresolved gen 100000 pcc 0.981 sep_end 3 first_sep 110 tag None (79.6s; 30772s total)
nat above None mN=1.091 I=64 rep 2445: frozen gen 255 pcc 1.000 sep_end 0 first_sep -1 tag None (0.4s; 30772s total)
nat cheap None mN=1.091 I=64 rep 2442: unresolved gen 100000 pcc 0.976 sep_end 3 first_sep 85 tag None (77.1s; 30772s total)
nat above None mN=1.091 I=64 rep 2446: frozen gen 270 pcc 1.000 sep_end 0 first_sep -1 tag None (0.3s; 30772s total)
nat cheap None mN=1.091 I=64 rep 2444: unresolved gen 100000 pcc 0.976 sep_end 3 first_sep 60 tag None (73.6s; 30827s total)
nat above None mN=1.091 I=64 rep 2447: frozen gen 235 pcc 1.000 sep_end 0 first_sep -1 tag None (0.3s; 30827s total)
nat cheap None mN=1.091 I=64 rep 2445: unresolved gen 100000 pcc 0.977 sep_end 1 first_sep 65 tag None (72.0s; 30844s total)
nat above None mN=1.091 I=64 rep 2448: frozen gen 280 pcc 1.000 sep_end 0 first_sep -1 tag None (0.4s; 30844s total)
nat cheap None mN=1.091 I=64 rep 2448: frozen gen 285 pcc 1.000 sep_end 0 first_sep -1 tag None (0.3s; 30845s total)
nat above None mN=1.091 I=64 rep 2449: frozen gen 355 pcc 1.000 sep_end 0 first_sep -1 tag None (0.3s; 30845s total)
nat cheap None mN=1.091 I=64 rep 2449: frozen gen 370 pcc 1.000 sep_end 0 first_sep -1 tag None (0.3s; 30845s total)
nat above None mN=1.091 I=64 rep 2450: frozen gen 245 pcc 1.000 sep_end 0 first_sep 130 tag None (0.3s; 30846s total)
nat cheap None mN=1.091 I=64 rep 2446: unresolved gen 100000 pcc 0.976 sep_end 3 first_sep 65 tag None (75.5s; 30848s total)
nat above None mN=1.091 I=64 rep 2451: frozen gen 310 pcc 1.000 sep_end 0 first_sep -1 tag None (0.3s; 30850s total)
nat cheap None mN=1.091 I=64 rep 2451: unresolved gen 100000 pcc 0.986 sep_end 1 first_sep 135 tag None (46.1s; 30894s total)
nat above None mN=1.091 I=64 rep 2452: frozen gen 230 pcc 1.000 sep_end 0 first_sep -1 tag None (0.4s; 30895s total)
nat cheap None mN=1.091 I=64 rep 2447: unresolved gen 100000 pcc 0.980 sep_end 3 first_sep 85 tag None (68.5s; 30895s total)
nat above None mN=1.091 I=64 rep 2453: frozen gen 295 pcc 1.000 sep_end 0 first_sep -1 tag None (0.3s; 30896s total)
nat cheap None mN=1.091 I=64 rep 2452: frozen gen 1090 pcc 1.000 sep_end 0 first_sep 85 tag None (1.5s; 30896s total)
nat above None mN=1.091 I=64 rep 2454: frozen gen 250 pcc 1.000 sep_end 0 first_sep -1 tag None (0.4s; 30897s total)
nat cheap None mN=1.091 I=64 rep 2454: unresolved gen 100000 pcc 0.997 sep_end 1 first_sep 65 tag None (15.2s; 30912s total)
nat above None mN=1.091 I=64 rep 2455: frozen gen 350 pcc 1.000 sep_end 0 first_sep -1 tag None (0.4s; 30912s total)
nat cheap None mN=1.091 I=64 rep 2455: frozen gen 270 pcc 1.000 sep_end 0 first_sep -1 tag None (0.3s; 30913s total)
nat above None mN=1.091 I=64 rep 2456: frozen gen 260 pcc 1.000 sep_end 0 first_sep -1 tag None (0.3s; 30913s total)
nat cheap None mN=1.091 I=64 rep 2450: unresolved gen 100000 pcc 0.981 sep_end 3 first_sep 70 tag None (73.3s; 30919s total)
nat above None mN=1.091 I=64 rep 2457: frozen gen 310 pcc 1.000 sep_end 0 first_sep -1 tag None (0.3s; 30919s total)
nat cheap None mN=1.091 I=64 rep 2456: unresolved gen 100000 pcc 0.989 sep_end 1 first_sep 65 tag None (38.0s; 30951s total)
nat above None mN=1.091 I=64 rep 2458: frozen gen 290 pcc 1.000 sep_end 0 first_sep -1 tag None (0.3s; 30951s total)
nat cheap None mN=1.091 I=64 rep 2453: unresolved gen 100000 pcc 0.977 sep_end 3 first_sep 75 tag None (75.1s; 30971s total)
nat above None mN=1.091 I=64 rep 2459: frozen gen 330 pcc 1.000 sep_end 0 first_sep -1 tag None (0.3s; 30971s total)
nat cheap None mN=1.091 I=64 rep 2457: unresolved gen 100000 pcc 0.970 sep_end 3 first_sep 75 tag None (81.2s; 31001s total)
nat above None mN=1.091 I=64 rep 2460: frozen gen 335 pcc 1.000 sep_end 0 first_sep -1 tag None (0.4s; 31001s total)
nat cheap None mN=1.091 I=64 rep 2458: unresolved gen 100000 pcc 0.983 sep_end 1 first_sep 80 tag None (55.2s; 31006s total)
nat above None mN=1.091 I=64 rep 2461: frozen gen 255 pcc 1.000 sep_end 0 first_sep -1 tag None (0.3s; 31007s total)
nat cheap None mN=1.091 I=64 rep 2459: unresolved gen 100000 pcc 0.980 sep_end 1 first_sep 75 tag None (62.6s; 31034s total)
nat above None mN=1.091 I=64 rep 2462: frozen gen 345 pcc 1.000 sep_end 0 first_sep -1 tag None (0.5s; 31034s total)
nat cheap None mN=1.091 I=64 rep 2462: frozen gen 250 pcc 1.000 sep_end 0 first_sep -1 tag None (0.3s; 31035s total)
nat above None mN=1.091 I=64 rep 2463: frozen gen 385 pcc 1.000 sep_end 0 first_sep -1 tag None (0.4s; 31035s total)
nat cheap None mN=1.091 I=64 rep 2461: unresolved gen 100000 pcc 0.978 sep_end 3 first_sep 75 tag None (75.3s; 31082s total)
nat above None mN=1.091 I=64 rep 2464: frozen gen 365 pcc 1.000 sep_end 0 first_sep -1 tag None (0.3s; 31082s total)
nat cheap None mN=1.091 I=64 rep 2460: unresolved gen 100000 pcc 0.970 sep_end 3 first_sep 95 tag None (86.4s; 31087s total)
nat above None mN=1.091 I=64 rep 2465: frozen gen 290 pcc 1.000 sep_end 0 first_sep -1 tag None (0.4s; 31088s total)
nat cheap None mN=1.091 I=64 rep 2465: frozen gen 840 pcc 1.000 sep_end 0 first_sep 100 tag None (1.1s; 31089s total)
nat above None mN=1.091 I=64 rep 2466: frozen gen 260 pcc 1.000 sep_end 0 first_sep -1 tag None (0.3s; 31089s total)
nat cheap None mN=1.091 I=64 rep 2466: frozen gen 285 pcc 1.000 sep_end 0 first_sep -1 tag None (0.3s; 31090s total)
nat above None mN=1.091 I=64 rep 2467: frozen gen 315 pcc 1.000 sep_end 0 first_sep -1 tag None (0.3s; 31090s total)
nat cheap None mN=1.091 I=64 rep 2467: frozen gen 1660 pcc 1.000 sep_end 0 first_sep 80 tag None (1.9s; 31092s total)
nat above None mN=1.091 I=64 rep 2468: frozen gen 340 pcc 1.000 sep_end 0 first_sep -1 tag None (0.4s; 31092s total)
nat cheap None mN=1.091 I=64 rep 2464: unresolved gen 100000 pcc 0.999 sep_end 1 first_sep 50 tag None (10.4s; 31093s total)
nat above None mN=1.091 I=64 rep 2469: frozen gen 305 pcc 1.000 sep_end 0 first_sep -1 tag None (0.3s; 31093s total)
nat cheap None mN=1.091 I=64 rep 2469: frozen gen 1200 pcc 1.000 sep_end 0 first_sep 110 tag None (1.4s; 31095s total)
nat above None mN=1.091 I=64 rep 2470: frozen gen 315 pcc 1.000 sep_end 0 first_sep -1 tag None (0.3s; 31095s total)
nat cheap None mN=1.091 I=64 rep 2463: unresolved gen 100000 pcc 0.975 sep_end 1 first_sep 105 tag None (73.3s; 31108s total)
nat above None mN=1.091 I=64 rep 2471: frozen gen 315 pcc 1.000 sep_end 0 first_sep -1 tag None (0.3s; 31109s total)
nat cheap None mN=1.091 I=64 rep 2468: unresolved gen 100000 pcc 0.984 sep_end 1 first_sep 70 tag None (73.8s; 31166s total)
nat above None mN=1.091 I=64 rep 2472: frozen gen 330 pcc 1.000 sep_end 0 first_sep -1 tag None (0.4s; 31166s total)
nat cheap None mN=1.091 I=64 rep 2472: frozen gen 330 pcc 1.000 sep_end 0 first_sep -1 tag None (0.4s; 31167s total)
nat above None mN=1.091 I=64 rep 2473: frozen gen 320 pcc 1.000 sep_end 0 first_sep -1 tag None (0.3s; 31167s total)
nat cheap None mN=1.091 I=64 rep 2470: unresolved gen 100000 pcc 0.984 sep_end 1 first_sep 55 tag None (73.5s; 31168s total)
nat above None mN=1.091 I=64 rep 2474: frozen gen 290 pcc 1.000 sep_end 0 first_sep -1 tag None (0.3s; 31169s total)
nat cheap None mN=1.091 I=64 rep 2471: unresolved gen 100000 pcc 0.981 sep_end 1 first_sep 100 tag None (69.8s; 31178s total)
nat above None mN=1.091 I=64 rep 2475: frozen gen 285 pcc 1.000 sep_end 0 first_sep -1 tag None (0.3s; 31179s total)
nat cheap None mN=1.091 I=64 rep 2473: unresolved gen 100000 pcc 0.977 sep_end 3 first_sep 95 tag None (72.3s; 31239s total)
nat above None mN=1.091 I=64 rep 2476: frozen gen 300 pcc 1.000 sep_end 0 first_sep -1 tag None (0.5s; 31242s total)
nat cheap None mN=1.091 I=64 rep 2476: frozen gen 315 pcc 1.000 sep_end 0 first_sep -1 tag None (0.3s; 31242s total)
nat above None mN=1.091 I=64 rep 2477: frozen gen 305 pcc 1.000 sep_end 0 first_sep -1 tag None (0.3s; 31242s total)
nat cheap None mN=1.091 I=64 rep 2474: unresolved gen 100000 pcc 0.971 sep_end 3 first_sep 115 tag None (88.3s; 31257s total)
nat above None mN=1.091 I=64 rep 2478: frozen gen 265 pcc 1.000 sep_end 0 first_sep -1 tag None (0.3s; 31257s total)
nat cheap None mN=1.091 I=64 rep 2475: unresolved gen 100000 pcc 0.972 sep_end 3 first_sep 85 tag None (86.4s; 31265s total)
nat above None mN=1.091 I=64 rep 2479: frozen gen 300 pcc 1.000 sep_end 0 first_sep -1 tag None (0.4s; 31266s total)
nat cheap None mN=1.091 I=64 rep 2479: frozen gen 335 pcc 1.000 sep_end 0 first_sep -1 tag None (0.3s; 31266s total)
nat above None mN=1.091 I=64 rep 2480: frozen gen 245 pcc 1.000 sep_end 0 first_sep -1 tag None (0.2s; 31266s total)
nat cheap None mN=1.091 I=64 rep 2480: unresolved gen 100000 pcc 0.990 sep_end 1 first_sep 65 tag None (28.4s; 31295s total)
nat above None mN=1.091 I=64 rep 2481: frozen gen 300 pcc 1.000 sep_end 0 first_sep -1 tag None (0.4s; 31295s total)
nat cheap None mN=1.091 I=64 rep 2477: unresolved gen 100000 pcc 0.981 sep_end 1 first_sep 100 tag None (68.5s; 31309s total)
nat above None mN=1.091 I=64 rep 2482: frozen gen 255 pcc 1.000 sep_end 0 first_sep -1 tag None (0.3s; 31310s total)
nat cheap None mN=1.091 I=64 rep 2478: unresolved gen 100000 pcc 0.971 sep_end 3 first_sep 120 tag None (87.3s; 31345s total)
nat above None mN=1.091 I=64 rep 2483: frozen gen 315 pcc 1.000 sep_end 0 first_sep -1 tag None (0.3s; 31345s total)
nat cheap None mN=1.091 I=64 rep 2481: unresolved gen 100000 pcc 0.983 sep_end 1 first_sep 70 tag None (59.4s; 31354s total)
nat above None mN=1.091 I=64 rep 2484: frozen gen 360 pcc 1.000 sep_end 0 first_sep -1 tag None (0.5s; 31355s total)
nat cheap None mN=1.091 I=64 rep 2484: frozen gen 1165 pcc 1.000 sep_end 0 first_sep 115 tag None (1.5s; 31356s total)
nat above None mN=1.091 I=64 rep 2485: frozen gen 300 pcc 1.000 sep_end 0 first_sep -1 tag None (0.4s; 31357s total)
nat cheap None mN=1.091 I=64 rep 2485: frozen gen 255 pcc 1.000 sep_end 0 first_sep -1 tag None (0.3s; 31357s total)
nat cheap None mN=1.091 I=64 rep 2482: unresolved gen 100000 pcc 0.986 sep_end 1 first_sep 85 tag None (47.7s; 31357s total)
nat above None mN=1.091 I=64 rep 2486: frozen gen 270 pcc 1.000 sep_end 0 first_sep -1 tag None (0.4s; 31358s total)
nat above None mN=1.091 I=64 rep 2487: frozen gen 275 pcc 1.000 sep_end 0 first_sep -1 tag None (0.4s; 31358s total)
nat cheap None mN=1.091 I=64 rep 2483: unresolved gen 100000 pcc 0.986 sep_end 1 first_sep 180 tag None (47.4s; 31392s total)
nat above None mN=1.091 I=64 rep 2488: frozen gen 385 pcc 1.000 sep_end 0 first_sep -1 tag None (0.5s; 31393s total)
nat cheap None mN=1.091 I=64 rep 2487: unresolved gen 100000 pcc 0.976 sep_end 3 first_sep 80 tag None (77.2s; 31435s total)
nat above None mN=1.091 I=64 rep 2489: frozen gen 350 pcc 1.000 sep_end 0 first_sep -1 tag None (0.4s; 31436s total)
nat cheap None mN=1.091 I=64 rep 2486: unresolved gen 100000 pcc 0.981 sep_end 3 first_sep 110 tag None (79.8s; 31437s total)
nat above None mN=1.091 I=64 rep 2490: frozen gen 355 pcc 1.000 sep_end 0 first_sep -1 tag None (0.3s; 31437s total)
nat cheap None mN=1.091 I=64 rep 2489: frozen gen 1665 pcc 1.000 sep_end 0 first_sep 90 tag None (2.0s; 31438s total)
nat above None mN=1.091 I=64 rep 2491: frozen gen 360 pcc 1.000 sep_end 0 first_sep -1 tag None (0.4s; 31438s total)
nat cheap None mN=1.091 I=64 rep 2491: frozen gen 595 pcc 1.000 sep_end 0 first_sep 115 tag None (0.8s; 31439s total)
nat above None mN=1.091 I=64 rep 2492: frozen gen 285 pcc 1.000 sep_end 0 first_sep -1 tag None (0.3s; 31439s total)
nat cheap None mN=1.091 I=64 rep 2492: unresolved gen 100000 pcc 0.999 sep_end 1 first_sep 120 tag None (6.2s; 31445s total)
nat above None mN=1.091 I=64 rep 2493: frozen gen 260 pcc 1.000 sep_end 0 first_sep -1 tag None (0.3s; 31446s total)
nat cheap None mN=1.091 I=64 rep 2493: frozen gen 1325 pcc 1.000 sep_end 0 first_sep 130 tag None (1.9s; 31448s total)
nat above None mN=1.091 I=64 rep 2494: frozen gen 280 pcc 1.000 sep_end 0 first_sep -1 tag None (0.3s; 31448s total)
nat cheap None mN=1.091 I=64 rep 2488: unresolved gen 100000 pcc 0.982 sep_end 1 first_sep 90 tag None (72.7s; 31465s total)
nat above None mN=1.091 I=64 rep 2495: frozen gen 350 pcc 1.000 sep_end 0 first_sep -1 tag None (0.4s; 31466s total)
nat cheap None mN=1.091 I=64 rep 2490: unresolved gen 100000 pcc 0.981 sep_end 1 first_sep 80 tag None (50.4s; 31488s total)
nat above None mN=1.091 I=64 rep 2496: frozen gen 340 pcc 1.000 sep_end 0 first_sep -1 tag None (0.3s; 31488s total)
nat cheap None mN=1.091 I=64 rep 2495: unresolved gen 100000 pcc 0.986 sep_end 1 first_sep 105 tag None (42.8s; 31509s total)
nat above None mN=1.091 I=64 rep 2497: frozen gen 310 pcc 1.000 sep_end 0 first_sep -1 tag None (0.3s; 31509s total)
nat cheap None mN=1.091 I=64 rep 2494: unresolved gen 100000 pcc 0.973 sep_end 1 first_sep 100 tag None (76.0s; 31524s total)
nat above None mN=1.091 I=64 rep 2498: frozen gen 360 pcc 1.000 sep_end 0 first_sep 105 tag None (0.6s; 31524s total)
nat cheap None mN=1.091 I=64 rep 2496: unresolved gen 100000 pcc 0.974 sep_end 1 first_sep 85 tag None (72.8s; 31561s total)
nat above None mN=1.091 I=64 rep 2499: frozen gen 290 pcc 1.000 sep_end 0 first_sep -1 tag None (0.3s; 31561s total)
nat cheap None mN=1.091 I=64 rep 2499: unresolved gen 100000 pcc 0.998 sep_end 1 first_sep 165 tag None (20.7s; 31582s total)
nat above None mN=1.091 I=64 rep 2500: frozen gen 300 pcc 1.000 sep_end 0 first_sep -1 tag None (0.3s; 31582s total)
nat cheap None mN=1.091 I=64 rep 2497: unresolved gen 100000 pcc 0.977 sep_end 1 first_sep 100 tag None (78.9s; 31588s total)
nat above None mN=1.091 I=64 rep 2501: frozen gen 350 pcc 1.000 sep_end 0 first_sep -1 tag None (0.6s; 31590s total)
nat cheap None mN=1.091 I=64 rep 2498: unresolved gen 100000 pcc 0.978 sep_end 3 first_sep 70 tag None (79.7s; 31604s total)
nat above None mN=1.091 I=64 rep 2502: frozen gen 280 pcc 1.000 sep_end 0 first_sep -1 tag None (0.3s; 31604s total)
nat cheap None mN=1.091 I=64 rep 2500: unresolved gen 100000 pcc 0.982 sep_end 1 first_sep 90 tag None (76.0s; 31658s total)
nat above None mN=1.091 I=64 rep 2503: frozen gen 310 pcc 1.000 sep_end 0 first_sep -1 tag None (0.4s; 31659s total)
nat cheap None mN=1.091 I=64 rep 2501: unresolved gen 100000 pcc 0.978 sep_end 1 first_sep 90 tag None (70.6s; 31659s total)
nat above None mN=1.091 I=64 rep 2504: frozen gen 290 pcc 1.000 sep_end 0 first_sep -1 tag None (0.3s; 31659s total)
nat cheap None mN=1.091 I=64 rep 2502: unresolved gen 100000 pcc 0.981 sep_end 1 first_sep 110 tag None (71.6s; 31676s total)
nat above None mN=1.091 I=64 rep 2505: frozen gen 315 pcc 1.000 sep_end 0 first_sep -1 tag None (0.3s; 31676s total)
nat cheap None mN=1.091 I=64 rep 2505: frozen gen 1990 pcc 1.000 sep_end 0 first_sep 70 tag None (2.3s; 31679s total)
nat above None mN=1.091 I=64 rep 2506: frozen gen 300 pcc 1.000 sep_end 0 first_sep -1 tag None (0.3s; 31679s total)
nat cheap None mN=1.091 I=64 rep 2503: unresolved gen 100000 pcc 0.994 sep_end 3 first_sep 105 tag None (25.1s; 31684s total)
nat above None mN=1.091 I=64 rep 2507: frozen gen 290 pcc 1.000 sep_end 0 first_sep -1 tag None (0.4s; 31684s total)
nat cheap None mN=1.091 I=64 rep 2504: unresolved gen 100000 pcc 0.975 sep_end 1 first_sep 80 tag None (74.9s; 31734s total)
nat above None mN=1.091 I=64 rep 2508: frozen gen 245 pcc 1.000 sep_end 0 first_sep -1 tag None (0.4s; 31735s total)
nat cheap None mN=1.091 I=64 rep 2506: unresolved gen 100000 pcc 0.977 sep_end 1 first_sep 70 tag None (78.0s; 31757s total)
nat above None mN=1.091 I=64 rep 2509: frozen gen 315 pcc 1.000 sep_end 0 first_sep 65 tag None (0.4s; 31758s total)
nat cheap None mN=1.091 I=64 rep 2507: unresolved gen 100000 pcc 0.980 sep_end 1 first_sep 60 tag None (73.8s; 31758s total)
nat above None mN=1.091 I=64 rep 2510: frozen gen 240 pcc 1.000 sep_end 0 first_sep -1 tag None (0.3s; 31759s total)
nat cheap None mN=1.091 I=64 rep 2509: frozen gen 1560 pcc 1.000 sep_end 0 first_sep 60 tag None (2.0s; 31760s total)
nat above None mN=1.091 I=64 rep 2511: frozen gen 335 pcc 1.000 sep_end 0 first_sep -1 tag None (0.3s; 31760s total)
nat cheap None mN=1.091 I=64 rep 2508: unresolved gen 100000 pcc 0.983 sep_end 1 first_sep 125 tag None (78.9s; 31814s total)
nat above None mN=1.091 I=64 rep 2512: frozen gen 320 pcc 1.000 sep_end 0 first_sep -1 tag None (0.3s; 31814s total)
nat cheap None mN=1.091 I=64 rep 2511: unresolved gen 100000 pcc 0.986 sep_end 1 first_sep 110 tag None (66.4s; 31826s total)
nat above None mN=1.091 I=64 rep 2513: frozen gen 305 pcc 1.000 sep_end 0 first_sep -1 tag None (0.4s; 31827s total)
nat cheap None mN=1.091 I=64 rep 2510: unresolved gen 100000 pcc 0.981 sep_end 1 first_sep 70 tag None (73.8s; 31832s total)
nat above None mN=1.091 I=64 rep 2514: frozen gen 385 pcc 1.000 sep_end 0 first_sep -1 tag None (0.5s; 31833s total)
nat cheap None mN=1.091 I=64 rep 2513: unresolved gen 100000 pcc 0.990 sep_end 3 first_sep 105 tag None (44.0s; 31871s total)
nat above None mN=1.091 I=64 rep 2515: frozen gen 345 pcc 1.000 sep_end 0 first_sep -1 tag None (0.4s; 31871s total)
nat cheap None mN=1.091 I=64 rep 2514: unresolved gen 100000 pcc 0.988 sep_end 1 first_sep 65 tag None (44.4s; 31877s total)
nat above None mN=1.091 I=64 rep 2516: frozen gen 275 pcc 1.000 sep_end 0 first_sep -1 tag None (0.3s; 31878s total)
nat cheap None mN=1.091 I=64 rep 2512: unresolved gen 100000 pcc 0.976 sep_end 1 first_sep 105 tag None (78.1s; 31892s total)
nat above None mN=1.091 I=64 rep 2517: frozen gen 350 pcc 1.000 sep_end 0 first_sep -1 tag None (0.4s; 31892s total)
nat cheap None mN=1.091 I=64 rep 2515: unresolved gen 100000 pcc 0.992 sep_end 1 first_sep 105 tag None (32.9s; 31904s total)
nat above None mN=1.091 I=64 rep 2518: frozen gen 375 pcc 1.000 sep_end 0 first_sep -1 tag None (0.4s; 31905s total)
nat cheap None mN=1.091 I=64 rep 2517: unresolved gen 100000 pcc 0.986 sep_end 1 first_sep 80 tag None (55.8s; 31948s total)
nat above None mN=1.091 I=64 rep 2519: frozen gen 390 pcc 1.000 sep_end 0 first_sep -1 tag None (0.5s; 31949s total)
nat cheap None mN=1.091 I=64 rep 2516: unresolved gen 100000 pcc 0.981 sep_end 3 first_sep 55 tag None (76.2s; 31954s total)
nat above None mN=1.091 I=64 rep 2520: frozen gen 245 pcc 1.000 sep_end 0 first_sep -1 tag None (0.3s; 31954s total)
nat cheap None mN=1.091 I=64 rep 2518: unresolved gen 100000 pcc 0.983 sep_end 1 first_sep 70 tag None (73.3s; 31978s total)
nat above None mN=1.091 I=64 rep 2521: frozen gen 300 pcc 1.000 sep_end 0 first_sep -1 tag None (0.4s; 31978s total)
nat cheap None mN=1.091 I=64 rep 2521: frozen gen 1100 pcc 1.000 sep_end 0 first_sep 125 tag None (1.6s; 31980s total)
nat above None mN=1.091 I=64 rep 2522: frozen gen 250 pcc 1.000 sep_end 0 first_sep -1 tag None (0.4s; 31980s total)
nat cheap None mN=1.091 I=64 rep 2520: unresolved gen 100000 pcc 0.989 sep_end 1 first_sep 65 tag None (36.4s; 31990s total)
nat above None mN=1.091 I=64 rep 2523: frozen gen 310 pcc 1.000 sep_end 0 first_sep -1 tag None (0.3s; 31991s total)
nat cheap None mN=1.091 I=64 rep 2523: frozen gen 335 pcc 1.000 sep_end 0 first_sep -1 tag None (0.4s; 31991s total)
nat above None mN=1.091 I=64 rep 2524: frozen gen 245 pcc 1.000 sep_end 0 first_sep -1 tag None (0.3s; 31992s total)
nat cheap None mN=1.091 I=64 rep 2519: unresolved gen 100000 pcc 0.984 sep_end 1 first_sep 95 tag None (47.4s; 31996s total)
nat above None mN=1.091 I=64 rep 2525: frozen gen 275 pcc 1.000 sep_end 0 first_sep -1 tag None (0.3s; 31997s total)
nat cheap None mN=1.091 I=64 rep 2522: unresolved gen 100000 pcc 0.989 sep_end 1 first_sep 165 tag None (43.8s; 32024s total)
nat above None mN=1.091 I=64 rep 2526: frozen gen 350 pcc 1.000 sep_end 0 first_sep -1 tag None (0.4s; 32027s total)
nat cheap None mN=1.091 I=64 rep 2526: unresolved gen 100000 pcc 0.985 sep_end 1 first_sep 80 tag None (40.7s; 32065s total)
nat above None mN=1.091 I=64 rep 2527: frozen gen 250 pcc 1.000 sep_end 0 first_sep -1 tag None (0.3s; 32066s total)
nat cheap None mN=1.091 I=64 rep 2527: frozen gen 1670 pcc 1.000 sep_end 0 first_sep 95 tag None (2.1s; 32068s total)
nat above None mN=1.091 I=64 rep 2528: frozen gen 255 pcc 1.000 sep_end 0 first_sep -1 tag None (0.3s; 32068s total)
nat cheap None mN=1.091 I=64 rep 2524: unresolved gen 100000 pcc 0.978 sep_end 1 first_sep 60 tag None (78.2s; 32070s total)
nat above None mN=1.091 I=64 rep 2529: frozen gen 300 pcc 1.000 sep_end 0 first_sep -1 tag None (0.3s; 32070s total)
nat cheap None mN=1.091 I=64 rep 2525: unresolved gen 100000 pcc 0.978 sep_end 1 first_sep 40 tag None (79.9s; 32077s total)
nat above None mN=1.091 I=64 rep 2530: frozen gen 325 pcc 1.000 sep_end 0 first_sep -1 tag None (0.4s; 32077s total)
nat cheap None mN=1.091 I=64 rep 2530: frozen gen 285 pcc 1.000 sep_end 0 first_sep -1 tag None (0.4s; 32077s total)
nat above None mN=1.091 I=64 rep 2531: frozen gen 455 pcc 1.000 sep_end 0 first_sep -1 tag None (0.5s; 32078s total)
nat cheap None mN=1.091 I=64 rep 2531: frozen gen 1350 pcc 1.000 sep_end 0 first_sep 90 tag None (1.8s; 32080s total)
nat above None mN=1.091 I=64 rep 2532: frozen gen 275 pcc 1.000 sep_end 0 first_sep -1 tag None (0.5s; 32080s total)
nat cheap None mN=1.091 I=64 rep 2532: frozen gen 1380 pcc 1.000 sep_end 0 first_sep 150 tag None (2.0s; 32082s total)
nat above None mN=1.091 I=64 rep 2533: frozen gen 305 pcc 1.000 sep_end 0 first_sep -1 tag None (0.4s; 32083s total)
nat cheap None mN=1.091 I=64 rep 2533: unresolved gen 100000 pcc 0.997 sep_end 1 first_sep 165 tag None (11.7s; 32094s total)
nat above None mN=1.091 I=64 rep 2534: frozen gen 305 pcc 1.000 sep_end 0 first_sep -1 tag None (0.3s; 32095s total)
nat cheap None mN=1.091 I=64 rep 2534: frozen gen 245 pcc 1.000 sep_end 0 first_sep -1 tag None (0.3s; 32095s total)
nat above None mN=1.091 I=64 rep 2535: frozen gen 370 pcc 1.000 sep_end 0 first_sep -1 tag None (0.6s; 32096s total)
nat cheap None mN=1.091 I=64 rep 2528: unresolved gen 100000 pcc 0.993 sep_end 1 first_sep 115 tag None (30.6s; 32099s total)
nat above None mN=1.091 I=64 rep 2536: frozen gen 330 pcc 1.000 sep_end 0 first_sep -1 tag None (0.5s; 32099s total)
nat cheap None mN=1.091 I=64 rep 2529: unresolved gen 100000 pcc 0.994 sep_end 1 first_sep 155 tag None (34.1s; 32104s total)
nat above None mN=1.091 I=64 rep 2537: frozen gen 345 pcc 1.000 sep_end 0 first_sep -1 tag None (0.3s; 32105s total)
nat cheap None mN=1.091 I=64 rep 2536: unresolved gen 100000 pcc 0.996 sep_end 1 first_sep 110 tag None (17.0s; 32116s total)
nat above None mN=1.091 I=64 rep 2538: frozen gen 305 pcc 1.000 sep_end 0 first_sep -1 tag None (0.4s; 32117s total)
nat cheap None mN=1.091 I=64 rep 2535: unresolved gen 100000 pcc 0.979 sep_end 1 first_sep 105 tag None (70.9s; 32167s total)
nat above None mN=1.091 I=64 rep 2539: frozen gen 335 pcc 1.000 sep_end 0 first_sep -1 tag None (0.4s; 32167s total)
nat cheap None mN=1.091 I=64 rep 2537: unresolved gen 100000 pcc 0.966 sep_end 3 first_sep 130 tag None (88.5s; 32193s total)
nat above None mN=1.091 I=64 rep 2540: frozen gen 325 pcc 1.000 sep_end 0 first_sep -1 tag None (0.4s; 32193s total)
nat cheap None mN=1.091 I=64 rep 2538: unresolved gen 100000 pcc 0.972 sep_end 3 first_sep 70 tag None (80.4s; 32197s total)
nat above None mN=1.091 I=64 rep 2541: frozen gen 270 pcc 1.000 sep_end 0 first_sep -1 tag None (0.3s; 32198s total)
nat cheap None mN=1.091 I=64 rep 2539: unresolved gen 100000 pcc 0.977 sep_end 3 first_sep 80 tag None (82.4s; 32249s total)
nat above None mN=1.091 I=64 rep 2542: frozen gen 300 pcc 1.000 sep_end 0 first_sep -1 tag None (0.3s; 32250s total)
nat cheap None mN=1.091 I=64 rep 2540: unresolved gen 100000 pcc 0.982 sep_end 3 first_sep 80 tag None (78.4s; 32272s total)
nat cheap None mN=1.091 I=64 rep 2541: unresolved gen 100000 pcc 0.984 sep_end 1 first_sep 70 tag None (74.4s; 32272s total)
nat above None mN=1.091 I=64 rep 2543: frozen gen 255 pcc 1.000 sep_end 0 first_sep -1 tag None (0.3s; 32272s total)
nat above None mN=1.091 I=64 rep 2544: frozen gen 365 pcc 1.000 sep_end 0 first_sep -1 tag None (0.4s; 32273s total)
nat cheap None mN=1.091 I=64 rep 2542: unresolved gen 100000 pcc 0.979 sep_end 1 first_sep 80 tag None (77.4s; 32327s total)
nat above None mN=1.091 I=64 rep 2545: frozen gen 430 pcc 1.000 sep_end 0 first_sep -1 tag None (0.5s; 32328s total)
nat cheap None mN=1.091 I=64 rep 2545: frozen gen 1290 pcc 1.000 sep_end 0 first_sep 155 tag None (1.6s; 32329s total)
nat above None mN=1.091 I=64 rep 2546: frozen gen 315 pcc 1.000 sep_end 0 first_sep -1 tag None (0.3s; 32330s total)
nat cheap None mN=1.091 I=64 rep 2543: unresolved gen 100000 pcc 0.981 sep_end 1 first_sep 135 tag None (61.8s; 32334s total)
nat above None mN=1.091 I=64 rep 2547: frozen gen 275 pcc 1.000 sep_end 0 first_sep -1 tag None (0.3s; 32334s total)
nat cheap None mN=1.091 I=64 rep 2547: frozen gen 390 pcc 1.000 sep_end 0 first_sep -1 tag None (0.4s; 32335s total)
nat above None mN=1.091 I=64 rep 2548: frozen gen 210 pcc 1.000 sep_end 0 first_sep -1 tag None (0.3s; 32335s total)
nat cheap None mN=1.091 I=64 rep 2548: frozen gen 1940 pcc 1.000 sep_end 0 first_sep 85 tag None (2.3s; 32337s total)
nat above None mN=1.091 I=64 rep 2549: frozen gen 325 pcc 1.000 sep_end 0 first_sep -1 tag None (0.4s; 32338s total)
nat cheap None mN=1.091 I=64 rep 2544: unresolved gen 100000 pcc 0.974 sep_end 3 first_sep 90 tag None (86.3s; 32359s total)
nat above None mN=1.091 I=64 rep 2550: frozen gen 270 pcc 1.000 sep_end 0 first_sep -1 tag None (0.4s; 32359s total)
nat cheap None mN=1.091 I=64 rep 2550: frozen gen 490 pcc 1.000 sep_end 0 first_sep 95 tag None (0.8s; 32360s total)
nat above None mN=1.091 I=64 rep 2551: frozen gen 310 pcc 1.000 sep_end 0 first_sep -1 tag None (0.3s; 32364s total)
nat cheap None mN=1.091 I=64 rep 2546: unresolved gen 100000 pcc 0.976 sep_end 1 first_sep 60 tag None (67.0s; 32397s total)
nat above None mN=1.091 I=64 rep 2552: frozen gen 1120 pcc 1.000 sep_end 0 first_sep 100 tag None (2.3s; 32399s total)
nat cheap None mN=1.091 I=64 rep 2552: frozen gen 315 pcc 1.000 sep_end 0 first_sep -1 tag None (0.3s; 32399s total)
nat above None mN=1.091 I=64 rep 2553: frozen gen 350 pcc 1.000 sep_end 0 first_sep -1 tag None (0.4s; 32400s total)
nat cheap None mN=1.091 I=64 rep 2549: unresolved gen 100000 pcc 0.970 sep_end 3 first_sep 100 tag None (86.3s; 32424s total)
nat above None mN=1.091 I=64 rep 2554: frozen gen 315 pcc 1.000 sep_end 0 first_sep -1 tag None (0.3s; 32424s total)
nat cheap None mN=1.091 I=64 rep 2554: frozen gen 355 pcc 1.000 sep_end 0 first_sep -1 tag None (0.3s; 32425s total)
nat above None mN=1.091 I=64 rep 2555: frozen gen 310 pcc 1.000 sep_end 0 first_sep -1 tag None (0.3s; 32425s total)
nat cheap None mN=1.091 I=64 rep 2551: unresolved gen 100000 pcc 0.987 sep_end 1 first_sep 95 tag None (75.0s; 32435s total)
nat above None mN=1.091 I=64 rep 2556: frozen gen 355 pcc 1.000 sep_end 0 first_sep -1 tag None (0.5s; 32436s total)
nat cheap None mN=1.091 I=64 rep 2556: frozen gen 1220 pcc 1.000 sep_end 0 first_sep 140 tag None (1.2s; 32437s total)
nat above None mN=1.091 I=64 rep 2557: frozen gen 545 pcc 1.000 sep_end 0 first_sep -1 tag None (0.6s; 32438s total)
nat cheap None mN=1.091 I=64 rep 2557: frozen gen 250 pcc 1.000 sep_end 0 first_sep -1 tag None (0.3s; 32438s total)
nat above None mN=1.091 I=64 rep 2558: frozen gen 295 pcc 1.000 sep_end 0 first_sep -1 tag None (0.3s; 32438s total)
nat cheap None mN=1.091 I=64 rep 2553: unresolved gen 100000 pcc 0.985 sep_end 1 first_sep 100 tag None (43.3s; 32443s total)
nat above None mN=1.091 I=64 rep 2559: frozen gen 275 pcc 1.000 sep_end 0 first_sep -1 tag None (0.3s; 32443s total)
nat cheap None mN=1.091 I=64 rep 2559: frozen gen 1485 pcc 1.000 sep_end 0 first_sep 70 tag None (1.9s; 32445s total)
nat above None mN=1.091 I=64 rep 2560: frozen gen 310 pcc 1.000 sep_end 0 first_sep -1 tag None (0.3s; 32446s total)
nat cheap None mN=1.091 I=64 rep 2555: unresolved gen 100000 pcc 0.987 sep_end 3 first_sep 85 tag None (47.9s; 32473s total)
nat above None mN=1.091 I=64 rep 2561: frozen gen 340 pcc 1.000 sep_end 0 first_sep -1 tag None (0.3s; 32473s total)
nat cheap None mN=1.091 I=64 rep 2558: unresolved gen 100000 pcc 0.981 sep_end 1 first_sep 90 tag None (57.9s; 32496s total)
nat above None mN=1.091 I=64 rep 2562: frozen gen 305 pcc 1.000 sep_end 0 first_sep -1 tag None (0.4s; 32497s total)
nat cheap None mN=1.091 I=64 rep 2560: unresolved gen 100000 pcc 0.982 sep_end 1 first_sep 95 tag None (73.5s; 32519s total)
nat above None mN=1.091 I=64 rep 2563: frozen gen 330 pcc 1.000 sep_end 0 first_sep -1 tag None (0.4s; 32520s total)
nat cheap None mN=1.091 I=64 rep 2561: unresolved gen 100000 pcc 0.986 sep_end 1 first_sep 115 tag None (52.7s; 32526s total)
nat above None mN=1.091 I=64 rep 2564: frozen gen 315 pcc 1.000 sep_end 0 first_sep -1 tag None (0.3s; 32526s total)
nat cheap None mN=1.091 I=64 rep 2564: frozen gen 350 pcc 1.000 sep_end 0 first_sep -1 tag None (0.3s; 32527s total)
nat above None mN=1.091 I=64 rep 2565: frozen gen 265 pcc 1.000 sep_end 0 first_sep -1 tag None (0.3s; 32527s total)
nat cheap None mN=1.091 I=64 rep 2562: unresolved gen 100000 pcc 0.977 sep_end 1 first_sep 115 tag None (71.9s; 32569s total)
nat above None mN=1.091 I=64 rep 2566: frozen gen 445 pcc 1.000 sep_end 0 first_sep -1 tag None (0.6s; 32569s total)
nat cheap None mN=1.091 I=64 rep 2566: unresolved gen 100000 pcc 0.992 sep_end 1 first_sep 140 tag None (25.1s; 32594s total)
nat above None mN=1.091 I=64 rep 2567: frozen gen 325 pcc 1.000 sep_end 0 first_sep -1 tag None (0.4s; 32595s total)
nat cheap None mN=1.091 I=64 rep 2563: unresolved gen 100000 pcc 0.984 sep_end 3 first_sep 110 tag None (76.6s; 32596s total)
nat above None mN=1.091 I=64 rep 2568: frozen gen 315 pcc 1.000 sep_end 0 first_sep -1 tag None (0.3s; 32597s total)
nat cheap None mN=1.091 I=64 rep 2565: unresolved gen 100000 pcc 0.982 sep_end 1 first_sep 80 tag None (77.3s; 32604s total)
nat above None mN=1.091 I=64 rep 2569: frozen gen 275 pcc 1.000 sep_end 0 first_sep -1 tag None (0.3s; 32605s total)
nat cheap None mN=1.091 I=64 rep 2569: frozen gen 335 pcc 1.000 sep_end 0 first_sep -1 tag None (0.3s; 32605s total)
nat above None mN=1.091 I=64 rep 2570: frozen gen 265 pcc 1.000 sep_end 0 first_sep -1 tag None (0.3s; 32605s total)
nat cheap None mN=1.091 I=64 rep 2568: unresolved gen 100000 pcc 0.996 sep_end 1 first_sep 125 tag None (18.3s; 32615s total)
nat above None mN=1.091 I=64 rep 2571: frozen gen 340 pcc 1.000 sep_end 0 first_sep -1 tag None (0.3s; 32615s total)
nat cheap None mN=1.091 I=64 rep 2567: unresolved gen 100000 pcc 0.981 sep_end 3 first_sep 100 tag None (57.6s; 32652s total)
nat above None mN=1.091 I=64 rep 2572: frozen gen 280 pcc 1.000 sep_end 0 first_sep -1 tag None (0.3s; 32653s total)
nat cheap None mN=1.091 I=64 rep 2570: unresolved gen 100000 pcc 0.973 sep_end 1 first_sep 70 tag None (73.9s; 32679s total)
nat above None mN=1.091 I=64 rep 2573: frozen gen 470 pcc 1.000 sep_end 0 first_sep -1 tag None (0.6s; 32680s total)
nat cheap None mN=1.091 I=64 rep 2571: unresolved gen 100000 pcc 0.983 sep_end 1 first_sep 55 tag None (72.2s; 32688s total)
nat above None mN=1.091 I=64 rep 2574: frozen gen 300 pcc 1.000 sep_end 0 first_sep -1 tag None (0.3s; 32688s total)
nat cheap None mN=1.091 I=64 rep 2572: unresolved gen 100000 pcc 0.986 sep_end 1 first_sep 125 tag None (51.0s; 32704s total)
nat above None mN=1.091 I=64 rep 2575: frozen gen 365 pcc 1.000 sep_end 0 first_sep -1 tag None (0.6s; 32704s total)
nat cheap None mN=1.091 I=64 rep 2574: unresolved gen 100000 pcc 0.985 sep_end 1 first_sep 80 tag None (59.0s; 32747s total)
nat above None mN=1.091 I=64 rep 2576: frozen gen 290 pcc 1.000 sep_end 0 first_sep -1 tag None (0.3s; 32749s total)
nat cheap None mN=1.091 I=64 rep 2573: unresolved gen 100000 pcc 0.974 sep_end 1 first_sep 70 tag None (74.2s; 32754s total)
nat above None mN=1.091 I=64 rep 2577: frozen gen 290 pcc 1.000 sep_end 0 first_sep -1 tag None (0.3s; 32754s total)
nat cheap None mN=1.091 I=64 rep 2577: unresolved gen 100000 pcc 0.996 sep_end 1 first_sep 115 tag None (21.2s; 32775s total)
nat above None mN=1.091 I=64 rep 2578: frozen gen 290 pcc 1.000 sep_end 0 first_sep -1 tag None (0.2s; 32776s total)
nat cheap None mN=1.091 I=64 rep 2578: frozen gen 1680 pcc 1.000 sep_end 0 first_sep 85 tag None (2.0s; 32778s total)
nat above None mN=1.091 I=64 rep 2579: frozen gen 310 pcc 1.000 sep_end 0 first_sep -1 tag None (0.3s; 32778s total)
nat cheap None mN=1.091 I=64 rep 2579: frozen gen 1390 pcc 1.000 sep_end 0 first_sep 120 tag None (1.7s; 32780s total)
nat above None mN=1.091 I=64 rep 2580: frozen gen 290 pcc 1.000 sep_end 0 first_sep -1 tag None (0.3s; 32780s total)
nat cheap None mN=1.091 I=64 rep 2575: unresolved gen 100000 pcc 0.975 sep_end 3 first_sep 70 tag None (79.9s; 32784s total)
nat above None mN=1.091 I=64 rep 2581: frozen gen 275 pcc 1.000 sep_end 0 first_sep -1 tag None (0.3s; 32785s total)
nat cheap None mN=1.091 I=64 rep 2576: unresolved gen 100000 pcc 0.987 sep_end 1 first_sep 75 tag None (51.3s; 32799s total)
nat above None mN=1.091 I=64 rep 2582: frozen gen 255 pcc 1.000 sep_end 0 first_sep -1 tag None (0.3s; 32799s total)
nat cheap None mN=1.091 I=64 rep 2582: frozen gen 1400 pcc 1.000 sep_end 0 first_sep 100 tag None (1.7s; 32801s total)
nat above None mN=1.091 I=64 rep 2583: frozen gen 300 pcc 1.000 sep_end 0 first_sep -1 tag None (0.3s; 32801s total)
nat cheap None mN=1.091 I=64 rep 2583: unresolved gen 100000 pcc 0.992 sep_end 1 first_sep 75 tag None (38.2s; 32839s total)
nat above None mN=1.091 I=64 rep 2584: frozen gen 285 pcc 1.000 sep_end 0 first_sep -1 tag None (0.3s; 32839s total)
nat cheap None mN=1.091 I=64 rep 2581: unresolved gen 100000 pcc 0.968 sep_end 1 first_sep 125 tag None (72.1s; 32857s total)
nat above None mN=1.091 I=64 rep 2585: frozen gen 290 pcc 1.000 sep_end 0 first_sep -1 tag None (0.3s; 32857s total)
nat cheap None mN=1.091 I=64 rep 2585: frozen gen 1190 pcc 1.000 sep_end 0 first_sep 140 tag None (1.5s; 32859s total)
nat above None mN=1.091 I=64 rep 2586: frozen gen 365 pcc 1.000 sep_end 0 first_sep -1 tag None (0.3s; 32859s total)
nat cheap None mN=1.091 I=64 rep 2580: unresolved gen 100000 pcc 0.971 sep_end 3 first_sep 80 tag None (82.2s; 32862s total)
nat above None mN=1.091 I=64 rep 2587: frozen gen 415 pcc 1.000 sep_end 0 first_sep -1 tag None (0.4s; 32863s total)
nat cheap None mN=1.091 I=64 rep 2584: unresolved gen 100000 pcc 0.976 sep_end 1 first_sep 120 tag None (76.4s; 32916s total)
nat above None mN=1.091 I=64 rep 2588: frozen gen 300 pcc 1.000 sep_end 0 first_sep -1 tag None (0.3s; 32916s total)
nat cheap None mN=1.091 I=64 rep 2588: frozen gen 310 pcc 1.000 sep_end 0 first_sep -1 tag None (0.4s; 32918s total)
nat above None mN=1.091 I=64 rep 2589: frozen gen 295 pcc 1.000 sep_end 0 first_sep -1 tag None (0.4s; 32918s total)
nat cheap None mN=1.091 I=64 rep 2589: frozen gen 2050 pcc 1.000 sep_end 0 first_sep 110 tag None (1.9s; 32919s total)
nat above None mN=1.091 I=64 rep 2590: frozen gen 310 pcc 1.000 sep_end 0 first_sep -1 tag None (0.3s; 32919s total)
nat cheap None mN=1.091 I=64 rep 2587: unresolved gen 100000 pcc 0.979 sep_end 1 first_sep 75 tag None (79.3s; 32942s total)
nat above None mN=1.091 I=64 rep 2591: frozen gen 325 pcc 1.000 sep_end 0 first_sep -1 tag None (0.5s; 32943s total)
nat cheap None mN=1.091 I=64 rep 2586: unresolved gen 100000 pcc 0.975 sep_end 3 first_sep 75 tag None (93.4s; 32952s total)
nat above None mN=1.091 I=64 rep 2592: frozen gen 310 pcc 1.000 sep_end 0 first_sep -1 tag None (0.3s; 32953s total)
nat cheap None mN=1.091 I=64 rep 2590: unresolved gen 100000 pcc 0.982 sep_end 3 first_sep 85 tag None (82.4s; 33001s total)
nat above None mN=1.091 I=64 rep 2593: frozen gen 2150 pcc 1.000 sep_end 0 first_sep 75 tag None (1.7s; 33003s total)
nat cheap None mN=1.091 I=64 rep 2591: unresolved gen 100000 pcc 0.979 sep_end 1 first_sep 70 tag None (70.6s; 33013s total)
nat above None mN=1.091 I=64 rep 2594: frozen gen 270 pcc 1.000 sep_end 0 first_sep -1 tag None (0.3s; 33013s total)
nat cheap None mN=1.091 I=64 rep 2592: unresolved gen 100000 pcc 0.977 sep_end 1 first_sep 100 tag None (79.9s; 33033s total)
nat above None mN=1.091 I=64 rep 2595: frozen gen 320 pcc 1.000 sep_end 0 first_sep -1 tag None (0.4s; 33033s total)
nat cheap None mN=1.091 I=64 rep 2593: unresolved gen 100000 pcc 0.980 sep_end 1 first_sep 125 tag None (54.8s; 33058s total)
nat above None mN=1.091 I=64 rep 2596: frozen gen 2350 pcc 1.000 sep_end 0 first_sep 105 tag None (1.8s; 33060s total)
nat cheap None mN=1.091 I=64 rep 2595: unresolved gen 100000 pcc 0.981 sep_end 1 first_sep 75 tag None (48.3s; 33081s total)
nat above None mN=1.091 I=64 rep 2597: frozen gen 235 pcc 1.000 sep_end 0 first_sep -1 tag None (0.5s; 33082s total)
nat cheap None mN=1.091 I=64 rep 2597: frozen gen 915 pcc 1.000 sep_end 0 first_sep 120 tag None (0.9s; 33083s total)
nat above None mN=1.091 I=64 rep 2598: frozen gen 285 pcc 1.000 sep_end 0 first_sep -1 tag None (0.4s; 33083s total)
nat cheap None mN=1.091 I=64 rep 2594: unresolved gen 100000 pcc 0.981 sep_end 1 first_sep 120 tag None (75.3s; 33089s total)
nat above None mN=1.091 I=64 rep 2599: frozen gen 350 pcc 1.000 sep_end 0 first_sep -1 tag None (0.4s; 33089s total)
nat cheap None mN=1.091 I=64 rep 2596: unresolved gen 100000 pcc 0.975 sep_end 3 first_sep 100 tag None (86.7s; 33146s total)
nat above None mN=1.091 I=64 rep 2600: frozen gen 245 pcc 1.000 sep_end 0 first_sep -1 tag None (0.2s; 33147s total)
nat cheap None mN=1.091 I=64 rep 2598: unresolved gen 100000 pcc 0.981 sep_end 1 first_sep 125 tag None (73.0s; 33156s total)
nat above None mN=1.091 I=64 rep 2601: frozen gen 290 pcc 1.000 sep_end 0 first_sep -1 tag None (0.4s; 33158s total)
nat cheap None mN=1.091 I=64 rep 2601: frozen gen 365 pcc 1.000 sep_end 0 first_sep -1 tag None (0.4s; 33158s total)
nat above None mN=1.091 I=64 rep 2602: frozen gen 290 pcc 1.000 sep_end 0 first_sep -1 tag None (0.5s; 33158s total)
nat cheap None mN=1.091 I=64 rep 2599: unresolved gen 100000 pcc 0.986 sep_end 1 first_sep 105 tag None (68.5s; 33158s total)
nat above None mN=1.091 I=64 rep 2603: frozen gen 235 pcc 1.000 sep_end 0 first_sep -1 tag None (0.3s; 33158s total)
nat cheap None mN=1.091 I=64 rep 2602: frozen gen 2125 pcc 1.000 sep_end 0 first_sep 65 tag None (2.4s; 33160s total)
nat cheap None mN=1.091 I=64 rep 2603: frozen gen 1295 pcc 1.000 sep_end 0 first_sep 75 tag None (1.7s; 33160s total)
nat above None mN=1.091 I=64 rep 2604: frozen gen 430 pcc 1.000 sep_end 0 first_sep -1 tag None (0.5s; 33160s total)
nat cheap None mN=1.091 I=64 rep 2604: frozen gen 300 pcc 1.000 sep_end 0 first_sep -1 tag None (0.3s; 33160s total)
nat above None mN=1.091 I=64 rep 2605: frozen gen 345 pcc 1.000 sep_end 0 first_sep -1 tag None (0.4s; 33161s total)
nat cheap None mN=1.091 I=64 rep 2605: frozen gen 300 pcc 1.000 sep_end 0 first_sep -1 tag None (0.4s; 33161s total)
nat cheap None mN=1.091 I=64 rep 2606: frozen gen 305 pcc 1.000 sep_end 0 first_sep -1 tag None (0.3s; 33161s total)
nat above None mN=1.091 I=64 rep 2606: frozen gen 345 pcc 1.000 sep_end 0 first_sep -1 tag None (0.4s; 33161s total)
nat cheap None mN=1.091 I=64 rep 2607: frozen gen 335 pcc 1.000 sep_end 0 first_sep -1 tag None (0.4s; 33161s total)
nat above None mN=1.091 I=64 rep 2607: frozen gen 370 pcc 1.000 sep_end 0 first_sep -1 tag None (0.5s; 33161s total)
nat above None mN=1.091 I=64 rep 2608: frozen gen 310 pcc 1.000 sep_end 0 first_sep -1 tag None (0.4s; 33162s total)
nat cheap None mN=1.091 I=64 rep 2608: frozen gen 350 pcc 1.000 sep_end 0 first_sep -1 tag None (0.4s; 33162s total)
nat cheap None mN=1.091 I=64 rep 2609: frozen gen 290 pcc 1.000 sep_end 0 first_sep -1 tag None (0.3s; 33162s total)
nat above None mN=1.091 I=64 rep 2609: frozen gen 510 pcc 1.000 sep_end 0 first_sep -1 tag None (0.6s; 33162s total)
nat above None mN=1.091 I=64 rep 2610: frozen gen 295 pcc 1.000 sep_end 0 first_sep -1 tag None (0.3s; 33162s total)
nat above None mN=1.091 I=64 rep 2611: frozen gen 250 pcc 1.000 sep_end 0 first_sep -1 tag None (0.3s; 33163s total)
nat cheap None mN=1.091 I=64 rep 2611: frozen gen 505 pcc 1.000 sep_end 0 first_sep 155 tag None (0.8s; 33163s total)
nat above None mN=1.091 I=64 rep 2612: frozen gen 265 pcc 1.000 sep_end 0 first_sep -1 tag None (0.3s; 33164s total)
nat cheap None mN=1.091 I=64 rep 2610: unresolved gen 100000 pcc 0.987 sep_end 3 first_sep 70 tag None (53.8s; 33216s total)
nat above None mN=1.091 I=64 rep 2613: frozen gen 275 pcc 1.000 sep_end 0 first_sep -1 tag None (0.3s; 33217s total)
nat cheap None mN=1.091 I=64 rep 2612: unresolved gen 100000 pcc 0.981 sep_end 1 first_sep 70 tag None (60.4s; 33224s total)
nat above None mN=1.091 I=64 rep 2614: frozen gen 240 pcc 1.000 sep_end 0 first_sep -1 tag None (0.3s; 33225s total)
nat cheap None mN=1.091 I=64 rep 2600: unresolved gen 100000 pcc 0.981 sep_end 1 first_sep 60 tag None (78.9s; 33226s total)
nat above None mN=1.091 I=64 rep 2615: frozen gen 280 pcc 1.000 sep_end 0 first_sep -1 tag None (0.3s; 33226s total)
nat cheap None mN=1.091 I=64 rep 2615: unresolved gen 100000 pcc 0.984 sep_end 1 first_sep 65 tag None (55.7s; 33282s total)
nat above None mN=1.091 I=64 rep 2616: frozen gen 300 pcc 1.000 sep_end 0 first_sep -1 tag None (0.3s; 33282s total)
nat cheap None mN=1.091 I=64 rep 2613: unresolved gen 100000 pcc 0.985 sep_end 1 first_sep 95 tag None (74.9s; 33291s total)
nat above None mN=1.091 I=64 rep 2617: frozen gen 360 pcc 1.000 sep_end 0 first_sep -1 tag None (0.3s; 33292s total)
nat cheap None mN=1.091 I=64 rep 2614: unresolved gen 100000 pcc 0.978 sep_end 1 first_sep 75 tag None (75.0s; 33299s total)
nat above None mN=1.091 I=64 rep 2618: frozen gen 360 pcc 1.000 sep_end 0 first_sep -1 tag None (0.4s; 33300s total)
nat cheap None mN=1.091 I=64 rep 2618: frozen gen 310 pcc 1.000 sep_end 0 first_sep -1 tag None (0.4s; 33300s total)
nat above None mN=1.091 I=64 rep 2619: frozen gen 350 pcc 1.000 sep_end 0 first_sep -1 tag None (0.4s; 33301s total)
nat cheap None mN=1.091 I=64 rep 2619: frozen gen 385 pcc 1.000 sep_end 0 first_sep 135 tag None (0.5s; 33301s total)
nat above None mN=1.091 I=64 rep 2620: frozen gen 235 pcc 1.000 sep_end 0 first_sep -1 tag None (0.4s; 33302s total)
nat cheap None mN=1.091 I=64 rep 2620: frozen gen 295 pcc 1.000 sep_end 0 first_sep -1 tag None (0.3s; 33302s total)
nat above None mN=1.091 I=64 rep 2621: frozen gen 310 pcc 1.000 sep_end 0 first_sep -1 tag None (0.5s; 33302s total)
nat cheap None mN=1.091 I=64 rep 2621: unresolved gen 100000 pcc 0.993 sep_end 1 first_sep 100 tag None (27.4s; 33330s total)
nat above None mN=1.091 I=64 rep 2622: frozen gen 315 pcc 1.000 sep_end 0 first_sep -1 tag None (0.4s; 33330s total)
nat cheap None mN=1.091 I=64 rep 2616: unresolved gen 100000 pcc 0.973 sep_end 3 first_sep 70 tag None (82.6s; 33364s total)
nat above None mN=1.091 I=64 rep 2623: frozen gen 375 pcc 1.000 sep_end 0 first_sep -1 tag None (0.3s; 33365s total)
nat cheap None mN=1.091 I=64 rep 2617: unresolved gen 100000 pcc 0.979 sep_end 3 first_sep 50 tag None (78.2s; 33370s total)
nat above None mN=1.091 I=64 rep 2624: frozen gen 260 pcc 1.000 sep_end 0 first_sep -1 tag None (0.4s; 33370s total)
nat cheap None mN=1.091 I=64 rep 2622: unresolved gen 100000 pcc 0.985 sep_end 1 first_sep 110 tag None (52.5s; 33383s total)
nat above None mN=1.091 I=64 rep 2625: frozen gen 330 pcc 1.000 sep_end 0 first_sep -1 tag None (0.4s; 33383s total)
nat cheap None mN=1.091 I=64 rep 2625: unresolved gen 100000 pcc 0.994 sep_end 3 first_sep 50 tag None (25.2s; 33408s total)
nat above None mN=1.091 I=64 rep 2626: frozen gen 330 pcc 1.000 sep_end 0 first_sep -1 tag None (0.5s; 33411s total)
nat cheap None mN=1.091 I=64 rep 2624: unresolved gen 100000 pcc 0.982 sep_end 3 first_sep 100 tag None (47.2s; 33418s total)
nat above None mN=1.091 I=64 rep 2627: frozen gen 310 pcc 1.000 sep_end 0 first_sep 60 tag None (0.4s; 33418s total)
nat cheap None mN=1.091 I=64 rep 2623: unresolved gen 100000 pcc 0.978 sep_end 3 first_sep 80 tag None (73.8s; 33439s total)
nat above None mN=1.091 I=64 rep 2628: frozen gen 315 pcc 1.000 sep_end 0 first_sep -1 tag None (0.3s; 33439s total)
nat cheap None mN=1.091 I=64 rep 2628: unresolved gen 100000 pcc 0.998 sep_end 1 first_sep 115 tag None (6.1s; 33445s total)
nat above None mN=1.091 I=64 rep 2629: frozen gen 360 pcc 1.000 sep_end 0 first_sep -1 tag None (0.3s; 33445s total)
nat cheap None mN=1.091 I=64 rep 2629: unresolved gen 100000 pcc 0.998 sep_end 1 first_sep 55 tag None (6.9s; 33452s total)
nat above None mN=1.091 I=64 rep 2630: frozen gen 365 pcc 1.000 sep_end 0 first_sep -1 tag None (0.5s; 33453s total)
nat cheap None mN=1.091 I=64 rep 2626: unresolved gen 100000 pcc 0.980 sep_end 1 first_sep 70 tag None (70.9s; 33480s total)
nat above None mN=1.091 I=64 rep 2631: frozen gen 330 pcc 1.000 sep_end 0 first_sep -1 tag None (0.4s; 33480s total)
nat cheap None mN=1.091 I=64 rep 2627: unresolved gen 100000 pcc 0.967 sep_end 3 first_sep 90 tag None (87.5s; 33506s total)
nat above None mN=1.091 I=64 rep 2632: frozen gen 345 pcc 1.000 sep_end 0 first_sep -1 tag None (0.5s; 33506s total)
nat cheap None mN=1.091 I=64 rep 2630: unresolved gen 100000 pcc 0.981 sep_end 1 first_sep 110 tag None (57.4s; 33510s total)
nat above None mN=1.091 I=64 rep 2633: frozen gen 415 pcc 1.000 sep_end 0 first_sep -1 tag None (0.4s; 33511s total)
nat cheap None mN=1.091 I=64 rep 2633: frozen gen 2750 pcc 1.000 sep_end 0 first_sep 70 tag None (3.0s; 33514s total)
nat above None mN=1.091 I=64 rep 2634: frozen gen 285 pcc 1.000 sep_end 0 first_sep -1 tag None (0.3s; 33514s total)
nat cheap None mN=1.091 I=64 rep 2634: unresolved gen 100000 pcc 0.998 sep_end 0 first_sep 185 tag None (5.9s; 33520s total)
nat above None mN=1.091 I=64 rep 2635: frozen gen 265 pcc 1.000 sep_end 0 first_sep -1 tag None (0.3s; 33520s total)
nat cheap None mN=1.091 I=64 rep 2631: unresolved gen 100000 pcc 0.992 sep_end 1 first_sep 125 tag None (42.4s; 33523s total)
nat above None mN=1.091 I=64 rep 2636: frozen gen 400 pcc 1.000 sep_end 0 first_sep -1 tag None (0.5s; 33523s total)
nat cheap None mN=1.091 I=64 rep 2632: unresolved gen 100000 pcc 0.969 sep_end 1 first_sep 75 tag None (70.1s; 33576s total)
nat above None mN=1.091 I=64 rep 2637: frozen gen 280 pcc 1.000 sep_end 0 first_sep -1 tag None (0.2s; 33576s total)
nat cheap None mN=1.091 I=64 rep 2635: unresolved gen 100000 pcc 0.971 sep_end 1 first_sep 95 tag None (70.6s; 33591s total)
nat above None mN=1.091 I=64 rep 2638: frozen gen 255 pcc 1.000 sep_end 0 first_sep -1 tag None (0.4s; 33591s total)
nat cheap None mN=1.091 I=64 rep 2638: frozen gen 1065 pcc 1.000 sep_end 0 first_sep 125 tag None (1.4s; 33593s total)
nat above None mN=1.091 I=64 rep 2639: frozen gen 275 pcc 1.000 sep_end 0 first_sep -1 tag None (0.4s; 33593s total)
nat cheap None mN=1.091 I=64 rep 2639: frozen gen 275 pcc 1.000 sep_end 0 first_sep -1 tag None (0.4s; 33594s total)
nat above None mN=1.091 I=64 rep 2640: frozen gen 355 pcc 1.000 sep_end 0 first_sep -1 tag None (0.3s; 33594s total)
nat cheap None mN=1.091 I=64 rep 2636: unresolved gen 100000 pcc 0.976 sep_end 3 first_sep 80 tag None (71.8s; 33595s total)
nat above None mN=1.091 I=64 rep 2641: frozen gen 365 pcc 1.000 sep_end 0 first_sep -1 tag None (0.4s; 33595s total)
nat cheap None mN=1.091 I=64 rep 2637: unresolved gen 100000 pcc 0.980 sep_end 1 first_sep 75 tag None (58.9s; 33635s total)
nat above None mN=1.091 I=64 rep 2642: frozen gen 335 pcc 1.000 sep_end 0 first_sep -1 tag None (0.3s; 33636s total)
nat cheap None mN=1.091 I=64 rep 2640: unresolved gen 100000 pcc 0.986 sep_end 1 first_sep 70 tag None (44.9s; 33639s total)
nat above None mN=1.091 I=64 rep 2643: frozen gen 370 pcc 1.000 sep_end 0 first_sep -1 tag None (0.4s; 33639s total)
nat cheap None mN=1.091 I=64 rep 2641: unresolved gen 100000 pcc 0.977 sep_end 1 first_sep 85 tag None (74.8s; 33670s total)
nat above None mN=1.091 I=64 rep 2644: frozen gen 280 pcc 1.000 sep_end 0 first_sep -1 tag None (0.4s; 33671s total)
nat cheap None mN=1.091 I=64 rep 2642: unresolved gen 100000 pcc 0.983 sep_end 1 first_sep 115 tag None (54.6s; 33690s total)
nat above None mN=1.091 I=64 rep 2645: frozen gen 325 pcc 1.000 sep_end 0 first_sep -1 tag None (0.3s; 33691s total)
nat cheap None mN=1.091 I=64 rep 2645: frozen gen 1170 pcc 1.000 sep_end 0 first_sep 125 tag None (1.8s; 33692s total)
nat above None mN=1.091 I=64 rep 2646: frozen gen 355 pcc 1.000 sep_end 0 first_sep -1 tag None (0.3s; 33693s total)
nat cheap None mN=1.091 I=64 rep 2643: unresolved gen 100000 pcc 0.979 sep_end 1 first_sep 65 tag None (71.2s; 33710s total)
nat above None mN=1.091 I=64 rep 2647: frozen gen 320 pcc 1.000 sep_end 0 first_sep -1 tag None (0.5s; 33711s total)
nat cheap None mN=1.091 I=64 rep 2644: unresolved gen 100000 pcc 0.984 sep_end 1 first_sep 120 tag None (42.8s; 33713s total)
nat above None mN=1.091 I=64 rep 2648: frozen gen 400 pcc 1.000 sep_end 0 first_sep -1 tag None (0.5s; 33714s total)
nat cheap None mN=1.091 I=64 rep 2646: unresolved gen 100000 pcc 0.991 sep_end 1 first_sep 115 tag None (36.8s; 33730s total)
nat above None mN=1.091 I=64 rep 2649: frozen gen 245 pcc 1.000 sep_end 0 first_sep -1 tag None (0.3s; 33730s total)
nat cheap None mN=1.091 I=64 rep 2647: unresolved gen 100000 pcc 0.993 sep_end 1 first_sep 130 tag None (41.0s; 33752s total)
nat above None mN=1.091 I=64 rep 2650: frozen gen 285 pcc 1.000 sep_end 0 first_sep -1 tag None (0.4s; 33752s total)
nat cheap None mN=1.091 I=64 rep 2648: unresolved gen 100000 pcc 0.984 sep_end 1 first_sep 95 tag None (63.6s; 33778s total)
nat above None mN=1.091 I=64 rep 2651: frozen gen 290 pcc 1.000 sep_end 0 first_sep -1 tag None (0.4s; 33780s total)
nat cheap None mN=1.091 I=64 rep 2651: frozen gen 1160 pcc 1.000 sep_end 0 first_sep 65 tag None (1.6s; 33780s total)
nat above None mN=1.091 I=64 rep 2652: frozen gen 300 pcc 1.000 sep_end 0 first_sep -1 tag None (0.4s; 33780s total)
nat cheap None mN=1.091 I=64 rep 2649: unresolved gen 100000 pcc 0.974 sep_end 1 first_sep 65 tag None (78.7s; 33809s total)
nat above None mN=1.091 I=64 rep 2653: frozen gen 350 pcc 1.000 sep_end 0 first_sep -1 tag None (0.5s; 33809s total)
nat cheap None mN=1.091 I=64 rep 2653: frozen gen 1220 pcc 1.000 sep_end 0 first_sep 75 tag None (1.6s; 33811s total)
nat above None mN=1.091 I=64 rep 2654: frozen gen 310 pcc 1.000 sep_end 0 first_sep -1 tag None (0.4s; 33811s total)
nat cheap None mN=1.091 I=64 rep 2654: frozen gen 305 pcc 1.000 sep_end 0 first_sep -1 tag None (0.4s; 33812s total)
nat above None mN=1.091 I=64 rep 2655: frozen gen 240 pcc 1.000 sep_end 0 first_sep -1 tag None (0.3s; 33812s total)
nat cheap None mN=1.091 I=64 rep 2650: unresolved gen 100000 pcc 0.985 sep_end 1 first_sep 60 tag None (61.5s; 33814s total)
nat above None mN=1.091 I=64 rep 2656: frozen gen 275 pcc 1.000 sep_end 0 first_sep -1 tag None (0.3s; 33814s total)
nat cheap None mN=1.091 I=64 rep 2656: frozen gen 315 pcc 1.000 sep_end 0 first_sep -1 tag None (0.3s; 33815s total)
nat above None mN=1.091 I=64 rep 2657: frozen gen 295 pcc 1.000 sep_end 0 first_sep -1 tag None (0.4s; 33815s total)
nat cheap None mN=1.091 I=64 rep 2652: unresolved gen 100000 pcc 0.980 sep_end 1 first_sep 85 tag None (74.3s; 33854s total)
nat above None mN=1.091 I=64 rep 2658: frozen gen 280 pcc 1.000 sep_end 0 first_sep -1 tag None (0.5s; 33855s total)
nat cheap None mN=1.091 I=64 rep 2655: unresolved gen 100000 pcc 0.980 sep_end 1 first_sep 115 tag None (78.7s; 33891s total)
nat above None mN=1.091 I=64 rep 2659: frozen gen 355 pcc 1.000 sep_end 0 first_sep -1 tag None (0.3s; 33891s total)
nat cheap None mN=1.091 I=64 rep 2658: unresolved gen 100000 pcc 0.994 sep_end 1 first_sep 90 tag None (37.3s; 33892s total)
nat cheap None mN=1.091 I=64 rep 2659: frozen gen 1160 pcc 1.000 sep_end 0 first_sep 75 tag None (1.5s; 33892s total)
nat above None mN=1.091 I=64 rep 2660: frozen gen 300 pcc 1.000 sep_end 0 first_sep -1 tag None (0.3s; 33892s total)
nat above None mN=1.091 I=64 rep 2661: frozen gen 410 pcc 1.000 sep_end 0 first_sep -1 tag None (0.4s; 33893s total)
nat cheap None mN=1.091 I=64 rep 2657: unresolved gen 100000 pcc 0.982 sep_end 3 first_sep 60 tag None (86.3s; 33901s total)
nat above None mN=1.091 I=64 rep 2662: frozen gen 270 pcc 1.000 sep_end 0 first_sep -1 tag None (0.3s; 33902s total)
nat cheap None mN=1.091 I=64 rep 2662: unresolved gen 100000 pcc 0.991 sep_end 1 first_sep 115 tag None (39.0s; 33941s total)
nat above None mN=1.091 I=64 rep 2663: frozen gen 350 pcc 1.000 sep_end 0 first_sep -1 tag None (0.5s; 33941s total)
nat cheap None mN=1.091 I=64 rep 2663: frozen gen 335 pcc 1.000 sep_end 0 first_sep -1 tag None (0.3s; 33943s total)
nat above None mN=1.091 I=64 rep 2664: frozen gen 305 pcc 1.000 sep_end 0 first_sep -1 tag None (0.3s; 33943s total)
nat cheap None mN=1.091 I=64 rep 2660: unresolved gen 100000 pcc 0.978 sep_end 1 first_sep 70 tag None (63.5s; 33956s total)
nat above None mN=1.091 I=64 rep 2665: frozen gen 215 pcc 1.000 sep_end 0 first_sep -1 tag None (0.3s; 33956s total)
nat cheap None mN=1.091 I=64 rep 2661: unresolved gen 100000 pcc 0.969 sep_end 3 first_sep 70 tag None (84.2s; 33977s total)
nat above None mN=1.091 I=64 rep 2666: frozen gen 365 pcc 1.000 sep_end 0 first_sep -1 tag None (0.3s; 33977s total)
nat cheap None mN=1.091 I=64 rep 2666: frozen gen 315 pcc 1.000 sep_end 0 first_sep -1 tag None (0.3s; 33978s total)
nat above None mN=1.091 I=64 rep 2667: frozen gen 345 pcc 1.000 sep_end 0 first_sep -1 tag None (0.3s; 33978s total)
nat cheap None mN=1.091 I=64 rep 2664: unresolved gen 100000 pcc 0.974 sep_end 3 first_sep 105 tag None (74.4s; 34016s total)
nat above None mN=1.091 I=64 rep 2668: frozen gen 345 pcc 1.000 sep_end 0 first_sep -1 tag None (0.6s; 34017s total)
nat cheap None mN=1.091 I=64 rep 2667: unresolved gen 100000 pcc 0.987 sep_end 1 first_sep 95 tag None (44.2s; 34022s total)
nat above None mN=1.091 I=64 rep 2669: frozen gen 280 pcc 1.000 sep_end 0 first_sep -1 tag None (0.3s; 34022s total)
nat cheap None mN=1.091 I=64 rep 2665: unresolved gen 100000 pcc 0.966 sep_end 3 first_sep 85 tag None (73.9s; 34030s total)
nat above None mN=1.091 I=64 rep 2670: frozen gen 410 pcc 1.000 sep_end 0 first_sep -1 tag None (0.3s; 34030s total)
nat cheap None mN=1.091 I=64 rep 2669: unresolved gen 100000 pcc 0.984 sep_end 1 first_sep 90 tag None (40.7s; 34063s total)
nat above None mN=1.091 I=64 rep 2671: frozen gen 245 pcc 1.000 sep_end 0 first_sep -1 tag None (0.2s; 34063s total)
nat cheap None mN=1.091 I=64 rep 2668: unresolved gen 100000 pcc 0.981 sep_end 1 first_sep 130 tag None (54.2s; 34071s total)
nat above None mN=1.091 I=64 rep 2672: frozen gen 255 pcc 1.000 sep_end 0 first_sep -1 tag None (0.2s; 34071s total)
nat cheap None mN=1.091 I=64 rep 2672: frozen gen 295 pcc 1.000 sep_end 0 first_sep -1 tag None (0.3s; 34071s total)
nat above None mN=1.091 I=64 rep 2673: frozen gen 290 pcc 1.000 sep_end 0 first_sep -1 tag None (0.3s; 34072s total)
nat cheap None mN=1.091 I=64 rep 2670: unresolved gen 100000 pcc 0.970 sep_end 3 first_sep 60 tag None (75.3s; 34106s total)
nat above None mN=1.091 I=64 rep 2674: frozen gen 380 pcc 1.000 sep_end 0 first_sep -1 tag None (0.3s; 34106s total)
nat cheap None mN=1.091 I=64 rep 2674: frozen gen 2100 pcc 1.000 sep_end 0 first_sep 135 tag None (2.2s; 34108s total)
nat above None mN=1.091 I=64 rep 2675: frozen gen 355 pcc 1.000 sep_end 0 first_sep -1 tag None (0.3s; 34109s total)
nat cheap None mN=1.091 I=64 rep 2675: frozen gen 340 pcc 1.000 sep_end 0 first_sep -1 tag None (0.3s; 34109s total)
nat cheap None mN=1.091 I=64 rep 2671: unresolved gen 100000 pcc 0.984 sep_end 1 first_sep 90 tag None (49.5s; 34113s total)
nat cheap None mN=1.091 I=64 rep 2673: unresolved gen 100000 pcc 0.978 sep_end 1 first_sep 90 tag None (58.6s; 34130s total)
nat above None mN=1.091 I=64 rep 2677: frozen gen 250 pcc 1.000 sep_end 0 first_sep -1 tag None (0.3s; 34131s total)
nat above None mN=1.091 I=64 rep 2676: unresolved gen 100000 pcc 0.984 sep_end 1 first_sep 55 tag None (60.3s; 34169s total)
nat above None mN=1.091 I=64 rep 2678: frozen gen 345 pcc 1.000 sep_end 0 first_sep -1 tag None (0.3s; 34170s total)
nat cheap None mN=1.091 I=64 rep 2676: unresolved gen 100000 pcc 0.985 sep_end 3 first_sep 65 tag None (57.5s; 34170s total)
nat above None mN=1.091 I=64 rep 2679: frozen gen 330 pcc 1.000 sep_end 0 first_sep -1 tag None (0.4s; 34171s total)
nat cheap None mN=1.091 I=64 rep 2677: unresolved gen 100000 pcc 0.984 sep_end 3 first_sep 125 tag None (40.4s; 34171s total)
nat above None mN=1.091 I=64 rep 2680: frozen gen 380 pcc 1.000 sep_end 0 first_sep -1 tag None (0.3s; 34171s total)
nat cheap None mN=1.091 I=64 rep 2680: unresolved gen 100000 pcc 0.995 sep_end 1 first_sep 80 tag None (9.0s; 34180s total)
nat above None mN=1.091 I=64 rep 2681: frozen gen 330 pcc 1.000 sep_end 0 first_sep -1 tag None (0.3s; 34181s total)
nat cheap None mN=1.091 I=64 rep 2679: unresolved gen 100000 pcc 0.986 sep_end 1 first_sep 55 tag None (56.8s; 34228s total)
nat above None mN=1.091 I=64 rep 2682: frozen gen 325 pcc 1.000 sep_end 0 first_sep -1 tag None (0.3s; 34228s total)
nat cheap None mN=1.091 I=64 rep 2678: unresolved gen 100000 pcc 0.978 sep_end 3 first_sep 50 tag None (60.7s; 34230s total)
nat above None mN=1.091 I=64 rep 2683: frozen gen 245 pcc 1.000 sep_end 0 first_sep -1 tag None (0.2s; 34231s total)
nat cheap None mN=1.091 I=64 rep 2681: unresolved gen 100000 pcc 0.983 sep_end 1 first_sep 95 tag None (55.4s; 34236s total)
nat above None mN=1.091 I=64 rep 2684: frozen gen 310 pcc 1.000 sep_end 0 first_sep -1 tag None (0.2s; 34236s total)
nat cheap None mN=1.091 I=64 rep 2684: unresolved gen 100000 pcc 0.993 sep_end 1 first_sep 140 tag None (26.7s; 34263s total)
nat above None mN=1.091 I=64 rep 2685: frozen gen 285 pcc 1.000 sep_end 0 first_sep -1 tag None (0.3s; 34263s total)
nat cheap None mN=1.091 I=64 rep 2682: unresolved gen 100000 pcc 0.971 sep_end 1 first_sep 85 tag None (60.4s; 34288s total)
nat above None mN=1.091 I=64 rep 2686: frozen gen 320 pcc 1.000 sep_end 0 first_sep -1 tag None (0.3s; 34289s total)
nat cheap None mN=1.091 I=64 rep 2683: unresolved gen 100000 pcc 0.975 sep_end 3 first_sep 105 tag None (69.2s; 34300s total)
nat above None mN=1.091 I=64 rep 2687: frozen gen 350 pcc 1.000 sep_end 0 first_sep -1 tag None (0.3s; 34300s total)
nat cheap None mN=1.091 I=64 rep 2687: frozen gen 365 pcc 1.000 sep_end 0 first_sep -1 tag None (0.3s; 34300s total)
nat above None mN=1.091 I=64 rep 2688: frozen gen 365 pcc 1.000 sep_end 0 first_sep -1 tag None (0.2s; 34301s total)
nat cheap None mN=1.091 I=64 rep 2688: frozen gen 1135 pcc 1.000 sep_end 0 first_sep 60 tag None (1.3s; 34302s total)
nat above None mN=1.091 I=64 rep 2689: frozen gen 215 pcc 1.000 sep_end 0 first_sep -1 tag None (0.2s; 34302s total)
nat cheap None mN=1.091 I=64 rep 2689: frozen gen 1755 pcc 1.000 sep_end 0 first_sep 140 tag None (1.8s; 34304s total)
nat above None mN=1.091 I=64 rep 2690: frozen gen 425 pcc 1.000 sep_end 0 first_sep -1 tag None (0.5s; 34304s total)
nat cheap None mN=1.091 I=64 rep 2685: unresolved gen 100000 pcc 0.978 sep_end 3 first_sep 70 tag None (60.5s; 34324s total)
nat above None mN=1.091 I=64 rep 2691: frozen gen 250 pcc 1.000 sep_end 0 first_sep -1 tag None (0.3s; 34324s total)
nat cheap None mN=1.091 I=64 rep 2686: unresolved gen 100000 pcc 0.980 sep_end 1 first_sep 110 tag None (59.1s; 34348s total)
nat above None mN=1.091 I=64 rep 2692: frozen gen 355 pcc 1.000 sep_end 0 first_sep -1 tag None (0.3s; 34348s total)
nat cheap None mN=1.091 I=64 rep 2692: frozen gen 240 pcc 1.000 sep_end 0 first_sep -1 tag None (0.2s; 34348s total)
nat above None mN=1.091 I=64 rep 2693: frozen gen 330 pcc 1.000 sep_end 0 first_sep -1 tag None (0.3s; 34349s total)
nat cheap None mN=1.091 I=64 rep 2690: unresolved gen 100000 pcc 0.985 sep_end 3 first_sep 95 tag None (50.6s; 34355s total)
nat above None mN=1.091 I=64 rep 2694: frozen gen 295 pcc 1.000 sep_end 0 first_sep -1 tag None (0.2s; 34355s total)
nat cheap None mN=1.091 I=64 rep 2693: unresolved gen 100000 pcc 0.995 sep_end 0 first_sep 70 tag None (10.5s; 34359s total)
nat above None mN=1.091 I=64 rep 2695: frozen gen 340 pcc 1.000 sep_end 0 first_sep -1 tag None (0.3s; 34359s total)
nat cheap None mN=1.091 I=64 rep 2694: unresolved gen 100000 pcc 0.999 sep_end 1 first_sep 65 tag None (5.0s; 34360s total)
nat above None mN=1.091 I=64 rep 2696: frozen gen 285 pcc 1.000 sep_end 0 first_sep -1 tag None (0.2s; 34361s total)
nat cheap None mN=1.091 I=64 rep 2691: unresolved gen 100000 pcc 0.975 sep_end 3 first_sep 70 tag None (62.5s; 34387s total)
nat above None mN=1.091 I=64 rep 2697: frozen gen 255 pcc 1.000 sep_end 0 first_sep -1 tag None (0.2s; 34387s total)
nat cheap None mN=1.091 I=64 rep 2696: unresolved gen 100000 pcc 0.988 sep_end 3 first_sep 70 tag None (37.8s; 34398s total)
nat above None mN=1.091 I=64 rep 2698: frozen gen 290 pcc 1.000 sep_end 0 first_sep -1 tag None (0.3s; 34399s total)
nat cheap None mN=1.091 I=64 rep 2695: unresolved gen 100000 pcc 0.976 sep_end 1 first_sep 65 tag None (53.4s; 34413s total)
nat above None mN=1.091 I=64 rep 2699: frozen gen 255 pcc 1.000 sep_end 0 first_sep -1 tag None (0.3s; 34413s total)
nat cheap None mN=1.091 I=64 rep 2699: frozen gen 570 pcc 1.000 sep_end 0 first_sep -1 tag None (0.4s; 34413s total)
nat above None mN=1.091 I=64 rep 2700: frozen gen 240 pcc 1.000 sep_end 0 first_sep -1 tag None (0.2s; 34414s total)
nat cheap None mN=1.091 I=64 rep 2697: unresolved gen 100000 pcc 0.972 sep_end 1 first_sep 90 tag None (63.2s; 34450s total)
nat above None mN=1.091 I=64 rep 2701: frozen gen 270 pcc 1.000 sep_end 0 first_sep -1 tag None (0.2s; 34451s total)
nat cheap None mN=1.091 I=64 rep 2701: frozen gen 1770 pcc 1.000 sep_end 0 first_sep 80 tag None (1.8s; 34452s total)
nat cheap None mN=1.091 I=64 rep 2700: unresolved gen 100000 pcc 0.986 sep_end 1 first_sep 130 tag None (38.7s; 34452s total)
nat above None mN=1.091 I=64 rep 2702: frozen gen 290 pcc 1.000 sep_end 0 first_sep 125 tag None (0.3s; 34452s total)
nat above None mN=1.091 I=64 rep 2703: frozen gen 315 pcc 1.000 sep_end 0 first_sep -1 tag None (0.4s; 34453s total)
nat cheap None mN=1.091 I=64 rep 2698: unresolved gen 100000 pcc 0.977 sep_end 3 first_sep 85 tag None (63.8s; 34462s total)
nat above None mN=1.091 I=64 rep 2704: frozen gen 260 pcc 1.000 sep_end 0 first_sep -1 tag None (0.3s; 34463s total)
nat cheap None mN=1.091 I=64 rep 2704: frozen gen 380 pcc 1.000 sep_end 0 first_sep -1 tag None (0.3s; 34463s total)
nat above None mN=1.091 I=64 rep 2705: frozen gen 295 pcc 1.000 sep_end 0 first_sep -1 tag None (0.3s; 34463s total)
nat cheap None mN=1.091 I=64 rep 2703: unresolved gen 100000 pcc 0.988 sep_end 1 first_sep 85 tag None (32.2s; 34485s total)
nat above None mN=1.091 I=64 rep 2706: frozen gen 350 pcc 1.000 sep_end 0 first_sep -1 tag None (0.4s; 34485s total)
nat cheap None mN=1.091 I=64 rep 2702: unresolved gen 100000 pcc 0.980 sep_end 1 first_sep 95 tag None (65.4s; 34518s total)
nat above None mN=1.091 I=64 rep 2707: frozen gen 305 pcc 1.000 sep_end 0 first_sep -1 tag None (0.3s; 34518s total)
nat cheap None mN=1.091 I=64 rep 2705: unresolved gen 100000 pcc 0.982 sep_end 1 first_sep 55 tag None (62.9s; 34526s total)
nat above None mN=1.091 I=64 rep 2708: frozen gen 290 pcc 1.000 sep_end 0 first_sep -1 tag None (0.2s; 34526s total)
nat cheap None mN=1.091 I=64 rep 2708: frozen gen 1210 pcc 1.000 sep_end 0 first_sep 150 tag None (1.3s; 34528s total)
nat above None mN=1.091 I=64 rep 2709: frozen gen 335 pcc 1.000 sep_end 0 first_sep -1 tag None (0.3s; 34528s total)
nat cheap None mN=1.091 I=64 rep 2707: unresolved gen 100000 pcc 0.989 sep_end 1 first_sep 80 tag None (26.5s; 34544s total)
nat above None mN=1.091 I=64 rep 2710: frozen gen 405 pcc 1.000 sep_end 0 first_sep -1 tag None (0.3s; 34545s total)
nat cheap None mN=1.091 I=64 rep 2706: unresolved gen 100000 pcc 0.975 sep_end 1 first_sep 80 tag None (61.8s; 34547s total)
nat above None mN=1.091 I=64 rep 2711: frozen gen 270 pcc 1.000 sep_end 0 first_sep -1 tag None (0.2s; 34547s total)
nat cheap None mN=1.091 I=64 rep 2711: unresolved gen 100000 pcc 0.990 sep_end 1 first_sep 165 tag None (31.4s; 34579s total)
nat above None mN=1.091 I=64 rep 2712: frozen gen 280 pcc 1.000 sep_end 0 first_sep -1 tag None (0.3s; 34579s total)
nat cheap None mN=1.091 I=64 rep 2712: frozen gen 1145 pcc 1.000 sep_end 0 first_sep 80 tag None (0.9s; 34580s total)
nat above None mN=1.091 I=64 rep 2713: frozen gen 305 pcc 1.000 sep_end 0 first_sep -1 tag None (0.3s; 34580s total)
nat cheap None mN=1.091 I=64 rep 2709: unresolved gen 100000 pcc 0.974 sep_end 3 first_sep 75 tag None (63.3s; 34591s total)
nat above None mN=1.091 I=64 rep 2714: frozen gen 255 pcc 1.000 sep_end 0 first_sep -1 tag None (0.3s; 34592s total)
nat cheap None mN=1.091 I=64 rep 2710: unresolved gen 100000 pcc 0.973 sep_end 3 first_sep 65 tag None (70.7s; 34616s total)
nat above None mN=1.091 I=64 rep 2715: frozen gen 265 pcc 1.000 sep_end 0 first_sep -1 tag None (0.3s; 34616s total)
nat cheap None mN=1.091 I=64 rep 2713: unresolved gen 100000 pcc 0.985 sep_end 3 first_sep 85 tag None (45.2s; 34626s total)
nat above None mN=1.091 I=64 rep 2716: frozen gen 315 pcc 1.000 sep_end 0 first_sep -1 tag None (0.3s; 34626s total)
nat cheap None mN=1.091 I=64 rep 2714: unresolved gen 100000 pcc 0.970 sep_end 3 first_sep 80 tag None (69.2s; 34661s total)
nat above None mN=1.091 I=64 rep 2717: frozen gen 270 pcc 1.000 sep_end 0 first_sep -1 tag None (0.2s; 34661s total)
nat cheap None mN=1.091 I=64 rep 2717: frozen gen 275 pcc 1.000 sep_end 0 first_sep -1 tag None (0.2s; 34661s total)
nat above None mN=1.091 I=64 rep 2718: frozen gen 395 pcc 1.000 sep_end 0 first_sep -1 tag None (0.3s; 34662s total)
nat cheap None mN=1.091 I=64 rep 2716: unresolved gen 100000 pcc 0.988 sep_end 1 first_sep 110 tag None (40.7s; 34667s total)
nat above None mN=1.091 I=64 rep 2719: frozen gen 330 pcc 1.000 sep_end 0 first_sep -1 tag None (0.3s; 34667s total)
nat cheap None mN=1.091 I=64 rep 2715: unresolved gen 100000 pcc 0.980 sep_end 1 first_sep 70 tag None (51.9s; 34668s total)
nat above None mN=1.091 I=64 rep 2720: frozen gen 285 pcc 1.000 sep_end 0 first_sep -1 tag None (0.2s; 34668s total)
nat cheap None mN=1.091 I=64 rep 2719: unresolved gen 100000 pcc 0.980 sep_end 1 first_sep 95 tag None (42.7s; 34710s total)
nat above None mN=1.091 I=64 rep 2721: frozen gen 280 pcc 1.000 sep_end 0 first_sep -1 tag None (0.3s; 34710s total)
nat cheap None mN=1.091 I=64 rep 2720: unresolved gen 100000 pcc 0.985 sep_end 1 first_sep 55 tag None (47.6s; 34716s total)
nat above None mN=1.091 I=64 rep 2722: frozen gen 400 pcc 1.000 sep_end 0 first_sep -1 tag None (0.3s; 34716s total)
nat cheap None mN=1.091 I=64 rep 2722: unresolved gen 100000 pcc 0.998 sep_end 1 first_sep 120 tag None (8.9s; 34725s total)
nat above None mN=1.091 I=64 rep 2723: frozen gen 305 pcc 1.000 sep_end 0 first_sep -1 tag None (0.2s; 34725s total)
nat cheap None mN=1.091 I=64 rep 2718: unresolved gen 100000 pcc 0.983 sep_end 3 first_sep 100 tag None (64.8s; 34726s total)
nat above None mN=1.091 I=64 rep 2724: frozen gen 390 pcc 1.000 sep_end 0 first_sep -1 tag None (0.4s; 34727s total)
nat cheap None mN=1.091 I=64 rep 2721: unresolved gen 100000 pcc 0.986 sep_end 1 first_sep 70 tag None (41.5s; 34751s total)
nat above None mN=1.091 I=64 rep 2725: frozen gen 320 pcc 1.000 sep_end 0 first_sep -1 tag None (0.3s; 34752s total)
nat cheap None mN=1.091 I=64 rep 2723: unresolved gen 100000 pcc 0.981 sep_end 1 first_sep 75 tag None (43.1s; 34768s total)
nat above None mN=1.091 I=64 rep 2726: frozen gen 270 pcc 1.000 sep_end 0 first_sep -1 tag None (0.2s; 34770s total)
nat cheap None mN=1.091 I=64 rep 2726: unresolved gen 100000 pcc 0.999 sep_end 1 first_sep 110 tag None (8.9s; 34778s total)
nat above None mN=1.091 I=64 rep 2727: frozen gen 320 pcc 1.000 sep_end 0 first_sep -1 tag None (0.3s; 34778s total)
nat cheap None mN=1.091 I=64 rep 2724: unresolved gen 100000 pcc 0.981 sep_end 1 first_sep 95 tag None (55.8s; 34783s total)
nat above None mN=1.091 I=64 rep 2728: frozen gen 300 pcc 1.000 sep_end 0 first_sep -1 tag None (0.2s; 34783s total)
nat cheap None mN=1.091 I=64 rep 2727: unresolved gen 100000 pcc 0.988 sep_end 1 first_sep 70 tag None (40.0s; 34818s total)
nat above None mN=1.091 I=64 rep 2729: frozen gen 345 pcc 1.000 sep_end 0 first_sep -1 tag None (0.3s; 34818s total)
nat cheap None mN=1.091 I=64 rep 2725: unresolved gen 100000 pcc 0.975 sep_end 3 first_sep 145 tag None (69.1s; 34821s total)
nat above None mN=1.091 I=64 rep 2730: frozen gen 290 pcc 1.000 sep_end 0 first_sep -1 tag None (0.3s; 34821s total)
nat cheap None mN=1.091 I=64 rep 2730: frozen gen 1880 pcc 1.000 sep_end 0 first_sep 115 tag None (1.7s; 34823s total)
nat above None mN=1.091 I=64 rep 2731: frozen gen 480 pcc 1.000 sep_end 0 first_sep -1 tag None (0.3s; 34823s total)
nat cheap None mN=1.091 I=64 rep 2729: unresolved gen 100000 pcc 0.993 sep_end 1 first_sep 80 tag None (23.1s; 34841s total)
nat above None mN=1.091 I=64 rep 2732: frozen gen 390 pcc 1.000 sep_end 0 first_sep -1 tag None (0.3s; 34842s total)
nat cheap None mN=1.091 I=64 rep 2728: unresolved gen 100000 pcc 0.981 sep_end 1 first_sep 100 tag None (59.6s; 34842s total)
nat above None mN=1.091 I=64 rep 2733: frozen gen 240 pcc 1.000 sep_end 0 first_sep -1 tag None (0.2s; 34843s total)
nat cheap None mN=1.091 I=64 rep 2732: frozen gen 1065 pcc 1.000 sep_end 0 first_sep 115 tag None (1.2s; 34843s total)
nat above None mN=1.091 I=64 rep 2734: frozen gen 365 pcc 1.000 sep_end 0 first_sep -1 tag None (0.3s; 34843s total)
nat cheap None mN=1.091 I=64 rep 2733: unresolved gen 100000 pcc 0.986 sep_end 1 first_sep 100 tag None (32.2s; 34875s total)
nat above None mN=1.091 I=64 rep 2735: frozen gen 365 pcc 1.000 sep_end 0 first_sep -1 tag None (0.3s; 34875s total)
nat cheap None mN=1.091 I=64 rep 2735: frozen gen 845 pcc 1.000 sep_end 0 first_sep 95 tag None (0.9s; 34876s total)
nat above None mN=1.091 I=64 rep 2736: frozen gen 310 pcc 1.000 sep_end 0 first_sep -1 tag None (0.3s; 34876s total)
nat cheap None mN=1.091 I=64 rep 2736: frozen gen 370 pcc 1.000 sep_end 0 first_sep -1 tag None (0.3s; 34877s total)
nat above None mN=1.091 I=64 rep 2737: frozen gen 245 pcc 1.000 sep_end 0 first_sep -1 tag None (0.2s; 34877s total)
nat cheap None mN=1.091 I=64 rep 2737: unresolved gen 100000 pcc 0.998 sep_end 1 first_sep 130 tag None (9.0s; 34886s total)
nat above None mN=1.091 I=64 rep 2738: frozen gen 295 pcc 1.000 sep_end 0 first_sep -1 tag None (0.3s; 34886s total)
nat cheap None mN=1.091 I=64 rep 2731: unresolved gen 100000 pcc 0.977 sep_end 3 first_sep 55 tag None (66.4s; 34889s total)
nat above None mN=1.091 I=64 rep 2739: frozen gen 390 pcc 1.000 sep_end 0 first_sep -1 tag None (0.4s; 34890s total)
nat cheap None mN=1.091 I=64 rep 2734: unresolved gen 100000 pcc 0.979 sep_end 3 first_sep 90 tag None (67.4s; 34910s total)
nat above None mN=1.091 I=64 rep 2740: frozen gen 335 pcc 1.000 sep_end 0 first_sep -1 tag None (0.3s; 34911s total)
nat cheap None mN=1.091 I=64 rep 2739: unresolved gen 100000 pcc 0.993 sep_end 1 first_sep 95 tag None (36.5s; 34926s total)
nat above None mN=1.091 I=64 rep 2741: frozen gen 410 pcc 1.000 sep_end 0 first_sep -1 tag None (0.4s; 34927s total)
nat cheap None mN=1.091 I=64 rep 2738: unresolved gen 100000 pcc 0.983 sep_end 1 first_sep 85 tag None (60.3s; 34946s total)
nat above None mN=1.091 I=64 rep 2742: frozen gen 310 pcc 1.000 sep_end 0 first_sep -1 tag None (0.3s; 34947s total)
nat cheap None mN=1.091 I=64 rep 2741: unresolved gen 100000 pcc 0.988 sep_end 1 first_sep 110 tag None (34.5s; 34961s total)
nat above None mN=1.091 I=64 rep 2743: frozen gen 300 pcc 1.000 sep_end 0 first_sep -1 tag None (0.3s; 34962s total)
nat cheap None mN=1.091 I=64 rep 2740: unresolved gen 100000 pcc 0.976 sep_end 1 first_sep 60 tag None (60.8s; 34972s total)
nat above None mN=1.091 I=64 rep 2744: frozen gen 375 pcc 1.000 sep_end 0 first_sep -1 tag None (0.3s; 34972s total)
nat cheap None mN=1.091 I=64 rep 2743: unresolved gen 100000 pcc 0.992 sep_end 1 first_sep 110 tag None (32.2s; 34994s total)
nat above None mN=1.091 I=64 rep 2745: frozen gen 345 pcc 1.000 sep_end 0 first_sep -1 tag None (0.4s; 34994s total)
nat cheap None mN=1.091 I=64 rep 2745: frozen gen 290 pcc 1.000 sep_end 0 first_sep -1 tag None (0.2s; 34994s total)
nat above None mN=1.091 I=64 rep 2746: frozen gen 290 pcc 1.000 sep_end 0 first_sep -1 tag None (0.3s; 34995s total)
nat cheap None mN=1.091 I=64 rep 2742: unresolved gen 100000 pcc 0.978 sep_end 1 first_sep 90 tag None (54.8s; 35002s total)
nat above None mN=1.091 I=64 rep 2747: frozen gen 365 pcc 1.000 sep_end 0 first_sep -1 tag None (0.3s; 35002s total)
nat cheap None mN=1.091 I=64 rep 2744: unresolved gen 100000 pcc 0.991 sep_end 1 first_sep 75 tag None (32.8s; 35005s total)
nat above None mN=1.091 I=64 rep 2748: frozen gen 320 pcc 1.000 sep_end 0 first_sep -1 tag None (0.2s; 35005s total)
nat cheap None mN=1.091 I=64 rep 2746: unresolved gen 100000 pcc 0.994 sep_end 1 first_sep 55 tag None (23.1s; 35018s total)
nat above None mN=1.091 I=64 rep 2749: frozen gen 300 pcc 1.000 sep_end 0 first_sep -1 tag None (0.3s; 35018s total)
nat cheap None mN=1.091 I=64 rep 2747: unresolved gen 100000 pcc 0.978 sep_end 1 first_sep 90 tag None (60.9s; 35063s total)
nat cheap None mN=1.091 I=64 rep 2748: unresolved gen 100000 pcc 0.975 sep_end 1 first_sep 95 tag None (58.6s; 35064s total)
nat above None mN=1.091 I=64 rep 2750: frozen gen 925 pcc 1.000 sep_end 0 first_sep 115 tag None (1.0s; 35064s total)
nat above None mN=1.091 I=64 rep 2751: frozen gen 315 pcc 1.000 sep_end 0 first_sep -1 tag None (0.3s; 35065s total)
nat cheap None mN=1.091 I=64 rep 2749: unresolved gen 100000 pcc 0.978 sep_end 1 first_sep 75 tag None (60.7s; 35079s total)
nat above None mN=1.091 I=64 rep 2752: frozen gen 255 pcc 1.000 sep_end 0 first_sep -1 tag None (0.3s; 35079s total)
nat cheap None mN=1.091 I=64 rep 2751: unresolved gen 100000 pcc 0.979 sep_end 1 first_sep 80 tag None (61.9s; 35126s total)
nat above None mN=1.091 I=64 rep 2753: frozen gen 315 pcc 1.000 sep_end 0 first_sep -1 tag None (0.3s; 35126s total)
nat cheap None mN=1.091 I=64 rep 2752: unresolved gen 100000 pcc 0.978 sep_end 3 first_sep 70 tag None (50.0s; 35129s total)
nat above None mN=1.091 I=64 rep 2754: frozen gen 395 pcc 1.000 sep_end 0 first_sep -1 tag None (0.4s; 35129s total)
nat cheap None mN=1.091 I=64 rep 2750: unresolved gen 100000 pcc 0.968 sep_end 3 first_sep 110 tag None (68.0s; 35132s total)
nat above None mN=1.091 I=64 rep 2755: frozen gen 305 pcc 1.000 sep_end 0 first_sep -1 tag None (0.3s; 35132s total)
nat cheap None mN=1.091 I=64 rep 2755: frozen gen 325 pcc 1.000 sep_end 0 first_sep -1 tag None (0.3s; 35132s total)
nat above None mN=1.091 I=64 rep 2756: frozen gen 300 pcc 1.000 sep_end 0 first_sep -1 tag None (0.3s; 35132s total)
nat cheap None mN=1.091 I=64 rep 2756: unresolved gen 100000 pcc 0.988 sep_end 1 first_sep 125 tag None (43.0s; 35175s total)
nat above None mN=1.091 I=64 rep 2757: frozen gen 310 pcc 1.000 sep_end 0 first_sep -1 tag None (0.4s; 35176s total)
nat cheap None mN=1.091 I=64 rep 2753: unresolved gen 100000 pcc 0.981 sep_end 1 first_sep 135 tag None (62.3s; 35189s total)
nat above None mN=1.091 I=64 rep 2758: frozen gen 280 pcc 1.000 sep_end 0 first_sep -1 tag None (0.2s; 35189s total)
nat cheap None mN=1.091 I=64 rep 2754: unresolved gen 100000 pcc 0.981 sep_end 3 first_sep 85 tag None (63.1s; 35193s total)
nat above None mN=1.091 I=64 rep 2759: frozen gen 270 pcc 1.000 sep_end 0 first_sep -1 tag None (0.3s; 35193s total)
nat cheap None mN=1.091 I=64 rep 2759: frozen gen 320 pcc 1.000 sep_end 0 first_sep -1 tag None (0.3s; 35193s total)
nat cheap None mN=1.091 I=64 rep 2758: unresolved gen 100000 pcc 0.990 sep_end 1 first_sep 65 tag None (23.0s; 35212s total)
nat cheap None mN=1.091 I=64 rep 2757: unresolved gen 100000 pcc 0.979 sep_end 1 first_sep 80 tag None (62.3s; 35238s total)
nat above None mN=1.091 I=64 rep 2761: frozen gen 590 pcc 1.000 sep_end 0 first_sep -1 tag None (0.5s; 35239s total)
nat above None mN=1.091 I=64 rep 2760: unresolved gen 100000 pcc 0.975 sep_end 1 first_sep 75 tag None (62.3s; 35256s total)
nat above None mN=1.091 I=64 rep 2762: frozen gen 290 pcc 1.000 sep_end 0 first_sep -1 tag None (0.3s; 35256s total)
nat cheap None mN=1.091 I=64 rep 2760: unresolved gen 100000 pcc 0.976 sep_end 3 first_sep 60 tag None (56.8s; 35269s total)
nat above None mN=1.091 I=64 rep 2763: frozen gen 300 pcc 1.000 sep_end 0 first_sep -1 tag None (0.3s; 35269s total)
nat cheap None mN=1.091 I=64 rep 2761: unresolved gen 100000 pcc 0.979 sep_end 1 first_sep 80 tag None (61.8s; 35300s total)
nat above None mN=1.091 I=64 rep 2764: frozen gen 330 pcc 1.000 sep_end 0 first_sep -1 tag None (0.4s; 35301s total)
nat cheap None mN=1.091 I=64 rep 2762: unresolved gen 100000 pcc 0.978 sep_end 1 first_sep 125 tag None (47.9s; 35304s total)
nat above None mN=1.091 I=64 rep 2765: frozen gen 340 pcc 1.000 sep_end 0 first_sep -1 tag None (0.3s; 35304s total)
nat cheap None mN=1.091 I=64 rep 2765: frozen gen 230 pcc 1.000 sep_end 0 first_sep -1 tag None (0.2s; 35304s total)
nat above None mN=1.091 I=64 rep 2766: frozen gen 270 pcc 1.000 sep_end 0 first_sep -1 tag None (0.3s; 35304s total)
nat cheap None mN=1.091 I=64 rep 2763: unresolved gen 100000 pcc 0.988 sep_end 1 first_sep 115 tag None (47.7s; 35317s total)
nat above None mN=1.091 I=64 rep 2767: frozen gen 300 pcc 1.000 sep_end 0 first_sep -1 tag None (0.3s; 35317s total)
nat cheap None mN=1.091 I=64 rep 2764: unresolved gen 100000 pcc 0.974 sep_end 1 first_sep 80 tag None (60.2s; 35361s total)
nat above None mN=1.091 I=64 rep 2768: frozen gen 270 pcc 1.000 sep_end 0 first_sep -1 tag None (0.2s; 35361s total)
nat cheap None mN=1.091 I=64 rep 2767: unresolved gen 100000 pcc 0.987 sep_end 1 first_sep 70 tag None (45.9s; 35363s total)
nat above None mN=1.091 I=64 rep 2769: frozen gen 280 pcc 1.000 sep_end 0 first_sep -1 tag None (0.3s; 35363s total)
nat cheap None mN=1.091 I=64 rep 2766: unresolved gen 100000 pcc 0.980 sep_end 1 first_sep 110 tag None (60.1s; 35365s total)
nat above None mN=1.091 I=64 rep 2770: frozen gen 420 pcc 1.000 sep_end 0 first_sep -1 tag None (0.4s; 35365s total)
nat cheap None mN=1.091 I=64 rep 2768: unresolved gen 100000 pcc 0.990 sep_end 3 first_sep 65 tag None (41.5s; 35403s total)
nat above None mN=1.091 I=64 rep 2771: frozen gen 305 pcc 1.000 sep_end 0 first_sep -1 tag None (0.2s; 35403s total)
nat cheap None mN=1.091 I=64 rep 2771: frozen gen 360 pcc 1.000 sep_end 0 first_sep -1 tag None (0.3s; 35403s total)
nat above None mN=1.091 I=64 rep 2772: frozen gen 300 pcc 1.000 sep_end 0 first_sep -1 tag None (0.3s; 35404s total)
nat cheap None mN=1.091 I=64 rep 2770: unresolved gen 100000 pcc 0.980 sep_end 1 first_sep 95 tag None (47.7s; 35413s total)
nat above None mN=1.091 I=64 rep 2773: frozen gen 320 pcc 1.000 sep_end 0 first_sep -1 tag None (0.3s; 35413s total)
nat cheap None mN=1.091 I=64 rep 2769: unresolved gen 100000 pcc 0.981 sep_end 1 first_sep 95 tag None (57.8s; 35421s total)
nat above None mN=1.091 I=64 rep 2774: frozen gen 305 pcc 1.000 sep_end 0 first_sep -1 tag None (0.2s; 35421s total)
nat cheap None mN=1.091 I=64 rep 2774: frozen gen 290 pcc 1.000 sep_end 0 first_sep -1 tag None (0.3s; 35421s total)
nat above None mN=1.091 I=64 rep 2775: frozen gen 320 pcc 1.000 sep_end 0 first_sep -1 tag None (0.3s; 35422s total)
nat cheap None mN=1.091 I=64 rep 2775: frozen gen 295 pcc 1.000 sep_end 0 first_sep -1 tag None (0.3s; 35422s total)
nat above None mN=1.091 I=64 rep 2776: frozen gen 290 pcc 1.000 sep_end 0 first_sep -1 tag None (0.3s; 35423s total)
nat cheap None mN=1.091 I=64 rep 2776: frozen gen 355 pcc 1.000 sep_end 0 first_sep -1 tag None (0.3s; 35423s total)
nat above None mN=1.091 I=64 rep 2777: frozen gen 475 pcc 1.000 sep_end 0 first_sep -1 tag None (0.4s; 35423s total)
nat cheap None mN=1.091 I=64 rep 2772: unresolved gen 100000 pcc 0.983 sep_end 3 first_sep 95 tag None (48.3s; 35452s total)
nat above None mN=1.091 I=64 rep 2778: frozen gen 345 pcc 1.000 sep_end 0 first_sep -1 tag None (0.3s; 35452s total)
nat cheap None mN=1.091 I=64 rep 2777: unresolved gen 100000 pcc 0.986 sep_end 1 first_sep 75 tag None (32.8s; 35456s total)
nat above None mN=1.091 I=64 rep 2779: frozen gen 240 pcc 1.000 sep_end 0 first_sep -1 tag None (0.2s; 35456s total)
nat cheap None mN=1.091 I=64 rep 2779: frozen gen 395 pcc 1.000 sep_end 0 first_sep -1 tag None (0.3s; 35456s total)
nat above None mN=1.091 I=64 rep 2780: frozen gen 345 pcc 1.000 sep_end 0 first_sep -1 tag None (0.2s; 35457s total)
nat cheap None mN=1.091 I=64 rep 2780: frozen gen 1475 pcc 1.000 sep_end 0 first_sep 105 tag None (1.5s; 35458s total)
nat above None mN=1.091 I=64 rep 2781: frozen gen 260 pcc 1.000 sep_end 0 first_sep -1 tag None (0.2s; 35458s total)
nat cheap None mN=1.091 I=64 rep 2773: unresolved gen 100000 pcc 0.983 sep_end 1 first_sep 75 tag None (56.1s; 35469s total)
nat above None mN=1.091 I=64 rep 2782: frozen gen 330 pcc 1.000 sep_end 0 first_sep -1 tag None (0.3s; 35470s total)
nat cheap None mN=1.091 I=64 rep 2781: unresolved gen 100000 pcc 0.979 sep_end 1 first_sep 85 tag None (42.9s; 35501s total)
nat above None mN=1.091 I=64 rep 2783: frozen gen 290 pcc 1.000 sep_end 0 first_sep -1 tag None (0.3s; 35502s total)
nat cheap None mN=1.091 I=64 rep 2778: unresolved gen 100000 pcc 0.975 sep_end 3 first_sep 55 tag None (67.8s; 35520s total)
nat above None mN=1.091 I=64 rep 2784: frozen gen 245 pcc 1.000 sep_end 0 first_sep -1 tag None (0.2s; 35520s total)
nat cheap None mN=1.091 I=64 rep 2782: unresolved gen 100000 pcc 0.982 sep_end 1 first_sep 110 tag None (56.4s; 35526s total)
nat above None mN=1.091 I=64 rep 2785: frozen gen 305 pcc 1.000 sep_end 0 first_sep -1 tag None (0.2s; 35526s total)
nat cheap None mN=1.091 I=64 rep 2783: unresolved gen 100000 pcc 0.994 sep_end 3 first_sep 100 tag None (25.0s; 35526s total)
nat above None mN=1.091 I=64 rep 2786: frozen gen 285 pcc 1.000 sep_end 0 first_sep -1 tag None (0.3s; 35527s total)
nat cheap None mN=1.091 I=64 rep 2784: unresolved gen 100000 pcc 0.989 sep_end 1 first_sep 85 tag None (29.6s; 35550s total)
nat above None mN=1.091 I=64 rep 2787: frozen gen 265 pcc 1.000 sep_end 0 first_sep -1 tag None (0.2s; 35550s total)
nat cheap None mN=1.091 I=64 rep 2785: unresolved gen 100000 pcc 0.980 sep_end 3 first_sep 105 tag None (62.1s; 35588s total)
nat above None mN=1.091 I=64 rep 2788: frozen gen 310 pcc 1.000 sep_end 0 first_sep -1 tag None (0.2s; 35589s total)
nat cheap None mN=1.091 I=64 rep 2788: frozen gen 305 pcc 1.000 sep_end 0 first_sep -1 tag None (0.3s; 35590s total)
nat above None mN=1.091 I=64 rep 2789: frozen gen 290 pcc 1.000 sep_end 0 first_sep -1 tag None (0.3s; 35590s total)
nat cheap None mN=1.091 I=64 rep 2786: unresolved gen 100000 pcc 0.980 sep_end 1 first_sep 70 tag None (62.5s; 35590s total)
nat above None mN=1.091 I=64 rep 2790: frozen gen 290 pcc 1.000 sep_end 0 first_sep -1 tag None (0.2s; 35590s total)
nat cheap None mN=1.091 I=64 rep 2790: frozen gen 930 pcc 1.000 sep_end 0 first_sep 90 tag None (1.1s; 35591s total)
nat above None mN=1.091 I=64 rep 2791: frozen gen 325 pcc 1.000 sep_end 0 first_sep -1 tag None (0.3s; 35591s total)
nat cheap None mN=1.091 I=64 rep 2787: unresolved gen 100000 pcc 0.974 sep_end 3 first_sep 105 tag None (67.2s; 35617s total)
nat above None mN=1.091 I=64 rep 2792: frozen gen 360 pcc 1.000 sep_end 0 first_sep -1 tag None (0.3s; 35617s total)
nat cheap None mN=1.091 I=64 rep 2789: unresolved gen 100000 pcc 0.985 sep_end 1 first_sep 110 tag None (45.4s; 35634s total)
nat above None mN=1.091 I=64 rep 2793: frozen gen 325 pcc 1.000 sep_end 0 first_sep -1 tag None (0.3s; 35635s total)
nat cheap None mN=1.091 I=64 rep 2791: unresolved gen 100000 pcc 0.983 sep_end 1 first_sep 185 tag None (52.0s; 35643s total)
nat above None mN=1.091 I=64 rep 2794: frozen gen 255 pcc 1.000 sep_end 0 first_sep -1 tag None (0.2s; 35643s total)
nat cheap None mN=1.091 I=64 rep 2792: unresolved gen 100000 pcc 0.991 sep_end 1 first_sep 80 tag None (27.7s; 35645s total)
nat above None mN=1.091 I=64 rep 2795: frozen gen 270 pcc 1.000 sep_end 0 first_sep -1 tag None (0.3s; 35645s total)
nat cheap None mN=1.091 I=64 rep 2795: unresolved gen 100000 pcc 0.995 sep_end 1 first_sep 70 tag None (23.1s; 35669s total)
nat above None mN=1.091 I=64 rep 2796: frozen gen 295 pcc 1.000 sep_end 0 first_sep -1 tag None (0.3s; 35669s total)
nat cheap None mN=1.091 I=64 rep 2794: unresolved gen 100000 pcc 0.985 sep_end 1 first_sep 115 tag None (57.7s; 35701s total)
nat cheap None mN=1.091 I=64 rep 2793: unresolved gen 100000 pcc 0.976 sep_end 3 first_sep 65 tag None (66.0s; 35701s total)
nat above None mN=1.091 I=64 rep 2797: frozen gen 335 pcc 1.000 sep_end 0 first_sep -1 tag None (0.2s; 35701s total)
nat above None mN=1.091 I=64 rep 2798: frozen gen 440 pcc 1.000 sep_end 0 first_sep -1 tag None (0.3s; 35701s total)
nat cheap None mN=1.091 I=64 rep 2798: frozen gen 345 pcc 1.000 sep_end 0 first_sep -1 tag None (0.3s; 35702s total)
nat above None mN=1.091 I=64 rep 2799: frozen gen 455 pcc 1.000 sep_end 0 first_sep -1 tag None (0.5s; 35702s total)
nat cheap None mN=1.091 I=64 rep 2796: unresolved gen 100000 pcc 0.987 sep_end 1 first_sep 80 tag None (42.0s; 35711s total)
nat above None mN=1.091 I=64 rep 2800: frozen gen 290 pcc 1.000 sep_end 0 first_sep -1 tag None (0.3s; 35711s total)
nat cheap None mN=1.091 I=64 rep 2797: unresolved gen 100000 pcc 0.988 sep_end 1 first_sep 105 tag None (52.1s; 35753s total)
nat above None mN=1.091 I=64 rep 2801: frozen gen 280 pcc 1.000 sep_end 0 first_sep -1 tag None (0.3s; 35754s total)
nat cheap None mN=1.091 I=64 rep 2799: unresolved gen 100000 pcc 0.980 sep_end 1 first_sep 60 tag None (59.5s; 35762s total)
nat above None mN=1.091 I=64 rep 2802: frozen gen 385 pcc 1.000 sep_end 0 first_sep -1 tag None (0.3s; 35762s total)
nat cheap None mN=1.091 I=64 rep 2800: unresolved gen 100000 pcc 0.978 sep_end 1 first_sep 100 tag None (55.5s; 35767s total)
nat cheap None mN=1.091 I=64 rep 2802: horizon-certified gen 100000 pcc 1.000 sep_end 1 first_sep 95 tag None (5.0s; 35767s total)
nat above None mN=1.091 I=64 rep 2803: frozen gen 385 pcc 1.000 sep_end 0 first_sep -1 tag None (0.3s; 35767s total)
nat above None mN=1.091 I=64 rep 2804: frozen gen 265 pcc 1.000 sep_end 0 first_sep -1 tag None (0.2s; 35767s total)
nat cheap None mN=1.091 I=64 rep 2804: frozen gen 1350 pcc 1.000 sep_end 0 first_sep 105 tag None (1.3s; 35769s total)
nat above None mN=1.091 I=64 rep 2805: frozen gen 325 pcc 1.000 sep_end 0 first_sep -1 tag None (0.3s; 35769s total)
nat cheap None mN=1.091 I=64 rep 2801: unresolved gen 100000 pcc 0.965 sep_end 3 first_sep 115 tag None (70.6s; 35824s total)
nat above None mN=1.091 I=64 rep 2806: frozen gen 270 pcc 1.000 sep_end 0 first_sep -1 tag None (0.2s; 35824s total)
nat cheap None mN=1.091 I=64 rep 2806: frozen gen 275 pcc 1.000 sep_end 0 first_sep -1 tag None (0.3s; 35824s total)
nat above None mN=1.091 I=64 rep 2807: frozen gen 305 pcc 1.000 sep_end 0 first_sep -1 tag None (0.2s; 35825s total)
nat cheap None mN=1.091 I=64 rep 2807: frozen gen 300 pcc 1.000 sep_end 0 first_sep -1 tag None (0.2s; 35825s total)
nat above None mN=1.091 I=64 rep 2808: frozen gen 365 pcc 1.000 sep_end 0 first_sep -1 tag None (0.3s; 35825s total)
nat cheap None mN=1.091 I=64 rep 2805: unresolved gen 100000 pcc 0.981 sep_end 1 first_sep 105 tag None (60.7s; 35830s total)
nat above None mN=1.091 I=64 rep 2809: frozen gen 340 pcc 1.000 sep_end 0 first_sep -1 tag None (0.3s; 35830s total)
nat cheap None mN=1.091 I=64 rep 2803: unresolved gen 100000 pcc 0.976 sep_end 3 first_sep 70 tag None (66.7s; 35834s total)
nat above None mN=1.091 I=64 rep 2810: frozen gen 355 pcc 1.000 sep_end 0 first_sep -1 tag None (0.3s; 35834s total)
nat cheap None mN=1.091 I=64 rep 2810: frozen gen 270 pcc 1.000 sep_end 0 first_sep -1 tag None (0.2s; 35834s total)
nat above None mN=1.091 I=64 rep 2811: frozen gen 330 pcc 1.000 sep_end 0 first_sep -1 tag None (0.3s; 35834s total)
nat cheap None mN=1.091 I=64 rep 2811: frozen gen 270 pcc 1.000 sep_end 0 first_sep -1 tag None (0.2s; 35835s total)
nat above None mN=1.091 I=64 rep 2812: frozen gen 235 pcc 1.000 sep_end 0 first_sep -1 tag None (0.3s; 35835s total)
nat cheap None mN=1.091 I=64 rep 2808: unresolved gen 100000 pcc 0.980 sep_end 1 first_sep 55 tag None (58.5s; 35884s total)
nat above None mN=1.091 I=64 rep 2813: frozen gen 415 pcc 1.000 sep_end 0 first_sep -1 tag None (0.5s; 35884s total)
nat cheap None mN=1.091 I=64 rep 2809: unresolved gen 100000 pcc 0.977 sep_end 3 first_sep 85 tag None (70.8s; 35901s total)
nat above None mN=1.091 I=64 rep 2814: frozen gen 235 pcc 1.000 sep_end 0 first_sep -1 tag None (0.2s; 35901s total)
nat cheap None mN=1.091 I=64 rep 2812: unresolved gen 100000 pcc 0.974 sep_end 3 first_sep 110 tag None (67.4s; 35902s total)
nat above None mN=1.091 I=64 rep 2815: frozen gen 295 pcc 1.000 sep_end 0 first_sep -1 tag None (0.2s; 35903s total)
nat cheap None mN=1.091 I=64 rep 2814: frozen gen 1770 pcc 1.000 sep_end 0 first_sep 110 tag None (1.8s; 35903s total)
nat above None mN=1.091 I=64 rep 2816: frozen gen 305 pcc 1.000 sep_end 0 first_sep -1 tag None (0.2s; 35903s total)
nat cheap None mN=1.091 I=64 rep 2813: unresolved gen 100000 pcc 0.979 sep_end 1 first_sep 95 tag None (58.6s; 35943s total)
nat above None mN=1.091 I=64 rep 2817: frozen gen 405 pcc 1.000 sep_end 0 first_sep -1 tag None (0.5s; 35943s total)
nat cheap None mN=1.091 I=64 rep 2817: frozen gen 295 pcc 1.000 sep_end 0 first_sep -1 tag None (0.3s; 35943s total)
nat above None mN=1.091 I=64 rep 2818: frozen gen 300 pcc 1.000 sep_end 0 first_sep -1 tag None (0.3s; 35944s total)
nat cheap None mN=1.091 I=64 rep 2818: frozen gen 305 pcc 1.000 sep_end 0 first_sep -1 tag None (0.3s; 35944s total)
nat above None mN=1.091 I=64 rep 2819: frozen gen 270 pcc 1.000 sep_end 0 first_sep -1 tag None (0.3s; 35944s total)
nat cheap None mN=1.091 I=64 rep 2815: unresolved gen 100000 pcc 0.979 sep_end 1 first_sep 75 tag None (61.8s; 35964s total)
nat above None mN=1.091 I=64 rep 2820: frozen gen 275 pcc 1.000 sep_end 0 first_sep -1 tag None (0.3s; 35965s total)
nat cheap None mN=1.091 I=64 rep 2816: unresolved gen 100000 pcc 0.977 sep_end 3 first_sep 95 tag None (72.7s; 35976s total)
nat above None mN=1.091 I=64 rep 2821: frozen gen 310 pcc 1.000 sep_end 0 first_sep -1 tag None (0.3s; 35976s total)
nat cheap None mN=1.091 I=64 rep 2819: unresolved gen 100000 pcc 0.982 sep_end 1 first_sep 90 tag None (57.4s; 36002s total)
nat above None mN=1.091 I=64 rep 2822: frozen gen 270 pcc 1.000 sep_end 0 first_sep -1 tag None (0.2s; 36002s total)
nat cheap None mN=1.091 I=64 rep 2822: frozen gen 300 pcc 1.000 sep_end 0 first_sep 80 tag None (0.3s; 36002s total)
nat above None mN=1.091 I=64 rep 2823: frozen gen 585 pcc 1.000 sep_end 0 first_sep -1 tag None (0.4s; 36003s total)
nat cheap None mN=1.091 I=64 rep 2823: frozen gen 330 pcc 1.000 sep_end 0 first_sep 120 tag None (0.3s; 36003s total)
nat above None mN=1.091 I=64 rep 2824: frozen gen 250 pcc 1.000 sep_end 0 first_sep -1 tag None (0.2s; 36003s total)
nat cheap None mN=1.091 I=64 rep 2820: unresolved gen 100000 pcc 0.984 sep_end 1 first_sep 110 tag None (51.9s; 36017s total)
nat above None mN=1.091 I=64 rep 2825: frozen gen 345 pcc 1.000 sep_end 0 first_sep -1 tag None (0.4s; 36017s total)
nat cheap None mN=1.091 I=64 rep 2821: unresolved gen 100000 pcc 0.973 sep_end 1 first_sep 110 tag None (64.1s; 36040s total)
nat above None mN=1.091 I=64 rep 2826: frozen gen 265 pcc 1.000 sep_end 0 first_sep -1 tag None (0.3s; 36041s total)
nat cheap None mN=1.091 I=64 rep 2824: unresolved gen 100000 pcc 0.981 sep_end 1 first_sep 75 tag None (58.0s; 36061s total)
nat above None mN=1.091 I=64 rep 2827: frozen gen 295 pcc 1.000 sep_end 0 first_sep -1 tag None (0.3s; 36062s total)
nat cheap None mN=1.091 I=64 rep 2825: unresolved gen 100000 pcc 0.981 sep_end 1 first_sep 85 tag None (65.3s; 36082s total)
nat above None mN=1.091 I=64 rep 2828: frozen gen 335 pcc 1.000 sep_end 0 first_sep -1 tag None (0.3s; 36083s total)
nat cheap None mN=1.091 I=64 rep 2826: unresolved gen 100000 pcc 0.976 sep_end 1 first_sep 105 tag None (56.7s; 36097s total)
nat above None mN=1.091 I=64 rep 2829: frozen gen 280 pcc 1.000 sep_end 0 first_sep -1 tag None (0.2s; 36097s total)
nat cheap None mN=1.091 I=64 rep 2829: frozen gen 1570 pcc 1.000 sep_end 0 first_sep 85 tag None (1.6s; 36099s total)
nat above None mN=1.091 I=64 rep 2830: frozen gen 270 pcc 1.000 sep_end 0 first_sep -1 tag None (0.3s; 36099s total)
nat cheap None mN=1.091 I=64 rep 2827: unresolved gen 100000 pcc 0.977 sep_end 1 first_sep 100 tag None (57.9s; 36119s total)
nat above None mN=1.091 I=64 rep 2831: frozen gen 325 pcc 1.000 sep_end 0 first_sep -1 tag None (0.3s; 36120s total)
nat cheap None mN=1.091 I=64 rep 2831: unresolved gen 100000 pcc 0.993 sep_end 1 first_sep 95 tag None (22.4s; 36142s total)
nat above None mN=1.091 I=64 rep 2832: frozen gen 395 pcc 1.000 sep_end 0 first_sep -1 tag None (0.4s; 36143s total)
nat cheap None mN=1.091 I=64 rep 2832: frozen gen 325 pcc 1.000 sep_end 0 first_sep -1 tag None (0.3s; 36143s total)
nat above None mN=1.091 I=64 rep 2833: frozen gen 305 pcc 1.000 sep_end 0 first_sep -1 tag None (0.3s; 36143s total)
nat cheap None mN=1.091 I=64 rep 2828: unresolved gen 100000 pcc 0.971 sep_end 1 first_sep 80 tag None (65.2s; 36148s total)
nat above None mN=1.091 I=64 rep 2834: frozen gen 240 pcc 1.000 sep_end 0 first_sep -1 tag None (0.2s; 36148s total)
nat cheap None mN=1.091 I=64 rep 2830: unresolved gen 100000 pcc 0.968 sep_end 3 first_sep 90 tag None (76.8s; 36176s total)
nat above None mN=1.091 I=64 rep 2835: frozen gen 285 pcc 1.000 sep_end 0 first_sep -1 tag None (0.3s; 36176s total)
nat cheap None mN=1.091 I=64 rep 2835: frozen gen 295 pcc 1.000 sep_end 0 first_sep -1 tag None (0.3s; 36177s total)
nat above None mN=1.091 I=64 rep 2836: frozen gen 355 pcc 1.000 sep_end 0 first_sep -1 tag None (0.4s; 36177s total)
nat cheap None mN=1.091 I=64 rep 2834: unresolved gen 100000 pcc 0.979 sep_end 1 first_sep 60 tag None (57.8s; 36206s total)
nat above None mN=1.091 I=64 rep 2837: frozen gen 260 pcc 1.000 sep_end 0 first_sep -1 tag None (0.3s; 36206s total)
nat cheap None mN=1.091 I=64 rep 2837: frozen gen 340 pcc 1.000 sep_end 0 first_sep -1 tag None (0.3s; 36207s total)
nat above None mN=1.091 I=64 rep 2838: frozen gen 245 pcc 1.000 sep_end 0 first_sep -1 tag None (0.2s; 36207s total)
nat cheap None mN=1.091 I=64 rep 2833: unresolved gen 100000 pcc 0.979 sep_end 3 first_sep 80 tag None (72.3s; 36215s total)
nat above None mN=1.091 I=64 rep 2839: frozen gen 220 pcc 1.000 sep_end 0 first_sep -1 tag None (0.2s; 36216s total)
nat cheap None mN=1.091 I=64 rep 2836: unresolved gen 100000 pcc 0.978 sep_end 1 first_sep 80 tag None (62.0s; 36239s total)
nat above None mN=1.091 I=64 rep 2840: frozen gen 260 pcc 1.000 sep_end 0 first_sep -1 tag None (0.3s; 36239s total)
nat cheap None mN=1.091 I=64 rep 2839: unresolved gen 100000 pcc 0.990 sep_end 1 first_sep 110 tag None (31.9s; 36248s total)
nat above None mN=1.091 I=64 rep 2841: frozen gen 335 pcc 1.000 sep_end 0 first_sep -1 tag None (0.3s; 36248s total)
nat cheap None mN=1.091 I=64 rep 2838: unresolved gen 100000 pcc 0.988 sep_end 1 first_sep 90 tag None (42.3s; 36249s total)
nat above None mN=1.091 I=64 rep 2842: frozen gen 235 pcc 1.000 sep_end 0 first_sep -1 tag None (0.3s; 36249s total)
nat cheap None mN=1.091 I=64 rep 2842: unresolved gen 100000 pcc 0.989 sep_end 1 first_sep 135 tag None (31.3s; 36281s total)
nat above None mN=1.091 I=64 rep 2843: frozen gen 425 pcc 1.000 sep_end 0 first_sep -1 tag None (0.4s; 36281s total)
nat cheap None mN=1.091 I=64 rep 2841: unresolved gen 100000 pcc 0.989 sep_end 1 first_sep 60 tag None (36.6s; 36284s total)
nat above None mN=1.091 I=64 rep 2844: frozen gen 320 pcc 1.000 sep_end 0 first_sep -1 tag None (0.3s; 36285s total)
nat cheap None mN=1.091 I=64 rep 2844: frozen gen 2350 pcc 1.000 sep_end 0 first_sep 95 tag None (2.0s; 36287s total)
nat above None mN=1.091 I=64 rep 2845: frozen gen 310 pcc 1.000 sep_end 0 first_sep -1 tag None (0.2s; 36287s total)
nat cheap None mN=1.091 I=64 rep 2845: frozen gen 2250 pcc 1.000 sep_end 0 first_sep 75 tag None (2.3s; 36289s total)
nat above None mN=1.091 I=64 rep 2846: frozen gen 325 pcc 1.000 sep_end 0 first_sep -1 tag None (0.3s; 36290s total)
nat cheap None mN=1.091 I=64 rep 2840: unresolved gen 100000 pcc 0.977 sep_end 3 first_sep 55 tag None (73.9s; 36313s total)
nat above None mN=1.091 I=64 rep 2847: frozen gen 305 pcc 1.000 sep_end 0 first_sep -1 tag None (0.3s; 36314s total)
nat cheap None mN=1.091 I=64 rep 2843: unresolved gen 100000 pcc 0.988 sep_end 1 first_sep 85 tag None (36.6s; 36318s total)
nat above None mN=1.091 I=64 rep 2848: frozen gen 335 pcc 1.000 sep_end 0 first_sep -1 tag None (0.3s; 36318s total)
nat cheap None mN=1.091 I=64 rep 2846: unresolved gen 100000 pcc 0.987 sep_end 1 first_sep 115 tag None (43.0s; 36333s total)
nat above None mN=1.091 I=64 rep 2849: frozen gen 270 pcc 1.000 sep_end 0 first_sep -1 tag None (0.2s; 36333s total)
nat cheap None mN=1.091 I=64 rep 2849: frozen gen 400 pcc 1.000 sep_end 0 first_sep -1 tag None (0.3s; 36333s total)
nat above None mN=1.091 I=64 rep 2850: frozen gen 1310 pcc 1.000 sep_end 0 first_sep 100 tag None (1.4s; 36334s total)
nat cheap None mN=1.091 I=64 rep 2850: frozen gen 280 pcc 1.000 sep_end 0 first_sep 75 tag None (0.3s; 36335s total)
nat above None mN=1.091 I=64 rep 2851: frozen gen 300 pcc 1.000 sep_end 0 first_sep -1 tag None (0.2s; 36336s total)
nat cheap None mN=1.091 I=64 rep 2847: unresolved gen 100000 pcc 0.990 sep_end 1 first_sep 130 tag None (32.1s; 36346s total)
nat above None mN=1.091 I=64 rep 2852: frozen gen 260 pcc 1.000 sep_end 0 first_sep -1 tag None (0.3s; 36346s total)
nat cheap None mN=1.091 I=64 rep 2851: unresolved gen 100000 pcc 0.985 sep_end 1 first_sep 80 tag None (41.0s; 36376s total)
nat above None mN=1.091 I=64 rep 2853: frozen gen 260 pcc 1.000 sep_end 0 first_sep -1 tag None (0.3s; 36376s total)
nat cheap None mN=1.091 I=64 rep 2848: unresolved gen 100000 pcc 0.981 sep_end 1 first_sep 80 tag None (60.3s; 36378s total)
nat above None mN=1.091 I=64 rep 2854: frozen gen 270 pcc 1.000 sep_end 0 first_sep -1 tag None (0.2s; 36379s total)
nat cheap None mN=1.091 I=64 rep 2854: frozen gen 260 pcc 1.000 sep_end 0 first_sep -1 tag None (0.3s; 36379s total)
nat above None mN=1.091 I=64 rep 2855: frozen gen 265 pcc 1.000 sep_end 0 first_sep -1 tag None (0.2s; 36379s total)
nat cheap None mN=1.091 I=64 rep 2855: frozen gen 290 pcc 1.000 sep_end 0 first_sep -1 tag None (0.3s; 36379s total)
nat above None mN=1.091 I=64 rep 2856: frozen gen 295 pcc 1.000 sep_end 0 first_sep -1 tag None (0.3s; 36380s total)
nat cheap None mN=1.091 I=64 rep 2852: unresolved gen 100000 pcc 0.985 sep_end 1 first_sep 75 tag None (41.4s; 36387s total)
nat above None mN=1.091 I=64 rep 2857: frozen gen 280 pcc 1.000 sep_end 0 first_sep -1 tag None (0.3s; 36388s total)
nat cheap None mN=1.091 I=64 rep 2853: unresolved gen 100000 pcc 0.977 sep_end 1 first_sep 50 tag None (55.2s; 36431s total)
nat above None mN=1.091 I=64 rep 2858: frozen gen 260 pcc 1.000 sep_end 0 first_sep -1 tag None (0.3s; 36432s total)
nat cheap None mN=1.091 I=64 rep 2857: unresolved gen 100000 pcc 0.986 sep_end 3 first_sep 40 tag None (50.4s; 36438s total)
nat above None mN=1.091 I=64 rep 2859: frozen gen 360 pcc 1.000 sep_end 0 first_sep -1 tag None (0.3s; 36438s total)
nat cheap None mN=1.091 I=64 rep 2856: unresolved gen 100000 pcc 0.976 sep_end 3 first_sep 90 tag None (64.6s; 36444s total)
nat above None mN=1.091 I=64 rep 2860: frozen gen 300 pcc 1.000 sep_end 0 first_sep -1 tag None (0.3s; 36445s total)
nat cheap None mN=1.091 I=64 rep 2859: unresolved gen 100000 pcc 0.995 sep_end 1 first_sep 140 tag None (23.3s; 36462s total)
nat above None mN=1.091 I=64 rep 2861: frozen gen 245 pcc 1.000 sep_end 0 first_sep -1 tag None (0.2s; 36462s total)
nat cheap None mN=1.091 I=64 rep 2861: frozen gen 390 pcc 1.000 sep_end 0 first_sep -1 tag None (0.3s; 36462s total)
nat above None mN=1.091 I=64 rep 2862: frozen gen 310 pcc 1.000 sep_end 0 first_sep -1 tag None (0.4s; 36463s total)
nat cheap None mN=1.091 I=64 rep 2858: unresolved gen 100000 pcc 0.976 sep_end 3 first_sep 95 tag None (62.5s; 36494s total)
nat above None mN=1.091 I=64 rep 2863: frozen gen 285 pcc 1.000 sep_end 0 first_sep -1 tag None (0.2s; 36495s total)
nat cheap None mN=1.091 I=64 rep 2860: unresolved gen 100000 pcc 0.984 sep_end 1 first_sep 105 tag None (58.6s; 36503s total)
nat above None mN=1.091 I=64 rep 2864: frozen gen 280 pcc 1.000 sep_end 0 first_sep -1 tag None (0.6s; 36504s total)
nat cheap None mN=1.091 I=64 rep 2862: unresolved gen 100000 pcc 0.976 sep_end 1 first_sep 85 tag None (63.1s; 36526s total)
nat above None mN=1.091 I=64 rep 2865: frozen gen 320 pcc 1.000 sep_end 0 first_sep -1 tag None (0.2s; 36526s total)
nat cheap None mN=1.091 I=64 rep 2863: unresolved gen 100000 pcc 0.972 sep_end 1 first_sep 100 tag None (65.1s; 36560s total)
nat above None mN=1.091 I=64 rep 2866: frozen gen 315 pcc 1.000 sep_end 0 first_sep -1 tag None (0.3s; 36560s total)
nat cheap None mN=1.091 I=64 rep 2864: unresolved gen 100000 pcc 0.973 sep_end 3 first_sep 85 tag None (66.4s; 36570s total)
nat above None mN=1.091 I=64 rep 2867: frozen gen 320 pcc 1.000 sep_end 0 first_sep -1 tag None (0.3s; 36570s total)
nat cheap None mN=1.091 I=64 rep 2867: frozen gen 290 pcc 1.000 sep_end 0 first_sep -1 tag None (0.2s; 36571s total)
nat above None mN=1.091 I=64 rep 2868: frozen gen 300 pcc 1.000 sep_end 0 first_sep -1 tag None (0.3s; 36571s total)
nat cheap None mN=1.091 I=64 rep 2865: unresolved gen 100000 pcc 0.980 sep_end 1 first_sep 105 tag None (60.3s; 36586s total)
nat above None mN=1.091 I=64 rep 2869: frozen gen 280 pcc 1.000 sep_end 0 first_sep -1 tag None (0.3s; 36587s total)
nat cheap None mN=1.091 I=64 rep 2868: unresolved gen 100000 pcc 0.990 sep_end 1 first_sep 90 tag None (27.1s; 36598s total)
nat above None mN=1.091 I=64 rep 2870: frozen gen 450 pcc 1.000 sep_end 0 first_sep -1 tag None (0.4s; 36598s total)
nat cheap None mN=1.091 I=64 rep 2866: unresolved gen 100000 pcc 0.988 sep_end 1 first_sep 105 tag None (38.6s; 36598s total)
nat above None mN=1.091 I=64 rep 2871: frozen gen 305 pcc 1.000 sep_end 0 first_sep -1 tag None (0.3s; 36599s total)
nat cheap None mN=1.091 I=64 rep 2871: frozen gen 225 pcc 1.000 sep_end 0 first_sep -1 tag None (0.2s; 36599s total)
nat above None mN=1.091 I=64 rep 2872: frozen gen 345 pcc 1.000 sep_end 0 first_sep -1 tag None (0.3s; 36599s total)
nat cheap None mN=1.091 I=64 rep 2869: unresolved gen 100000 pcc 0.976 sep_end 1 first_sep 70 tag None (48.6s; 36635s total)
nat above None mN=1.091 I=64 rep 2873: frozen gen 205 pcc 1.000 sep_end 0 first_sep -1 tag None (0.2s; 36635s total)
nat cheap None mN=1.091 I=64 rep 2870: unresolved gen 100000 pcc 0.982 sep_end 1 first_sep 105 tag None (49.9s; 36648s total)
nat above None mN=1.091 I=64 rep 2874: frozen gen 280 pcc 1.000 sep_end 0 first_sep -1 tag None (0.3s; 36649s total)
nat cheap None mN=1.091 I=64 rep 2872: unresolved gen 100000 pcc 0.975 sep_end 3 first_sep 90 tag None (63.2s; 36663s total)
nat above None mN=1.091 I=64 rep 2875: frozen gen 305 pcc 1.000 sep_end 0 first_sep -1 tag None (0.4s; 36663s total)
nat cheap None mN=1.091 I=64 rep 2875: frozen gen 270 pcc 1.000 sep_end 0 first_sep -1 tag None (0.3s; 36663s total)
nat above None mN=1.091 I=64 rep 2876: frozen gen 290 pcc 1.000 sep_end 0 first_sep -1 tag None (0.2s; 36665s total)
nat cheap None mN=1.091 I=64 rep 2876: frozen gen 380 pcc 1.000 sep_end 0 first_sep -1 tag None (0.3s; 36665s total)
nat above None mN=1.091 I=64 rep 2877: frozen gen 285 pcc 1.000 sep_end 0 first_sep -1 tag None (0.3s; 36665s total)
nat cheap None mN=1.091 I=64 rep 2874: unresolved gen 100000 pcc 0.982 sep_end 1 first_sep 75 tag None (47.7s; 36696s total)
nat above None mN=1.091 I=64 rep 2878: frozen gen 280 pcc 1.000 sep_end 0 first_sep -1 tag None (0.3s; 36697s total)
nat cheap None mN=1.091 I=64 rep 2873: unresolved gen 100000 pcc 0.977 sep_end 1 first_sep 85 tag None (62.6s; 36698s total)
nat above None mN=1.091 I=64 rep 2879: frozen gen 310 pcc 1.000 sep_end 0 first_sep -1 tag None (0.3s; 36698s total)
nat cheap None mN=1.091 I=64 rep 2877: unresolved gen 100000 pcc 0.989 sep_end 1 first_sep 80 tag None (42.8s; 36707s total)
nat above None mN=1.091 I=64 rep 2880: frozen gen 295 pcc 1.000 sep_end 0 first_sep -1 tag None (0.3s; 36707s total)
nat cheap None mN=1.091 I=64 rep 2878: unresolved gen 100000 pcc 0.982 sep_end 1 first_sep 60 tag None (47.6s; 36744s total)
nat above None mN=1.091 I=64 rep 2881: frozen gen 385 pcc 1.000 sep_end 0 first_sep -1 tag None (0.4s; 36745s total)
nat cheap None mN=1.091 I=64 rep 2879: unresolved gen 100000 pcc 0.975 sep_end 1 first_sep 130 tag None (62.4s; 36761s total)
nat above None mN=1.091 I=64 rep 2882: frozen gen 310 pcc 1.000 sep_end 0 first_sep -1 tag None (0.3s; 36761s total)
nat cheap None mN=1.091 I=64 rep 2882: frozen gen 825 pcc 1.000 sep_end 0 first_sep 135 tag None (0.9s; 36762s total)
nat above None mN=1.091 I=64 rep 2883: frozen gen 270 pcc 1.000 sep_end 0 first_sep -1 tag None (0.2s; 36762s total)
nat cheap None mN=1.091 I=64 rep 2883: frozen gen 315 pcc 1.000 sep_end 0 first_sep -1 tag None (0.3s; 36762s total)
nat above None mN=1.091 I=64 rep 2884: frozen gen 340 pcc 1.000 sep_end 0 first_sep -1 tag None (0.3s; 36763s total)
nat cheap None mN=1.091 I=64 rep 2884: frozen gen 300 pcc 1.000 sep_end 0 first_sep -1 tag None (0.3s; 36763s total)
nat above None mN=1.091 I=64 rep 2885: frozen gen 320 pcc 1.000 sep_end 0 first_sep -1 tag None (0.3s; 36763s total)
nat cheap None mN=1.091 I=64 rep 2880: unresolved gen 100000 pcc 0.972 sep_end 3 first_sep 75 tag None (73.4s; 36781s total)
nat above None mN=1.091 I=64 rep 2886: frozen gen 380 pcc 1.000 sep_end 0 first_sep -1 tag None (0.3s; 36781s total)
nat cheap None mN=1.091 I=64 rep 2886: unresolved gen 100000 pcc 0.999 sep_end 1 first_sep 115 tag None (6.3s; 36787s total)
nat above None mN=1.091 I=64 rep 2887: frozen gen 275 pcc 1.000 sep_end 0 first_sep -1 tag None (0.3s; 36787s total)
nat cheap None mN=1.091 I=64 rep 2881: unresolved gen 100000 pcc 0.979 sep_end 3 first_sep 90 tag None (65.9s; 36811s total)
nat above None mN=1.091 I=64 rep 2888: frozen gen 440 pcc 1.000 sep_end 0 first_sep -1 tag None (0.4s; 36811s total)
nat cheap None mN=1.091 I=64 rep 2885: unresolved gen 100000 pcc 0.973 sep_end 1 first_sep 95 tag None (60.3s; 36823s total)
nat above None mN=1.091 I=64 rep 2889: frozen gen 275 pcc 1.000 sep_end 0 first_sep -1 tag None (0.2s; 36824s total)
nat cheap None mN=1.091 I=64 rep 2887: unresolved gen 100000 pcc 0.978 sep_end 1 first_sep 60 tag None (59.2s; 36847s total)
nat above None mN=1.091 I=64 rep 2890: frozen gen 295 pcc 1.000 sep_end 0 first_sep -1 tag None (0.3s; 36847s total)
nat cheap None mN=1.091 I=64 rep 2890: frozen gen 350 pcc 1.000 sep_end 0 first_sep -1 tag None (0.3s; 36847s total)
nat above None mN=1.091 I=64 rep 2891: frozen gen 315 pcc 1.000 sep_end 0 first_sep -1 tag None (0.3s; 36848s total)
nat cheap None mN=1.091 I=64 rep 2888: unresolved gen 100000 pcc 0.981 sep_end 1 first_sep 95 tag None (62.9s; 36874s total)
nat above None mN=1.091 I=64 rep 2892: frozen gen 270 pcc 1.000 sep_end 0 first_sep -1 tag None (0.2s; 36874s total)
nat cheap None mN=1.091 I=64 rep 2891: unresolved gen 100000 pcc 0.986 sep_end 3 first_sep 55 tag None (47.6s; 36895s total)
nat above None mN=1.091 I=64 rep 2893: frozen gen 250 pcc 1.000 sep_end 0 first_sep -1 tag None (0.2s; 36895s total)
nat cheap None mN=1.091 I=64 rep 2889: unresolved gen 100000 pcc 0.974 sep_end 3 first_sep 85 tag None (71.9s; 36896s total)
nat above None mN=1.091 I=64 rep 2894: frozen gen 365 pcc 1.000 sep_end 0 first_sep -1 tag None (0.3s; 36896s total)
nat cheap None mN=1.091 I=64 rep 2892: unresolved gen 100000 pcc 0.979 sep_end 1 first_sep 55 tag None (59.4s; 36934s total)
nat above None mN=1.091 I=64 rep 2895: frozen gen 670 pcc 1.000 sep_end 0 first_sep 105 tag None (0.6s; 36934s total)
nat cheap None mN=1.091 I=64 rep 2895: frozen gen 335 pcc 1.000 sep_end 0 first_sep -1 tag None (0.3s; 36934s total)
nat above None mN=1.091 I=64 rep 2896: frozen gen 330 pcc 1.000 sep_end 0 first_sep -1 tag None (0.3s; 36935s total)
nat cheap None mN=1.091 I=64 rep 2893: unresolved gen 100000 pcc 0.970 sep_end 3 first_sep 105 tag None (66.1s; 36962s total)
nat above None mN=1.091 I=64 rep 2897: frozen gen 365 pcc 1.000 sep_end 0 first_sep -1 tag None (0.3s; 36962s total)
nat cheap None mN=1.091 I=64 rep 2894: unresolved gen 100000 pcc 0.972 sep_end 3 first_sep 50 tag None (72.7s; 36969s total)
nat above None mN=1.091 I=64 rep 2898: frozen gen 250 pcc 1.000 sep_end 0 first_sep 110 tag None (0.3s; 36969s total)
nat cheap None mN=1.091 I=64 rep 2896: unresolved gen 100000 pcc 0.979 sep_end 1 first_sep 105 tag None (56.5s; 36991s total)
nat above None mN=1.091 I=64 rep 2899: frozen gen 1430 pcc 1.000 sep_end 0 first_sep 140 tag None (1.4s; 36993s total)
nat cheap None mN=1.091 I=64 rep 2899: frozen gen 755 pcc 1.000 sep_end 0 first_sep 115 tag None (0.8s; 36993s total)
nat above None mN=1.091 I=64 rep 2900: frozen gen 245 pcc 1.000 sep_end 0 first_sep -1 tag None (0.2s; 36994s total)
nat cheap None mN=1.091 I=64 rep 2898: unresolved gen 100000 pcc 0.992 sep_end 1 first_sep 55 tag None (34.5s; 37004s total)
nat above None mN=1.091 I=64 rep 2901: frozen gen 295 pcc 1.000 sep_end 0 first_sep -1 tag None (0.3s; 37005s total)
nat cheap None mN=1.091 I=64 rep 2897: unresolved gen 100000 pcc 0.980 sep_end 1 first_sep 95 tag None (59.6s; 37021s total)
nat above None mN=1.091 I=64 rep 2902: frozen gen 305 pcc 1.000 sep_end 0 first_sep -1 tag None (0.3s; 37022s total)
nat cheap None mN=1.091 I=64 rep 2901: unresolved gen 100000 pcc 0.992 sep_end 1 first_sep 45 tag None (20.0s; 37024s total)
nat above None mN=1.091 I=64 rep 2903: frozen gen 260 pcc 1.000 sep_end 0 first_sep -1 tag None (0.2s; 37024s total)
nat cheap None mN=1.091 I=64 rep 2900: unresolved gen 100000 pcc 0.979 sep_end 1 first_sep 65 tag None (52.6s; 37046s total)
nat above None mN=1.091 I=64 rep 2904: frozen gen 495 pcc 1.000 sep_end 0 first_sep -1 tag None (0.4s; 37047s total)
nat cheap None mN=1.091 I=64 rep 2904: frozen gen 685 pcc 1.000 sep_end 0 first_sep 125 tag None (0.8s; 37047s total)
nat above None mN=1.091 I=64 rep 2905: frozen gen 310 pcc 1.000 sep_end 0 first_sep -1 tag None (0.2s; 37048s total)
nat cheap None mN=1.091 I=64 rep 2905: unresolved gen 100000 pcc 0.994 sep_end 1 first_sep 80 tag None (19.8s; 37068s total)
nat above None mN=1.091 I=64 rep 2906: frozen gen 325 pcc 1.000 sep_end 0 first_sep -1 tag None (0.3s; 37068s total)
nat cheap None mN=1.091 I=64 rep 2902: unresolved gen 100000 pcc 0.986 sep_end 1 first_sep 90 tag None (58.3s; 37080s total)
nat above None mN=1.091 I=64 rep 2907: frozen gen 280 pcc 1.000 sep_end 0 first_sep -1 tag None (0.2s; 37080s total)
nat cheap None mN=1.091 I=64 rep 2907: frozen gen 280 pcc 1.000 sep_end 0 first_sep -1 tag None (0.2s; 37080s total)
nat above None mN=1.091 I=64 rep 2908: frozen gen 285 pcc 1.000 sep_end 0 first_sep -1 tag None (0.3s; 37081s total)
nat cheap None mN=1.091 I=64 rep 2908: frozen gen 395 pcc 1.000 sep_end 0 first_sep 75 tag None (0.5s; 37081s total)
nat above None mN=1.091 I=64 rep 2909: frozen gen 270 pcc 1.000 sep_end 0 first_sep -1 tag None (0.2s; 37081s total)
nat cheap None mN=1.091 I=64 rep 2903: unresolved gen 100000 pcc 0.979 sep_end 3 first_sep 75 tag None (61.9s; 37086s total)
nat above None mN=1.091 I=64 rep 2910: frozen gen 255 pcc 1.000 sep_end 0 first_sep 100 tag None (0.4s; 37086s total)
nat cheap None mN=1.091 I=64 rep 2906: unresolved gen 100000 pcc 0.965 sep_end 3 first_sep 60 tag None (69.6s; 37137s total)
nat above None mN=1.091 I=64 rep 2911: frozen gen 335 pcc 1.000 sep_end 0 first_sep -1 tag None (0.3s; 37138s total)
nat cheap None mN=1.091 I=64 rep 2911: frozen gen 305 pcc 1.000 sep_end 0 first_sep -1 tag None (0.3s; 37138s total)
nat above None mN=1.091 I=64 rep 2912: frozen gen 295 pcc 1.000 sep_end 0 first_sep -1 tag None (0.2s; 37138s total)
nat cheap None mN=1.091 I=64 rep 2912: frozen gen 355 pcc 1.000 sep_end 0 first_sep -1 tag None (0.3s; 37139s total)
nat above None mN=1.091 I=64 rep 2913: frozen gen 285 pcc 1.000 sep_end 0 first_sep -1 tag None (0.3s; 37139s total)
nat cheap None mN=1.091 I=64 rep 2909: unresolved gen 100000 pcc 0.977 sep_end 3 first_sep 70 tag None (57.5s; 37140s total)
nat cheap None mN=1.091 I=64 rep 2913: frozen gen 295 pcc 1.000 sep_end 0 first_sep -1 tag None (0.3s; 37140s total)
nat above None mN=1.091 I=64 rep 2914: frozen gen 340 pcc 1.000 sep_end 0 first_sep -1 tag None (0.3s; 37140s total)
nat above None mN=1.091 I=64 rep 2915: frozen gen 330 pcc 1.000 sep_end 0 first_sep -1 tag None (0.3s; 37140s total)
nat cheap None mN=1.091 I=64 rep 2910: unresolved gen 100000 pcc 0.981 sep_end 1 first_sep 95 tag None (61.1s; 37147s total)
nat above None mN=1.091 I=64 rep 2916: frozen gen 390 pcc 1.000 sep_end 0 first_sep -1 tag None (0.3s; 37148s total)
nat cheap None mN=1.091 I=64 rep 2914: unresolved gen 100000 pcc 0.989 sep_end 1 first_sep 135 tag None (38.8s; 37178s total)
nat above None mN=1.091 I=64 rep 2917: frozen gen 290 pcc 1.000 sep_end 0 first_sep -1 tag None (0.2s; 37178s total)
nat cheap None mN=1.091 I=64 rep 2915: unresolved gen 100000 pcc 0.982 sep_end 1 first_sep 100 tag None (47.8s; 37187s total)
nat above None mN=1.091 I=64 rep 2918: frozen gen 345 pcc 1.000 sep_end 0 first_sep -1 tag None (0.3s; 37188s total)
nat cheap None mN=1.091 I=64 rep 2916: unresolved gen 100000 pcc 0.977 sep_end 1 first_sep 55 tag None (61.8s; 37210s total)
nat above None mN=1.091 I=64 rep 2919: frozen gen 310 pcc 1.000 sep_end 0 first_sep -1 tag None (0.3s; 37210s total)
nat cheap None mN=1.091 I=64 rep 2919: frozen gen 1985 pcc 1.000 sep_end 0 first_sep 115 tag None (1.6s; 37211s total)
nat above None mN=1.091 I=64 rep 2920: frozen gen 245 pcc 1.000 sep_end 0 first_sep -1 tag None (0.2s; 37212s total)
nat cheap None mN=1.091 I=64 rep 2920: frozen gen 1555 pcc 1.000 sep_end 0 first_sep 90 tag None (1.6s; 37213s total)
nat above None mN=1.091 I=64 rep 2921: frozen gen 285 pcc 1.000 sep_end 0 first_sep -1 tag None (0.2s; 37213s total)
nat cheap None mN=1.091 I=64 rep 2921: frozen gen 340 pcc 1.000 sep_end 0 first_sep -1 tag None (0.3s; 37214s total)
nat above None mN=1.091 I=64 rep 2922: frozen gen 310 pcc 1.000 sep_end 0 first_sep -1 tag None (0.3s; 37214s total)
nat cheap None mN=1.091 I=64 rep 2917: unresolved gen 100000 pcc 0.976 sep_end 1 first_sep 100 tag None (60.8s; 37239s total)
nat above None mN=1.091 I=64 rep 2923: frozen gen 465 pcc 1.000 sep_end 0 first_sep -1 tag None (0.4s; 37239s total)
nat cheap None mN=1.091 I=64 rep 2918: unresolved gen 100000 pcc 0.978 sep_end 1 first_sep 125 tag None (60.2s; 37248s total)
nat above None mN=1.091 I=64 rep 2924: frozen gen 355 pcc 1.000 sep_end 0 first_sep -1 tag None (0.4s; 37248s total)
nat cheap None mN=1.091 I=64 rep 2922: unresolved gen 100000 pcc 0.986 sep_end 3 first_sep 90 tag None (39.7s; 37254s total)
nat above None mN=1.091 I=64 rep 2925: frozen gen 385 pcc 1.000 sep_end 0 first_sep -1 tag None (0.3s; 37254s total)
nat cheap None mN=1.091 I=64 rep 2924: unresolved gen 100000 pcc 0.987 sep_end 1 first_sep 105 tag None (34.6s; 37283s total)
nat above None mN=1.091 I=64 rep 2926: frozen gen 455 pcc 1.000 sep_end 0 first_sep -1 tag None (0.5s; 37284s total)
nat cheap None mN=1.091 I=64 rep 2926: frozen gen 420 pcc 1.000 sep_end 0 first_sep -1 tag None (0.3s; 37284s total)
nat above None mN=1.091 I=64 rep 2927: frozen gen 285 pcc 1.000 sep_end 0 first_sep -1 tag None (0.3s; 37284s total)
nat cheap None mN=1.091 I=64 rep 2923: unresolved gen 100000 pcc 0.971 sep_end 1 first_sep 85 tag None (58.9s; 37298s total)
nat above None mN=1.091 I=64 rep 2928: frozen gen 320 pcc 1.000 sep_end 0 first_sep -1 tag None (0.3s; 37299s total)
nat cheap None mN=1.091 I=64 rep 2925: unresolved gen 100000 pcc 0.979 sep_end 1 first_sep 50 tag None (61.3s; 37315s total)
nat above None mN=1.091 I=64 rep 2929: frozen gen 280 pcc 1.000 sep_end 0 first_sep -1 tag None (0.3s; 37316s total)
nat cheap None mN=1.091 I=64 rep 2928: unresolved gen 100000 pcc 0.989 sep_end 1 first_sep 60 tag None (32.7s; 37331s total)
nat above None mN=1.091 I=64 rep 2930: frozen gen 350 pcc 1.000 sep_end 0 first_sep -1 tag None (0.3s; 37332s total)
nat cheap None mN=1.091 I=64 rep 2930: frozen gen 1930 pcc 1.000 sep_end 0 first_sep 115 tag None (1.9s; 37334s total)
nat above None mN=1.091 I=64 rep 2931: frozen gen 350 pcc 1.000 sep_end 0 first_sep -1 tag None (0.4s; 37334s total)
nat cheap None mN=1.091 I=64 rep 2931: unresolved gen 100000 pcc 0.996 sep_end 1 first_sep 135 tag None (9.0s; 37343s total)
nat above None mN=1.091 I=64 rep 2932: frozen gen 360 pcc 1.000 sep_end 0 first_sep -1 tag None (0.3s; 37343s total)
nat cheap None mN=1.091 I=64 rep 2927: unresolved gen 100000 pcc 0.980 sep_end 1 first_sep 115 tag None (62.5s; 37346s total)
nat above None mN=1.091 I=64 rep 2933: frozen gen 290 pcc 1.000 sep_end 0 first_sep -1 tag None (0.3s; 37347s total)
nat cheap None mN=1.091 I=64 rep 2933: frozen gen 265 pcc 1.000 sep_end 0 first_sep -1 tag None (0.3s; 37347s total)
nat above None mN=1.091 I=64 rep 2934: frozen gen 300 pcc 1.000 sep_end 0 first_sep -1 tag None (0.3s; 37347s total)
nat cheap None mN=1.091 I=64 rep 2929: unresolved gen 100000 pcc 0.987 sep_end 1 first_sep 75 tag None (38.7s; 37354s total)
nat above None mN=1.091 I=64 rep 2935: frozen gen 230 pcc 1.000 sep_end 0 first_sep -1 tag None (0.2s; 37355s total)
nat cheap None mN=1.091 I=64 rep 2935: frozen gen 355 pcc 1.000 sep_end 0 first_sep -1 tag None (0.4s; 37355s total)
nat above None mN=1.091 I=64 rep 2936: frozen gen 390 pcc 1.000 sep_end 0 first_sep -1 tag None (0.3s; 37355s total)
nat cheap None mN=1.091 I=64 rep 2936: unresolved gen 100000 pcc 0.980 sep_end 1 first_sep 85 tag None (47.7s; 37403s total)
nat above None mN=1.091 I=64 rep 2937: frozen gen 285 pcc 1.000 sep_end 0 first_sep -1 tag None (0.2s; 37403s total)
nat cheap None mN=1.091 I=64 rep 2934: unresolved gen 100000 pcc 0.981 sep_end 1 first_sep 100 tag None (61.7s; 37409s total)
nat above None mN=1.091 I=64 rep 2938: frozen gen 325 pcc 1.000 sep_end 0 first_sep -1 tag None (0.2s; 37409s total)
nat cheap None mN=1.091 I=64 rep 2938: frozen gen 1490 pcc 1.000 sep_end 0 first_sep 60 tag None (1.5s; 37411s total)
nat above None mN=1.091 I=64 rep 2939: frozen gen 270 pcc 1.000 sep_end 0 first_sep -1 tag None (0.2s; 37411s total)
nat cheap None mN=1.091 I=64 rep 2932: unresolved gen 100000 pcc 0.976 sep_end 3 first_sep 120 tag None (69.2s; 37413s total)
nat above None mN=1.091 I=64 rep 2940: frozen gen 335 pcc 1.000 sep_end 0 first_sep -1 tag None (0.3s; 37413s total)
nat cheap None mN=1.091 I=64 rep 2940: frozen gen 2250 pcc 1.000 sep_end 0 first_sep 165 tag None (2.0s; 37415s total)
nat above None mN=1.091 I=64 rep 2941: frozen gen 255 pcc 1.000 sep_end 0 first_sep -1 tag None (0.3s; 37415s total)
nat cheap None mN=1.091 I=64 rep 2939: unresolved gen 100000 pcc 0.999 sep_end 1 first_sep 155 tag None (5.0s; 37416s total)
nat above None mN=1.091 I=64 rep 2942: frozen gen 235 pcc 1.000 sep_end 0 first_sep -1 tag None (0.2s; 37416s total)
nat cheap None mN=1.091 I=64 rep 2937: unresolved gen 100000 pcc 0.981 sep_end 1 first_sep 85 tag None (39.3s; 37443s total)
nat above None mN=1.091 I=64 rep 2943: frozen gen 325 pcc 1.000 sep_end 0 first_sep -1 tag None (0.3s; 37443s total)
nat cheap None mN=1.091 I=64 rep 2942: unresolved gen 100000 pcc 0.981 sep_end 1 first_sep 70 tag None (64.5s; 37481s total)
nat above None mN=1.091 I=64 rep 2944: frozen gen 320 pcc 1.000 sep_end 0 first_sep -1 tag None (0.3s; 37481s total)
nat cheap None mN=1.091 I=64 rep 2944: frozen gen 320 pcc 1.000 sep_end 0 first_sep -1 tag None (0.3s; 37481s total)
nat above None mN=1.091 I=64 rep 2945: frozen gen 290 pcc 1.000 sep_end 0 first_sep -1 tag None (0.3s; 37482s total)
nat cheap None mN=1.091 I=64 rep 2941: unresolved gen 100000 pcc 0.980 sep_end 3 first_sep 75 tag None (70.1s; 37485s total)
nat above None mN=1.091 I=64 rep 2946: frozen gen 315 pcc 1.000 sep_end 0 first_sep -1 tag None (0.4s; 37486s total)
nat cheap None mN=1.091 I=64 rep 2946: frozen gen 1770 pcc 1.000 sep_end 0 first_sep 135 tag None (1.6s; 37487s total)
nat above None mN=1.091 I=64 rep 2947: frozen gen 380 pcc 1.000 sep_end 0 first_sep -1 tag None (0.4s; 37488s total)
nat cheap None mN=1.091 I=64 rep 2947: frozen gen 290 pcc 1.000 sep_end 0 first_sep -1 tag None (0.3s; 37488s total)
nat above None mN=1.091 I=64 rep 2948: frozen gen 340 pcc 1.000 sep_end 0 first_sep -1 tag None (0.4s; 37488s total)
nat cheap None mN=1.091 I=64 rep 2943: unresolved gen 100000 pcc 0.971 sep_end 3 first_sep 100 tag None (73.5s; 37516s total)
nat above None mN=1.091 I=64 rep 2949: frozen gen 330 pcc 1.000 sep_end 0 first_sep -1 tag None (0.3s; 37517s total)
nat cheap None mN=1.091 I=64 rep 2945: unresolved gen 100000 pcc 0.978 sep_end 3 first_sep 105 tag None (71.0s; 37553s total)
nat above None mN=1.091 I=64 rep 2950: frozen gen 280 pcc 1.000 sep_end 0 first_sep -1 tag None (0.2s; 37553s total)
nat cheap None mN=1.091 I=64 rep 2948: unresolved gen 100000 pcc 0.971 sep_end 3 first_sep 60 tag None (66.7s; 37555s total)
nat above None mN=1.091 I=64 rep 2951: frozen gen 270 pcc 1.000 sep_end 0 first_sep -1 tag None (0.3s; 37557s total)
nat cheap None mN=1.091 I=64 rep 2949: unresolved gen 100000 pcc 0.987 sep_end 1 first_sep 105 tag None (44.3s; 37561s total)
nat above None mN=1.091 I=64 rep 2952: frozen gen 295 pcc 1.000 sep_end 0 first_sep -1 tag None (0.3s; 37561s total)
nat cheap None mN=1.091 I=64 rep 2950: unresolved gen 100000 pcc 0.991 sep_end 1 first_sep 60 tag None (18.0s; 37571s total)
nat above None mN=1.091 I=64 rep 2953: frozen gen 275 pcc 1.000 sep_end 0 first_sep -1 tag None (0.3s; 37571s total)
nat cheap None mN=1.091 I=64 rep 2953: unresolved gen 100000 pcc 0.995 sep_end 1 first_sep 75 tag None (18.6s; 37590s total)
nat above None mN=1.091 I=64 rep 2954: frozen gen 335 pcc 1.000 sep_end 0 first_sep -1 tag None (0.3s; 37590s total)
nat cheap None mN=1.091 I=64 rep 2954: frozen gen 255 pcc 1.000 sep_end 0 first_sep 85 tag None (0.3s; 37590s total)
nat above None mN=1.091 I=64 rep 2955: frozen gen 330 pcc 1.000 sep_end 0 first_sep -1 tag None (0.3s; 37591s total)
nat cheap None mN=1.091 I=64 rep 2955: frozen gen 280 pcc 1.000 sep_end 0 first_sep -1 tag None (0.2s; 37591s total)
nat above None mN=1.091 I=64 rep 2956: frozen gen 280 pcc 1.000 sep_end 0 first_sep -1 tag None (0.3s; 37591s total)
nat cheap None mN=1.091 I=64 rep 2956: unresolved gen 100000 pcc 0.995 sep_end 1 first_sep 75 tag None (19.9s; 37611s total)
nat above None mN=1.091 I=64 rep 2957: frozen gen 335 pcc 1.000 sep_end 0 first_sep -1 tag None (0.3s; 37611s total)
nat cheap None mN=1.091 I=64 rep 2957: frozen gen 310 pcc 1.000 sep_end 0 first_sep -1 tag None (0.3s; 37612s total)
nat cheap None mN=1.091 I=64 rep 2951: unresolved gen 100000 pcc 0.981 sep_end 1 first_sep 130 tag None (56.2s; 37612s total)
nat above None mN=1.091 I=64 rep 2958: frozen gen 295 pcc 1.000 sep_end 0 first_sep -1 tag None (0.4s; 37612s total)
nat above None mN=1.091 I=64 rep 2959: frozen gen 290 pcc 1.000 sep_end 0 first_sep -1 tag None (0.3s; 37612s total)
nat cheap None mN=1.091 I=64 rep 2959: frozen gen 1270 pcc 1.000 sep_end 0 first_sep 170 tag None (1.4s; 37614s total)
nat above None mN=1.091 I=64 rep 2960: frozen gen 270 pcc 1.000 sep_end 0 first_sep -1 tag None (0.3s; 37614s total)
nat cheap None mN=1.091 I=64 rep 2952: unresolved gen 100000 pcc 0.976 sep_end 1 first_sep 60 tag None (58.3s; 37620s total)
nat above None mN=1.091 I=64 rep 2961: frozen gen 305 pcc 1.000 sep_end 0 first_sep -1 tag None (0.3s; 37620s total)
nat cheap None mN=1.091 I=64 rep 2960: unresolved gen 100000 pcc 0.993 sep_end 1 first_sep 60 tag None (25.7s; 37640s total)
nat above None mN=1.091 I=64 rep 2962: frozen gen 345 pcc 1.000 sep_end 0 first_sep -1 tag None (0.6s; 37640s total)
nat cheap None mN=1.091 I=64 rep 2958: unresolved gen 100000 pcc 0.991 sep_end 1 first_sep 75 tag None (36.7s; 37648s total)
nat above None mN=1.091 I=64 rep 2963: frozen gen 260 pcc 1.000 sep_end 0 first_sep -1 tag None (0.3s; 37649s total)
nat cheap None mN=1.091 I=64 rep 2961: unresolved gen 100000 pcc 0.985 sep_end 1 first_sep 90 tag None (41.5s; 37661s total)
nat above None mN=1.091 I=64 rep 2964: frozen gen 275 pcc 1.000 sep_end 0 first_sep -1 tag None (0.2s; 37662s total)
nat cheap None mN=1.091 I=64 rep 2964: unresolved gen 100000 pcc 0.996 sep_end 1 first_sep 185 tag None (16.6s; 37678s total)
nat above None mN=1.091 I=64 rep 2965: frozen gen 255 pcc 1.000 sep_end 0 first_sep -1 tag None (0.3s; 37678s total)
nat cheap None mN=1.091 I=64 rep 2965: frozen gen 1480 pcc 1.000 sep_end 0 first_sep 95 tag None (1.4s; 37680s total)
nat above None mN=1.091 I=64 rep 2966: frozen gen 280 pcc 1.000 sep_end 0 first_sep -1 tag None (0.2s; 37680s total)
nat cheap None mN=1.091 I=64 rep 2963: unresolved gen 100000 pcc 0.980 sep_end 1 first_sep 105 tag None (52.6s; 37701s total)
nat above None mN=1.091 I=64 rep 2967: frozen gen 300 pcc 1.000 sep_end 0 first_sep -1 tag None (0.3s; 37702s total)
nat cheap None mN=1.091 I=64 rep 2967: frozen gen 375 pcc 1.000 sep_end 0 first_sep -1 tag None (0.4s; 37702s total)
nat cheap None mN=1.091 I=64 rep 2962: unresolved gen 100000 pcc 0.979 sep_end 1 first_sep 85 tag None (61.8s; 37702s total)
nat above None mN=1.091 I=64 rep 2968: frozen gen 280 pcc 1.000 sep_end 0 first_sep -1 tag None (0.3s; 37702s total)
nat above None mN=1.091 I=64 rep 2969: frozen gen 280 pcc 1.000 sep_end 0 first_sep -1 tag None (0.3s; 37703s total)
nat cheap None mN=1.091 I=64 rep 2969: frozen gen 1875 pcc 1.000 sep_end 0 first_sep 105 tag None (2.0s; 37705s total)
nat above None mN=1.091 I=64 rep 2970: frozen gen 325 pcc 1.000 sep_end 0 first_sep -1 tag None (0.3s; 37705s total)
nat cheap None mN=1.091 I=64 rep 2966: unresolved gen 100000 pcc 0.979 sep_end 1 first_sep 125 tag None (48.4s; 37729s total)
nat above None mN=1.091 I=64 rep 2971: frozen gen 290 pcc 1.000 sep_end 0 first_sep -1 tag None (0.3s; 37729s total)
nat cheap None mN=1.091 I=64 rep 2968: unresolved gen 100000 pcc 0.983 sep_end 1 first_sep 60 tag None (39.9s; 37742s total)
nat above None mN=1.091 I=64 rep 2972: frozen gen 490 pcc 1.000 sep_end 0 first_sep -1 tag None (0.5s; 37743s total)
nat cheap None mN=1.091 I=64 rep 2970: unresolved gen 100000 pcc 0.979 sep_end 1 first_sep 65 tag None (55.9s; 37761s total)
nat above None mN=1.091 I=64 rep 2973: frozen gen 335 pcc 1.000 sep_end 0 first_sep -1 tag None (0.3s; 37761s total)
nat cheap None mN=1.091 I=64 rep 2973: frozen gen 320 pcc 1.000 sep_end 0 first_sep -1 tag None (0.3s; 37762s total)
nat above None mN=1.091 I=64 rep 2974: frozen gen 340 pcc 1.000 sep_end 0 first_sep -1 tag None (0.3s; 37762s total)
nat cheap None mN=1.091 I=64 rep 2971: unresolved gen 100000 pcc 0.973 sep_end 1 first_sep 75 tag None (63.3s; 37792s total)
nat above None mN=1.091 I=64 rep 2975: frozen gen 290 pcc 1.000 sep_end 0 first_sep -1 tag None (0.3s; 37792s total)
nat cheap None mN=1.091 I=64 rep 2975: unresolved gen 100000 pcc 0.996 sep_end 1 first_sep 150 tag None (13.2s; 37806s total)
nat above None mN=1.091 I=64 rep 2976: frozen gen 270 pcc 1.000 sep_end 0 first_sep -1 tag None (0.3s; 37807s total)
nat cheap None mN=1.091 I=64 rep 2972: unresolved gen 100000 pcc 0.961 sep_end 3 first_sep 105 tag None (67.9s; 37810s total)
nat above None mN=1.091 I=64 rep 2977: frozen gen 405 pcc 1.000 sep_end 0 first_sep -1 tag None (0.4s; 37811s total)
nat cheap None mN=1.091 I=64 rep 2977: frozen gen 3675 pcc 1.000 sep_end 0 first_sep 115 tag None (2.6s; 37813s total)
nat above None mN=1.091 I=64 rep 2978: frozen gen 285 pcc 1.000 sep_end 0 first_sep -1 tag None (0.3s; 37814s total)
nat cheap None mN=1.091 I=64 rep 2974: unresolved gen 100000 pcc 0.981 sep_end 3 first_sep 95 tag None (65.5s; 37827s total)
nat above None mN=1.091 I=64 rep 2979: frozen gen 300 pcc 1.000 sep_end 0 first_sep -1 tag None (0.3s; 37828s total)
nat cheap None mN=1.091 I=64 rep 2979: unresolved gen 100000 pcc 0.996 sep_end 1 first_sep 145 tag None (20.3s; 37848s total)
nat above None mN=1.091 I=64 rep 2980: frozen gen 295 pcc 1.000 sep_end 0 first_sep -1 tag None (0.3s; 37848s total)
nat cheap None mN=1.091 I=64 rep 2980: frozen gen 270 pcc 1.000 sep_end 0 first_sep -1 tag None (0.3s; 37849s total)
nat above None mN=1.091 I=64 rep 2981: frozen gen 245 pcc 1.000 sep_end 0 first_sep -1 tag None (0.2s; 37849s total)
nat cheap None mN=1.091 I=64 rep 2976: unresolved gen 100000 pcc 0.975 sep_end 1 first_sep 80 tag None (63.7s; 37870s total)
nat above None mN=1.091 I=64 rep 2982: frozen gen 335 pcc 1.000 sep_end 0 first_sep -1 tag None (0.3s; 37870s total)
nat cheap None mN=1.091 I=64 rep 2978: unresolved gen 100000 pcc 0.984 sep_end 1 first_sep 95 tag None (59.0s; 37873s total)
nat above None mN=1.091 I=64 rep 2983: frozen gen 255 pcc 1.000 sep_end 0 first_sep -1 tag None (0.3s; 37873s total)
nat cheap None mN=1.091 I=64 rep 2983: frozen gen 1955 pcc 1.000 sep_end 0 first_sep 65 tag None (2.1s; 37875s total)
nat above None mN=1.091 I=64 rep 2984: frozen gen 320 pcc 1.000 sep_end 0 first_sep -1 tag None (0.3s; 37875s total)
nat cheap None mN=1.091 I=64 rep 2984: frozen gen 2050 pcc 1.000 sep_end 0 first_sep 85 tag None (2.2s; 37878s total)
nat above None mN=1.091 I=64 rep 2985: frozen gen 270 pcc 1.000 sep_end 0 first_sep -1 tag None (0.2s; 37878s total)
nat cheap None mN=1.091 I=64 rep 2982: unresolved gen 100000 pcc 0.984 sep_end 1 first_sep 80 tag None (41.0s; 37911s total)
nat above None mN=1.091 I=64 rep 2986: frozen gen 275 pcc 1.000 sep_end 0 first_sep -1 tag None (0.3s; 37911s total)
nat cheap None mN=1.091 I=64 rep 2986: frozen gen 295 pcc 1.000 sep_end 0 first_sep -1 tag None (0.3s; 37912s total)
nat above None mN=1.091 I=64 rep 2987: frozen gen 330 pcc 1.000 sep_end 0 first_sep -1 tag None (0.3s; 37912s total)
nat cheap None mN=1.091 I=64 rep 2981: unresolved gen 100000 pcc 0.979 sep_end 3 first_sep 65 tag None (68.7s; 37917s total)
nat above None mN=1.091 I=64 rep 2988: frozen gen 330 pcc 1.000 sep_end 0 first_sep -1 tag None (0.3s; 37918s total)
nat cheap None mN=1.091 I=64 rep 2988: frozen gen 360 pcc 1.000 sep_end 0 first_sep -1 tag None (0.3s; 37919s total)
nat above None mN=1.091 I=64 rep 2989: frozen gen 290 pcc 1.000 sep_end 0 first_sep -1 tag None (0.3s; 37919s total)
nat cheap None mN=1.091 I=64 rep 2985: unresolved gen 100000 pcc 0.971 sep_end 3 first_sep 55 tag None (72.6s; 37951s total)
nat above None mN=1.091 I=64 rep 2990: frozen gen 315 pcc 1.000 sep_end 0 first_sep -1 tag None (0.3s; 37951s total)
nat cheap None mN=1.091 I=64 rep 2987: unresolved gen 100000 pcc 0.984 sep_end 1 first_sep 95 tag None (62.4s; 37974s total)
nat above None mN=1.091 I=64 rep 2991: frozen gen 300 pcc 1.000 sep_end 0 first_sep -1 tag None (0.2s; 37975s total)
nat cheap None mN=1.091 I=64 rep 2991: frozen gen 440 pcc 1.000 sep_end 0 first_sep 60 tag None (0.5s; 37975s total)
nat above None mN=1.091 I=64 rep 2992: frozen gen 290 pcc 1.000 sep_end 0 first_sep -1 tag None (0.3s; 37975s total)
nat cheap None mN=1.091 I=64 rep 2989: unresolved gen 100000 pcc 0.982 sep_end 1 first_sep 60 tag None (64.8s; 37983s total)
nat above None mN=1.091 I=64 rep 2993: frozen gen 335 pcc 1.000 sep_end 0 first_sep -1 tag None (0.3s; 37983s total)
nat cheap None mN=1.091 I=64 rep 2990: unresolved gen 100000 pcc 0.983 sep_end 1 first_sep 85 tag None (55.6s; 38007s total)
nat above None mN=1.091 I=64 rep 2994: frozen gen 290 pcc 1.000 sep_end 0 first_sep -1 tag None (0.3s; 38007s total)
nat cheap None mN=1.091 I=64 rep 2992: unresolved gen 100000 pcc 0.979 sep_end 3 first_sep 85 tag None (56.4s; 38032s total)
nat above None mN=1.091 I=64 rep 2995: frozen gen 260 pcc 1.000 sep_end 0 first_sep -1 tag None (0.2s; 38032s total)
nat cheap None mN=1.091 I=64 rep 2994: unresolved gen 100000 pcc 0.990 sep_end 1 first_sep 100 tag None (29.8s; 38037s total)
nat above None mN=1.091 I=64 rep 2996: frozen gen 265 pcc 1.000 sep_end 0 first_sep -1 tag None (0.2s; 38037s total)
nat cheap None mN=1.091 I=64 rep 2993: unresolved gen 100000 pcc 0.983 sep_end 3 first_sep 65 tag None (65.1s; 38049s total)
nat above None mN=1.091 I=64 rep 2997: frozen gen 345 pcc 1.000 sep_end 0 first_sep -1 tag None (0.3s; 38049s total)
nat cheap None mN=1.091 I=64 rep 2996: unresolved gen 100000 pcc 0.992 sep_end 1 first_sep 135 tag None (13.1s; 38050s total)
nat above None mN=1.091 I=64 rep 2998: frozen gen 365 pcc 1.000 sep_end 0 first_sep -1 tag None (0.3s; 38050s total)
nat cheap None mN=1.091 I=64 rep 2995: unresolved gen 100000 pcc 0.975 sep_end 3 first_sep 85 tag None (66.8s; 38099s total)
nat above None mN=1.091 I=64 rep 2999: frozen gen 340 pcc 1.000 sep_end 0 first_sep -1 tag None (0.2s; 38099s total)
nat cheap None mN=1.091 I=64 rep 2998: unresolved gen 100000 pcc 0.984 sep_end 1 first_sep 90 tag None (61.0s; 38111s total)
nat cheap None mN=1.091 I=64 rep 2997: unresolved gen 100000 pcc 0.980 sep_end 1 first_sep 130 tag None (63.0s; 38112s total)
nat cheap None mN=1.091 I=64 rep 2999: unresolved gen 100000 pcc 0.981 sep_end 1 first_sep 55 tag None (53.1s; 38152s total)
