2988 block jobs to run (0 cached)
torus 64 (0.0, 0.0, 0.0, 0.0): half 0/0 rho 4.883e-04 [4.9e-04, 4.9e-04] pfix 0.50 (0s) analytic
torus 64 (0.0, -2.0, 1.0, 0.0): half 0/100000 rho 0.000e+00 [0.0e+00, 3.8e-05] pfix - (63s)
torus 64 (0.0, -1.0, -1.0, -1.0): half 206/2000 rho 1.030e-01 [9.0e-02, 1.2e-01] pfix 1.00 (14s)
torus 64 (-1.0, -1.0, -1.0, 0.0): half 0/100000 rho 0.000e+00 [0.0e+00, 3.8e-05] pfix - (83s)
torus 64 (-1.0, 1.0, -2.0, 0.0): half 330/2000 rho 1.650e-01 [1.5e-01, 1.8e-01] pfix 1.00 (24s)
torus 64 (0.0, -1.0, -1.0, 0.0): half 0/100000 rho 0.000e+00 [0.0e+00, 3.8e-05] pfix - (104s)
torus 64 (0.0, -1.06, -1.02, 0.0): half 0/100000 rho 0.000e+00 [0.0e+00, 3.8e-05] pfix - (100s)
torus 64 (0.0, -1.02, -1.06, 0.0): half 0/100000 rho 0.000e+00 [0.0e+00, 3.8e-05] pfix - (104s)
torus 64 (0.0, -0.02, -0.04, 0.0): half 22/22000 rho 1.000e-03 [6.6e-04, 1.5e-03] pfix 0.95 (149s)
torus 64 (0.0, -1.6, -1.2, 0.0): half 0/100000 rho 0.000e+00 [0.0e+00, 3.8e-05] pfix - (78s)
torus 64 (0.0, -0.2, -0.4, 0.0): half 21/4000 rho 5.250e-03 [3.4e-03, 8.0e-03] pfix 1.00 (23s)
torus 32 (0.0, 0.0, 0.0, 0.0): half 0/0 rho 1.953e-03 [2.0e-03, 2.0e-03] pfix 0.50 (0s) analytic
torus 32 (0.0, -1.0, -1.0, 0.0): half 0/100000 rho 0.000e+00 [0.0e+00, 3.8e-05] pfix - (26s)
torus 32 (0.0, -2.0, 1.0, 0.0): half 0/100000 rho 0.000e+00 [0.0e+00, 3.8e-05] pfix - (15s)
torus 32 (0.0, -1.0, -1.0, -1.0): half 210/2000 rho 1.050e-01 [9.2e-02, 1.2e-01] pfix 1.00 (2s)
torus 32 (-1.0, 1.0, -2.0, 0.0): half 319/2000 rho 1.595e-01 [1.4e-01, 1.8e-01] pfix 1.00 (4s)
torus 32 (-1.0, -1.0, -1.0, 0.0): half 0/100000 rho 0.000e+00 [0.0e+00, 3.8e-05] pfix - (21s)
torus 64 (0.0, -1.2, -1.6, 0.0): half 9/100000 rho 9.000e-05 [4.7e-05, 1.7e-04] pfix 1.00 (106s)
torus 32 (0.0, -0.02, -0.04, 0.0): half 21/8000 rho 2.625e-03 [1.7e-03, 4.0e-03] pfix 0.79 (11s)
torus 32 (0.0, -1.06, -1.02, 0.0): half 0/100000 rho 0.000e+00 [0.0e+00, 3.8e-05] pfix - (25s)
torus 32 (0.0, -1.02, -1.06, 0.0): half 0/100000 rho 0.000e+00 [0.0e+00, 3.8e-05] pfix - (28s)
torus 32 (0.0, -0.2, -0.4, 0.0): half 35/6000 rho 5.833e-03 [4.2e-03, 8.1e-03] pfix 1.00 (6s)
torus 32 (0.0, -1.6, -1.2, 0.0): half 0/100000 rho 0.000e+00 [0.0e+00, 3.8e-05] pfix - (21s)
hypercube 10 (0.0, 0.0, 0.0, 0.0): half 0/0 rho 1.953e-03 [2.0e-03, 2.0e-03] pfix 0.50 (0s) analytic
torus 32 (0.0, -1.2, -1.6, 0.0): half 5/100000 rho 5.000e-05 [2.1e-05, 1.2e-04] pfix 1.00 (28s)
hypercube 10 (0.0, -2.0, 1.0, 0.0): half 0/100000 rho 0.000e+00 [0.0e+00, 3.8e-05] pfix - (30s)
hypercube 10 (0.0, -1.0, -1.0, -1.0): half 88/2000 rho 4.400e-02 [3.6e-02, 5.4e-02] pfix 1.00 (3s)
hypercube 10 (-1.0, 1.0, -2.0, 0.0): half 427/2000 rho 2.135e-01 [2.0e-01, 2.3e-01] pfix 1.00 (3s)
hypercube 10 (0.0, -1.0, -1.0, 0.0): half 0/100000 rho 0.000e+00 [0.0e+00, 3.8e-05] pfix - (39s)
hypercube 10 (-1.0, -1.0, -1.0, 0.0): half 0/100000 rho 0.000e+00 [0.0e+00, 3.8e-05] pfix - (38s)
hypercube 10 (0.0, -1.06, -1.02, 0.0): half 0/100000 rho 0.000e+00 [0.0e+00, 3.8e-05] pfix - (38s)
hypercube 10 (0.0, -1.02, -1.06, 0.0): half 0/100000 rho 0.000e+00 [0.0e+00, 3.8e-05] pfix - (39s)
hypercube 10 (0.0, -0.02, -0.04, 0.0): half 25/22000 rho 1.136e-03 [7.7e-04, 1.7e-03] pfix 0.75 (31s)
hypercube 10 (0.0, -1.6, -1.2, 0.0): half 0/100000 rho 0.000e+00 [0.0e+00, 3.8e-05] pfix - (33s)
hypercube 10 (0.0, -1.2, -1.6, 0.0): half 0/100000 rho 0.000e+00 [0.0e+00, 3.8e-05] pfix - (37s)
torus 16 (0.0, -1.0, -1.0, 0.0): half 4/100000 rho 4.000e-05 [1.6e-05, 1.0e-04] pfix 0.75 (7s)
torus 16 (0.0, 0.0, 0.0, 0.0): half 27/4000 rho 6.752e-03 [4.6e-03, 9.8e-03] pfix 0.40 (1s)
torus 16 (0.0, -2.0, 1.0, 0.0): half 0/100000 rho 0.000e+00 [0.0e+00, 3.8e-05] pfix - (4s)
torus 16 (0.0, -1.0, -1.0, -1.0): half 218/2000 rho 1.090e-01 [9.6e-02, 1.2e-01] pfix 1.00 (0s)
torus 16 (-1.0, 1.0, -2.0, 0.0): half 301/2000 rho 1.505e-01 [1.4e-01, 1.7e-01] pfix 1.00 (1s)
torus 16 (-1.0, -1.0, -1.0, 0.0): half 0/100000 rho 0.000e+00 [0.0e+00, 3.8e-05] pfix - (6s)
torus 16 (0.0, -1.06, -1.02, 0.0): half 4/100000 rho 4.000e-05 [1.6e-05, 1.0e-04] pfix 0.00 (7s)
torus 16 (0.0, -0.02, -0.04, 0.0): half 24/4000 rho 6.000e-03 [4.0e-03, 8.9e-03] pfix 0.60 (1s)
torus 16 (0.0, -1.02, -1.06, 0.0): half 4/100000 rho 4.000e-05 [1.6e-05, 1.0e-04] pfix 0.50 (7s)
torus 16 (0.0, -1.2, -1.6, 0.0): half 21/68000 rho 3.088e-04 [2.0e-04, 4.7e-04] pfix 0.85 (5s)
torus 16 (0.0, -1.6, -1.2, 0.0): half 0/100000 rho 0.000e+00 [0.0e+00, 3.8e-05] pfix - (5s)
torus 16 (0.0, -0.2, -0.4, 0.0): half 30/4000 rho 7.500e-03 [5.3e-03, 1.1e-02] pfix 0.90 (1s)
hypercube 8 (0.0, 0.0, 0.0, 0.0): half 26/4000 rho 6.500e-03 [4.4e-03, 9.5e-03] pfix 0.42 (1s)
hypercube 8 (0.0, -2.0, 1.0, 0.0): half 0/100000 rho 0.000e+00 [0.0e+00, 3.8e-05] pfix - (6s)
hypercube 8 (0.0, -1.0, -1.0, 0.0): half 0/100000 rho 0.000e+00 [0.0e+00, 3.8e-05] pfix - (8s)
hypercube 8 (0.0, -1.0, -1.0, -1.0): half 126/2000 rho 6.300e-02 [5.3e-02, 7.5e-02] pfix 1.00 (0s)
hypercube 8 (-1.0, 1.0, -2.0, 0.0): half 428/2000 rho 2.140e-01 [2.0e-01, 2.3e-01] pfix 1.00 (1s)
hypercube 10 (0.0, -0.2, -0.4, 0.0): half 0/100000 rho 0.000e+00 [0.0e+00, 3.8e-05] pfix - (68s)
hypercube 8 (-1.0, -1.0, -1.0, 0.0): half 0/100000 rho 0.000e+00 [0.0e+00, 3.8e-05] pfix - (8s)
hypercube 8 (0.0, -0.02, -0.04, 0.0): half 29/4000 rho 7.250e-03 [5.1e-03, 1.0e-02] pfix 0.65 (1s)
hypercube 8 (0.0, -1.06, -1.02, 0.0): half 0/100000 rho 0.000e+00 [0.0e+00, 3.8e-05] pfix - (9s)
hypercube 8 (0.0, -1.02, -1.06, 0.0): half 0/100000 rho 0.000e+00 [0.0e+00, 3.8e-05] pfix - (8s)
hypercube 8 (0.0, -1.6, -1.2, 0.0): half 0/100000 rho 0.000e+00 [0.0e+00, 3.8e-05] pfix - (7s)
hypercube 6 (0.0, -1.0, -1.0, 0.0): half 24/10000 rho 2.400e-03 [1.6e-03, 3.6e-03] pfix 0.50 (0s)
hypercube 6 (0.0, 0.0, 0.0, 0.0): half 70/2000 rho 3.500e-02 [2.8e-02, 4.4e-02] pfix 0.70 (0s)
hypercube 8 (0.0, -0.2, -0.4, 0.0): half 22/16000 rho 1.375e-03 [9.1e-04, 2.1e-03] pfix 0.70 (3s)
hypercube 6 (0.0, -2.0, 1.0, 0.0): half 0/100000 rho 0.000e+00 [0.0e+00, 3.8e-05] pfix - (1s)
hypercube 6 (0.0, -1.0, -1.0, -1.0): half 162/2000 rho 8.100e-02 [7.0e-02, 9.4e-02] pfix 0.90 (0s)
hypercube 6 (-1.0, 1.0, -2.0, 0.0): half 401/2000 rho 2.005e-01 [1.8e-01, 2.2e-01] pfix 1.00 (0s)
hypercube 6 (0.0, -1.06, -1.02, 0.0): half 22/16000 rho 1.375e-03 [9.1e-04, 2.1e-03] pfix 0.55 (0s)
hypercube 6 (0.0, -1.02, -1.06, 0.0): half 20/12000 rho 1.667e-03 [1.1e-03, 2.6e-03] pfix 0.55 (0s)
hypercube 6 (0.0, -0.02, -0.04, 0.0): half 59/2000 rho 2.950e-02 [2.3e-02, 3.8e-02] pfix 0.65 (0s)
hypercube 8 (0.0, -1.2, -1.6, 0.0): half 0/100000 rho 0.000e+00 [0.0e+00, 3.8e-05] pfix - (8s)
hypercube 6 (0.0, -1.2, -1.6, 0.0): half 20/20000 rho 1.000e-03 [6.5e-04, 1.5e-03] pfix 0.90 (0s)
hypercube 6 (0.0, -0.2, -0.4, 0.0): half 45/2000 rho 2.250e-02 [1.7e-02, 3.0e-02] pfix 0.70 (0s)
hypercube 6 (-1.0, -1.0, -1.0, 0.0): half 14/100000 rho 1.400e-04 [8.3e-05, 2.4e-04] pfix 0.00 (2s)
hypercube 6 (0.0, -1.6, -1.2, 0.0): half 9/100000 rho 9.000e-05 [4.7e-05, 1.7e-04] pfix 0.44 (2s)
torus 64 (-1.0, -1.0, -1.0, -1.0): half 0/0 rho 4.883e-04 [4.9e-04, 4.9e-04] pfix 0.50 (0s) analytic
torus 64 (-1.0, -2.0, 1.0, -1.0): half 0/100000 rho 0.000e+00 [0.0e+00, 3.8e-05] pfix - (87s)
torus 64 (0.0, -2.0, 1.0, -1.0): half 0/100000 rho 0.000e+00 [0.0e+00, 3.8e-05] pfix - (104s)
torus 64 (0.0, 1.0, -2.0, 0.0): half 452/2000 rho 2.260e-01 [2.1e-01, 2.4e-01] pfix 1.00 (23s)
torus 64 (-1.0, 0.0, 0.0, 0.0): half 0/100000 rho 0.000e+00 [0.0e+00, 3.8e-05] pfix - (153s)
torus 64 (-1.0, -2.0, 1.0, 0.0): half 0/100000 rho 0.000e+00 [0.0e+00, 3.8e-05] pfix - (79s)
torus 64 (-1.0, -1.02, -1.03, 0.0): half 0/100000 rho 0.000e+00 [0.0e+00, 3.8e-05] pfix - (93s)
torus 64 (-1.0, -1.03, -1.04, 0.0): half 0/100000 rho 0.000e+00 [0.0e+00, 3.8e-05] pfix - (90s)
torus 64 (0.0, -0.01, -0.01, 0.0): half 10/24000 rho 4.167e-04 [2.3e-04, 7.7e-04] pfix 0.60 (174s)
torus 64 (0.0, -2.03, 0.98, 0.0): half 0/100000 rho 0.000e+00 [0.0e+00, 3.8e-05] pfix - (65s)
torus 64 (-1.0, -0.01, -0.01, 0.0): half 0/100000 rho 0.000e+00 [0.0e+00, 3.8e-05] pfix - (130s)
torus 64 (-1.0, -2.02, 0.98, 0.0): half 0/100000 rho 0.000e+00 [0.0e+00, 3.8e-05] pfix - (60s)
torus 64 (0.0, -1.01, -1.02, 0.0): half 0/100000 rho 0.000e+00 [0.0e+00, 3.8e-05] pfix - (104s)
torus 64 (-1.0, -2.03, 0.98, 0.0): half 0/100000 rho 0.000e+00 [0.0e+00, 3.8e-05] pfix - (60s)
torus 64 (-1.0, -1.01, -1.02, 0.0): half 0/100000 rho 0.000e+00 [0.0e+00, 3.8e-05] pfix - (84s)
torus 64 (0.0, -2.02, 0.98, 0.0): half 0/100000 rho 0.000e+00 [0.0e+00, 3.8e-05] pfix - (63s)
torus 64 (-1.0, -1.04, -1.05, 0.0): half 0/100000 rho 0.000e+00 [0.0e+00, 3.8e-05] pfix - (83s)
torus 64 (-1.0, -1.05, -1.06, 0.0): half 0/100000 rho 0.000e+00 [0.0e+00, 3.8e-05] pfix - (84s)
torus 64 (-1.0, -1.08, -1.03, 0.0): half 0/100000 rho 0.000e+00 [0.0e+00, 3.8e-05] pfix - (80s)
torus 64 (-1.0, -1.1, -1.04, 0.0): half 0/100000 rho 0.000e+00 [0.0e+00, 3.8e-05] pfix - (80s)
torus 64 (0.0, -0.02, -0.01, 0.0): half 4/70000 rho 5.714e-05 [2.2e-05, 1.5e-04] pfix 0.25 (303s)
torus 64 (0.0, -0.04, -0.01, 0.0): half 0/92000 rho 0.000e+00 [0.0e+00, 4.2e-05] pfix - (305s)
torus 64 (-1.0, -1.04, -1.03, 0.0): half 0/100000 rho 0.000e+00 [0.0e+00, 3.8e-05] pfix - (82s)
torus 64 (-1.0, -1.06, -1.04, 0.0): half 0/100000 rho 0.000e+00 [0.0e+00, 3.8e-05] pfix - (81s)
torus 64 (-1.0, -1.06, -1.03, 0.0): half 0/100000 rho 0.000e+00 [0.0e+00, 3.8e-05] pfix - (81s)
torus 64 (0.0, -0.06, -0.01, 0.0): half 0/100000 rho 0.000e+00 [0.0e+00, 3.8e-05] pfix - (292s)
torus 64 (0.0, -2.04, 0.98, 0.0): half 0/100000 rho 0.000e+00 [0.0e+00, 3.8e-05] pfix - (62s)
torus 64 (0.0, -2.05, 0.98, 0.0): half 0/100000 rho 0.000e+00 [0.0e+00, 3.8e-05] pfix - (62s)
torus 64 (-1.0, -2.06, 0.98, 0.0): half 0/100000 rho 0.000e+00 [0.0e+00, 3.8e-05] pfix - (59s)
torus 64 (0.0, -2.06, 0.98, 0.0): half 0/100000 rho 0.000e+00 [0.0e+00, 3.8e-05] pfix - (61s)
torus 64 (0.0, -1.03, -1.04, 0.0): half 0/100000 rho 0.000e+00 [0.0e+00, 3.8e-05] pfix - (102s)
/Users/jstav/anaconda3/lib/python3.11/multiprocessing/resource_tracker.py:224: UserWarning: resource_tracker: There appear to be 6 leaked semaphore objects to clean up at shutdown
  warnings.warn('resource_tracker: There appear to be %d '
2885 block jobs to run (103 cached)
torus 64 (-1.0, -1.06, -1.02, 0.0): half 0/20000 rho 0.000e+00 [0.0e+00, 1.9e-04] pfix - (16s)
torus 64 (-1.0, -1.04, -1.02, 0.0): half 0/20000 rho 0.000e+00 [0.0e+00, 1.9e-04] pfix - (16s)
torus 64 (0.0, -1.02, -1.02, 0.0): half 0/20000 rho 0.000e+00 [0.0e+00, 1.9e-04] pfix - (21s)
torus 64 (-1.0, -2.04, 0.98, 0.0): half 0/20000 rho 0.000e+00 [0.0e+00, 1.9e-04] pfix - (12s)
torus 64 (-1.0, -1.02, -1.02, 0.0): half 0/20000 rho 0.000e+00 [0.0e+00, 1.9e-04] pfix - (17s)
torus 64 (0.0, -2.08, 0.97, 0.0): half 0/20000 rho 0.000e+00 [0.0e+00, 1.9e-04] pfix - (12s)
torus 64 (-1.0, -2.06, 0.97, 0.0): half 0/20000 rho 0.000e+00 [0.0e+00, 1.9e-04] pfix - (12s)
torus 64 (0.0, -1.04, -1.03, 0.0): half 0/20000 rho 0.000e+00 [0.0e+00, 1.9e-04] pfix - (20s)
torus 64 (0.0, -1.06, -1.04, 0.0): half 0/20000 rho 0.000e+00 [0.0e+00, 1.9e-04] pfix - (20s)
torus 64 (0.0, -2.1, 0.96, 0.0): half 0/20000 rho 0.000e+00 [0.0e+00, 1.9e-04] pfix - (12s)
torus 64 (-1.0, -0.04, -0.01, 0.0): half 0/20000 rho 0.000e+00 [0.0e+00, 1.9e-04] pfix - (25s)
torus 64 (-1.0, -0.02, -0.01, 0.0): half 0/20000 rho 0.000e+00 [0.0e+00, 1.9e-04] pfix - (26s)
torus 64 (-1.0, -2.01, 0.98, 0.0): half 0/20000 rho 0.000e+00 [0.0e+00, 1.9e-04] pfix - (12s)
torus 64 (-1.0, -0.06, -0.01, 0.0): half 0/20000 rho 0.000e+00 [0.0e+00, 1.9e-04] pfix - (25s)
torus 64 (-1.0, -1.03, -1.08, 0.0): half 0/20000 rho 0.000e+00 [0.0e+00, 1.9e-04] pfix - (16s)
torus 64 (0.0, -1.03, -1.08, 0.0): half 0/20000 rho 0.000e+00 [0.0e+00, 1.9e-04] pfix - (20s)
torus 64 (0.0, -2.01, 0.98, 0.0): half 0/20000 rho 0.000e+00 [0.0e+00, 1.9e-04] pfix - (12s)
torus 64 (-1.0, -1.02, -1.06, 0.0): half 0/20000 rho 0.000e+00 [0.0e+00, 1.9e-04] pfix - (17s)
torus 64 (-1.0, -2.03, 0.94, 0.0): half 0/20000 rho 0.000e+00 [0.0e+00, 1.9e-04] pfix - (12s)
torus 64 (-1.0, -1.04, -1.1, 0.0): half 0/20000 rho 0.000e+00 [0.0e+00, 1.9e-04] pfix - (16s)
torus 64 (0.0, -2.04, 0.94, 0.0): half 0/20000 rho 0.000e+00 [0.0e+00, 1.9e-04] pfix - (12s)
torus 64 (0.0, -2.03, 0.94, 0.0): half 0/20000 rho 0.000e+00 [0.0e+00, 1.9e-04] pfix - (12s)
torus 64 (0.0, -1.01, -1.06, 0.0): half 0/20000 rho 0.000e+00 [0.0e+00, 1.9e-04] pfix - (21s)
torus 64 (0.0, -1.04, -1.06, 0.0): half 0/20000 rho 0.000e+00 [0.0e+00, 1.9e-04] pfix - (20s)
torus 64 (-1.0, -1.04, -1.06, 0.0): half 0/20000 rho 0.000e+00 [0.0e+00, 1.9e-04] pfix - (16s)
torus 64 (-1.0, -1.06, -1.06, 0.0): half 0/20000 rho 0.000e+00 [0.0e+00, 1.9e-04] pfix - (16s)
torus 64 (0.0, -1.06, -1.08, 0.0): half 0/20000 rho 0.000e+00 [0.0e+00, 1.9e-04] pfix - (19s)
torus 64 (0.0, -1.06, -1.06, 0.0): half 0/20000 rho 0.000e+00 [0.0e+00, 1.9e-04] pfix - (20s)
torus 64 (-1.0, -1.06, -1.08, 0.0): half 0/20000 rho 0.000e+00 [0.0e+00, 1.9e-04] pfix - (16s)
torus 64 (-1.0, -1.01, -1.06, 0.0): half 0/20000 rho 0.000e+00 [0.0e+00, 1.9e-04] pfix - (16s)
torus 64 (-1.0, -2.06, 0.94, 0.0): half 0/20000 rho 0.000e+00 [0.0e+00, 1.9e-04] pfix - (12s)
torus 64 (0.0, -2.08, 0.94, 0.0): half 0/20000 rho 0.000e+00 [0.0e+00, 1.9e-04] pfix - (12s)
torus 64 (-1.0, -2.08, 0.94, 0.0): half 0/20000 rho 0.000e+00 [0.0e+00, 1.9e-04] pfix - (12s)
torus 64 (0.0, -2.06, 0.94, 0.0): half 0/20000 rho 0.000e+00 [0.0e+00, 1.9e-04] pfix - (12s)
torus 64 (0.0, -0.06, -0.04, 0.0): half 0/20000 rho 0.000e+00 [0.0e+00, 1.9e-04] pfix - (65s)
torus 64 (0.0, -1.08, -1.06, 0.0): half 0/20000 rho 0.000e+00 [0.0e+00, 1.9e-04] pfix - (20s)
torus 64 (0.0, -0.04, -0.04, 0.0): half 1/20000 rho 5.000e-05 [8.8e-06, 2.8e-04] pfix 0.00 (81s)
torus 64 (-1.0, -1.08, -1.06, 0.0): half 0/20000 rho 0.000e+00 [0.0e+00, 1.9e-04] pfix - (16s)
torus 64 (0.0, -2.08, 0.98, 0.0): half 0/20000 rho 0.000e+00 [0.0e+00, 1.9e-04] pfix - (12s)
torus 64 (-1.0, -1.08, -1.1, 0.0): half 0/20000 rho 0.000e+00 [0.0e+00, 1.9e-04] pfix - (16s)
torus 64 (0.0, -1.08, -1.1, 0.0): half 0/20000 rho 0.000e+00 [0.0e+00, 1.9e-04] pfix - (20s)
torus 64 (-1.0, -1.08, -1.08, 0.0): half 0/20000 rho 0.000e+00 [0.0e+00, 1.9e-04] pfix - (16s)
torus 64 (0.0, 0.98, -2.02, 0.0): half 476/2000 rho 2.380e-01 [2.2e-01, 2.6e-01] pfix 1.00 (20s)
torus 64 (-1.0, 0.97, -2.02, 0.0): half 294/2000 rho 1.470e-01 [1.3e-01, 1.6e-01] pfix 1.00 (21s)
torus 64 (-1.0, 0.96, -2.02, 0.0): half 317/2000 rho 1.585e-01 [1.4e-01, 1.8e-01] pfix 1.00 (23s)
torus 64 (0.0, 0.97, -2.02, 0.0): half 456/2000 rho 2.280e-01 [2.1e-01, 2.5e-01] pfix 1.00 (19s)
torus 64 (-1.0, 0.98, -2.02, 0.0): half 329/2000 rho 1.645e-01 [1.5e-01, 1.8e-01] pfix 1.00 (24s)
torus 64 (-1.0, -0.01, -0.02, 0.0): half 0/20000 rho 0.000e+00 [0.0e+00, 1.9e-04] pfix - (26s)
torus 64 (0.0, -2.02, 0.99, 0.0): half 0/20000 rho 0.000e+00 [0.0e+00, 1.9e-04] pfix - (13s)
torus 64 (0.0, -2.03, 0.99, 0.0): half 0/20000 rho 0.000e+00 [0.0e+00, 1.9e-04] pfix - (13s)
torus 64 (-1.0, -0.04, -0.03, 0.0): half 0/20000 rho 0.000e+00 [0.0e+00, 1.9e-04] pfix - (25s)
torus 64 (-1.0, -0.05, -0.04, 0.0): half 0/20000 rho 0.000e+00 [0.0e+00, 1.9e-04] pfix - (24s)
torus 64 (0.0, -0.01, -0.02, 0.0): half 10/14000 rho 7.143e-04 [3.9e-04, 1.3e-03] pfix 0.80 (93s)
torus 64 (-1.0, -0.04, -0.04, 0.0): half 0/20000 rho 0.000e+00 [0.0e+00, 1.9e-04] pfix - (25s)
torus 64 (-1.0, 0.99, -2.03, 0.0): half 303/2000 rho 1.515e-01 [1.4e-01, 1.7e-01] pfix 1.00 (22s)
torus 64 (0.0, -1.01, -1.01, 0.0): half 0/20000 rho 0.000e+00 [0.0e+00, 1.9e-04] pfix - (20s)
torus 64 (0.0, 0.96, -2.02, 0.0): half 443/2000 rho 2.215e-01 [2.0e-01, 2.4e-01] pfix 1.00 (19s)
torus 64 (-1.0, 0.99, -2.04, 0.0): half 306/2000 rho 1.530e-01 [1.4e-01, 1.7e-01] pfix 1.00 (22s)
torus 64 (0.0, 0.94, -2.02, 0.0): half 458/2000 rho 2.290e-01 [2.1e-01, 2.5e-01] pfix 1.00 (19s)
torus 64 (-1.0, 0.94, -2.02, 0.0): half 306/2000 rho 1.530e-01 [1.4e-01, 1.7e-01] pfix 1.00 (23s)
torus 64 (0.0, 0.92, -2.02, 0.0): half 449/2000 rho 2.245e-01 [2.1e-01, 2.4e-01] pfix 1.00 (19s)
torus 64 (-1.0, 0.92, -2.02, 0.0): half 297/2000 rho 1.485e-01 [1.3e-01, 1.6e-01] pfix 1.00 (23s)
torus 64 (0.0, -0.03, -0.04, 0.0): half 6/20000 rho 3.000e-04 [1.4e-04, 6.5e-04] pfix 0.83 (106s)
torus 64 (0.0, -0.04, -0.02, 0.0): half 0/20000 rho 0.000e+00 [0.0e+00, 1.9e-04] pfix - (65s)
torus 64 (0.0, -0.06, -0.02, 0.0): half 0/20000 rho 0.000e+00 [0.0e+00, 1.9e-04] pfix - (64s)
torus 64 (0.0, -0.08, -0.02, 0.0): half 0/20000 rho 0.000e+00 [0.0e+00, 1.9e-04] pfix - (53s)
torus 64 (-1.0, -0.03, -0.04, 0.0): half 0/20000 rho 0.000e+00 [0.0e+00, 1.9e-04] pfix - (26s)
torus 64 (-1.0, 0.95, -2.02, 0.0): half 296/2000 rho 1.480e-01 [1.3e-01, 1.6e-01] pfix 1.00 (22s)
torus 64 (0.0, -2.04, 0.99, 0.0): half 0/20000 rho 0.000e+00 [0.0e+00, 1.9e-04] pfix - (12s)
torus 64 (-1.0, -1.04, -1.01, 0.0): half 0/20000 rho 0.000e+00 [0.0e+00, 1.9e-04] pfix - (16s)
torus 64 (-1.0, -2.08, 0.99, 0.0): half 0/20000 rho 0.000e+00 [0.0e+00, 1.9e-04] pfix - (12s)
torus 64 (0.0, -2.06, 0.99, 0.0): half 0/20000 rho 0.000e+00 [0.0e+00, 1.9e-04] pfix - (12s)
torus 64 (0.0, -0.03, -0.03, 0.0): half 2/20000 rho 1.000e-04 [2.7e-05, 3.6e-04] pfix 0.00 (87s)
torus 64 (0.0, -0.08, -0.03, 0.0): half 0/20000 rho 0.000e+00 [0.0e+00, 1.9e-04] pfix - (59s)
torus 64 (-1.0, -0.08, -0.03, 0.0): half 0/20000 rho 0.000e+00 [0.0e+00, 1.9e-04] pfix - (24s)
torus 64 (0.0, -0.1, -0.04, 0.0): half 0/20000 rho 0.000e+00 [0.0e+00, 1.9e-04] pfix - (51s)
torus 64 (-1.0, -1.06, -1.01, 0.0): half 0/20000 rho 0.000e+00 [0.0e+00, 1.9e-04] pfix - (16s)
torus 64 (0.0, -0.08, -0.04, 0.0): half 0/20000 rho 0.000e+00 [0.0e+00, 1.9e-04] pfix - (59s)
torus 64 (-1.0, -0.1, -0.04, 0.0): half 0/20000 rho 0.000e+00 [0.0e+00, 1.9e-04] pfix - (24s)
torus 64 (-1.0, -0.08, -0.04, 0.0): half 0/20000 rho 0.000e+00 [0.0e+00, 1.9e-04] pfix - (24s)
torus 64 (-1.0, 0.92, -2.03, 0.0): half 292/2000 rho 1.460e-01 [1.3e-01, 1.6e-01] pfix 1.00 (22s)
torus 64 (-1.0, 0.9, -2.04, 0.0): half 279/2000 rho 1.395e-01 [1.3e-01, 1.6e-01] pfix 1.00 (22s)
torus 64 (-1.0, -2.04, 0.99, 0.0): half 0/20000 rho 0.000e+00 [0.0e+00, 1.9e-04] pfix - (12s)
torus 64 (-1.0, 0.92, -2.04, 0.0): half 275/2000 rho 1.375e-01 [1.2e-01, 1.5e-01] pfix 1.00 (21s)
torus 64 (-1.0, -2.06, 0.99, 0.0): half 0/20000 rho 0.000e+00 [0.0e+00, 1.9e-04] pfix - (12s)
torus 64 (-1.0, -1.02, -1.01, 0.0): half 0/20000 rho 0.000e+00 [0.0e+00, 1.9e-04] pfix - (16s)
torus 64 (-1.0, -0.06, -0.02, 0.0): half 0/20000 rho 0.000e+00 [0.0e+00, 1.9e-04] pfix - (25s)
torus 64 (-1.0, -1.08, -1.01, 0.0): half 0/20000 rho 0.000e+00 [0.0e+00, 1.9e-04] pfix - (16s)
torus 64 (-1.0, -0.08, -0.02, 0.0): half 0/20000 rho 0.000e+00 [0.0e+00, 1.9e-04] pfix - (24s)
torus 64 (0.0, -1.06, -1.01, 0.0): half 0/20000 rho 0.000e+00 [0.0e+00, 1.9e-04] pfix - (20s)
torus 64 (-1.0, -0.02, -0.02, 0.0): half 0/20000 rho 0.000e+00 [0.0e+00, 1.9e-04] pfix - (26s)
torus 64 (0.0, 0.99, -2.03, 0.0): half 450/2000 rho 2.250e-01 [2.1e-01, 2.4e-01] pfix 1.00 (19s)
torus 64 (-1.0, -0.05, -0.03, 0.0): half 0/20000 rho 0.000e+00 [0.0e+00, 1.9e-04] pfix - (24s)
torus 64 (0.0, 0.99, -2.04, 0.0): half 488/2000 rho 2.440e-01 [2.3e-01, 2.6e-01] pfix 1.00 (20s)
torus 64 (-1.0, -1.2, -1.3, 0.0): half 0/20000 rho 0.000e+00 [0.0e+00, 1.9e-04] pfix - (16s)
torus 64 (-1.0, -1.3, -1.4, 0.0): half 0/20000 rho 0.000e+00 [0.0e+00, 1.9e-04] pfix - (15s)
torus 64 (0.0, -0.02, -0.02, 0.0): half 4/20000 rho 2.000e-04 [7.8e-05, 5.1e-04] pfix 0.25 (98s)
torus 64 (-1.0, -0.1, -0.1, 0.0): half 0/20000 rho 0.000e+00 [0.0e+00, 1.9e-04] pfix - (25s)
torus 64 (0.0, -2.3, 0.8, 0.0): half 0/20000 rho 0.000e+00 [0.0e+00, 1.9e-04] pfix - (12s)
torus 64 (0.0, -0.1, -0.1, 0.0): half 0/20000 rho 0.000e+00 [0.0e+00, 1.9e-04] pfix - (63s)
torus 64 (-1.0, -2.2, 0.8, 0.0): half 0/20000 rho 0.000e+00 [0.0e+00, 1.9e-04] pfix - (12s)
torus 64 (0.0, -1.1, -1.2, 0.0): half 0/20000 rho 0.000e+00 [0.0e+00, 1.9e-04] pfix - (20s)
torus 64 (-1.0, -1.1, -1.2, 0.0): half 0/20000 rho 0.000e+00 [0.0e+00, 1.9e-04] pfix - (16s)
torus 64 (-1.0, -2.3, 0.8, 0.0): half 0/20000 rho 0.000e+00 [0.0e+00, 1.9e-04] pfix - (11s)
torus 64 (0.0, -2.2, 0.8, 0.0): half 0/20000 rho 0.000e+00 [0.0e+00, 1.9e-04] pfix - (12s)
torus 64 (-1.0, -1.4, -1.5, 0.0): half 0/20000 rho 0.000e+00 [0.0e+00, 1.9e-04] pfix - (14s)
torus 64 (-1.0, -1.5, -1.6, 0.0): half 0/20000 rho 0.000e+00 [0.0e+00, 1.9e-04] pfix - (14s)
torus 64 (-1.0, -1.8, -1.3, 0.0): half 0/20000 rho 0.000e+00 [0.0e+00, 1.9e-04] pfix - (13s)
torus 64 (-1.0, -2.0, -1.4, 0.0): half 0/20000 rho 0.000e+00 [0.0e+00, 1.9e-04] pfix - (12s)
torus 64 (0.0, -0.4, -0.1, 0.0): half 0/20000 rho 0.000e+00 [0.0e+00, 1.9e-04] pfix - (29s)
torus 64 (0.0, -0.2, -0.1, 0.0): half 0/20000 rho 0.000e+00 [0.0e+00, 1.9e-04] pfix - (40s)
torus 64 (-1.0, -1.4, -1.3, 0.0): half 0/20000 rho 0.000e+00 [0.0e+00, 1.9e-04] pfix - (14s)
torus 64 (0.0, -0.6, -0.1, 0.0): half 0/20000 rho 0.000e+00 [0.0e+00, 1.9e-04] pfix - (24s)
torus 64 (-1.0, -1.6, -1.4, 0.0): half 0/20000 rho 0.000e+00 [0.0e+00, 1.9e-04] pfix - (14s)
torus 64 (0.0, -2.4, 0.8, 0.0): half 0/20000 rho 0.000e+00 [0.0e+00, 1.9e-04] pfix - (12s)
torus 64 (-1.0, -1.6, -1.3, 0.0): half 0/20000 rho 0.000e+00 [0.0e+00, 1.9e-04] pfix - (14s)
torus 64 (0.0, -2.5, 0.8, 0.0): half 0/20000 rho 0.000e+00 [0.0e+00, 1.9e-04] pfix - (11s)
torus 64 (-1.0, -2.6, 0.8, 0.0): half 0/20000 rho 0.000e+00 [0.0e+00, 1.9e-04] pfix - (11s)
torus 64 (0.0, -2.6, 0.8, 0.0): half 0/20000 rho 0.000e+00 [0.0e+00, 1.9e-04] pfix - (11s)
torus 64 (0.0, -1.3, -1.4, 0.0): half 0/20000 rho 0.000e+00 [0.0e+00, 1.9e-04] pfix - (18s)
torus 64 (-1.0, -1.6, -1.2, 0.0): half 0/20000 rho 0.000e+00 [0.0e+00, 1.9e-04] pfix - (14s)
torus 64 (-1.0, -1.4, -1.2, 0.0): half 0/20000 rho 0.000e+00 [0.0e+00, 1.9e-04] pfix - (14s)
torus 64 (0.0, -1.2, -1.2, 0.0): half 0/20000 rho 0.000e+00 [0.0e+00, 1.9e-04] pfix - (18s)
torus 64 (-1.0, -2.4, 0.8, 0.0): half 0/20000 rho 0.000e+00 [0.0e+00, 1.9e-04] pfix - (11s)
torus 64 (-1.0, -1.2, -1.2, 0.0): half 0/20000 rho 0.000e+00 [0.0e+00, 1.9e-04] pfix - (15s)
torus 64 (0.0, -2.8, 0.7, 0.0): half 0/20000 rho 0.000e+00 [0.0e+00, 1.9e-04] pfix - (11s)
torus 64 (-1.0, -2.6, 0.7, 0.0): half 0/20000 rho 0.000e+00 [0.0e+00, 1.9e-04] pfix - (10s)
torus 64 (0.0, -1.4, -1.3, 0.0): half 0/20000 rho 0.000e+00 [0.0e+00, 1.9e-04] pfix - (17s)
torus 64 (0.0, -1.6, -1.4, 0.0): half 0/20000 rho 0.000e+00 [0.0e+00, 1.9e-04] pfix - (16s)
torus 64 (-1.0, -0.4, -0.1, 0.0): half 0/20000 rho 0.000e+00 [0.0e+00, 1.9e-04] pfix - (20s)
torus 64 (0.0, -3.0, 0.6, 0.0): half 0/20000 rho 0.000e+00 [0.0e+00, 1.9e-04] pfix - (10s)
torus 64 (-1.0, -0.2, -0.1, 0.0): half 0/20000 rho 0.000e+00 [0.0e+00, 1.9e-04] pfix - (24s)
torus 64 (-1.0, -2.1, 0.8, 0.0): half 0/20000 rho 0.000e+00 [0.0e+00, 1.9e-04] pfix - (12s)
torus 64 (-1.0, -0.6, -0.1, 0.0): half 0/20000 rho 0.000e+00 [0.0e+00, 1.9e-04] pfix - (18s)
torus 64 (-1.0, -1.3, -1.8, 0.0): half 0/20000 rho 0.000e+00 [0.0e+00, 1.9e-04] pfix - (16s)
torus 64 (0.0, -2.1, 0.8, 0.0): half 0/20000 rho 0.000e+00 [0.0e+00, 1.9e-04] pfix - (12s)
torus 64 (0.0, -1.3, -1.8, 0.0): half 5/20000 rho 2.500e-04 [1.1e-04, 5.9e-04] pfix 1.00 (22s)
torus 64 (-1.0, -1.2, -1.6, 0.0): half 0/20000 rho 0.000e+00 [0.0e+00, 1.9e-04] pfix - (16s)
torus 64 (-1.0, -1.4, -2.0, 0.0): half 0/20000 rho 0.000e+00 [0.0e+00, 1.9e-04] pfix - (15s)
torus 64 (-1.0, -2.3, 0.4, 0.0): half 0/20000 rho 0.000e+00 [0.0e+00, 1.9e-04] pfix - (11s)
torus 64 (0.0, -2.4, 0.4, 0.0): half 0/20000 rho 0.000e+00 [0.0e+00, 1.9e-04] pfix - (12s)
torus 64 (0.0, -2.3, 0.4, 0.0): half 0/20000 rho 0.000e+00 [0.0e+00, 1.9e-04] pfix - (12s)
torus 64 (0.0, -1.4, -1.6, 0.0): half 0/20000 rho 0.000e+00 [0.0e+00, 1.9e-04] pfix - (17s)
torus 64 (0.0, -1.1, -1.6, 0.0): half 6/20000 rho 3.000e-04 [1.4e-04, 6.5e-04] pfix 1.00 (25s)
torus 64 (-1.0, -1.4, -1.6, 0.0): half 0/20000 rho 0.000e+00 [0.0e+00, 1.9e-04] pfix - (15s)
torus 64 (-1.0, -1.6, -1.6, 0.0): half 0/20000 rho 0.000e+00 [0.0e+00, 1.9e-04] pfix - (14s)
torus 64 (0.0, -1.6, -1.8, 0.0): half 0/20000 rho 0.000e+00 [0.0e+00, 1.9e-04] pfix - (16s)
torus 64 (0.0, -1.6, -1.6, 0.0): half 0/20000 rho 0.000e+00 [0.0e+00, 1.9e-04] pfix - (16s)
torus 64 (-1.0, -1.6, -1.8, 0.0): half 0/20000 rho 0.000e+00 [0.0e+00, 1.9e-04] pfix - (14s)
torus 64 (-1.0, -1.1, -1.6, 0.0): half 0/20000 rho 0.000e+00 [0.0e+00, 1.9e-04] pfix - (17s)
torus 64 (-1.0, -2.6, 0.4, 0.0): half 0/20000 rho 0.000e+00 [0.0e+00, 1.9e-04] pfix - (11s)
torus 64 (0.0, -0.6, -0.4, 0.0): half 0/20000 rho 0.000e+00 [0.0e+00, 1.9e-04] pfix - (26s)
torus 64 (0.0, -0.4, -0.4, 0.0): half 0/20000 rho 0.000e+00 [0.0e+00, 1.9e-04] pfix - (34s)
torus 64 (0.0, -2.8, 0.4, 0.0): half 0/20000 rho 0.000e+00 [0.0e+00, 1.9e-04] pfix - (11s)
torus 64 (-1.0, -2.8, 0.4, 0.0): half 0/20000 rho 0.000e+00 [0.0e+00, 1.9e-04] pfix - (11s)
torus 64 (0.0, -2.6, 0.4, 0.0): half 0/20000 rho 0.000e+00 [0.0e+00, 1.9e-04] pfix - (11s)
torus 64 (0.0, -1.8, -1.6, 0.0): half 0/20000 rho 0.000e+00 [0.0e+00, 1.9e-04] pfix - (15s)
torus 64 (-1.0, -1.8, -1.6, 0.0): half 0/20000 rho 0.000e+00 [0.0e+00, 1.9e-04] pfix - (13s)
torus 64 (0.0, -1.8, -2.0, 0.0): half 0/20000 rho 0.000e+00 [0.0e+00, 1.9e-04] pfix - (15s)
torus 64 (-1.0, -1.8, -2.0, 0.0): half 0/20000 rho 0.000e+00 [0.0e+00, 1.9e-04] pfix - (13s)
torus 64 (0.0, -2.8, 0.8, 0.0): half 0/20000 rho 0.000e+00 [0.0e+00, 1.9e-04] pfix - (11s)
torus 64 (-1.0, -1.8, -1.8, 0.0): half 0/20000 rho 0.000e+00 [0.0e+00, 1.9e-04] pfix - (13s)
torus 64 (0.0, 0.8, -2.2, 0.0): half 435/2000 rho 2.175e-01 [2.0e-01, 2.4e-01] pfix 1.00 (19s)
torus 64 (-1.0, 0.7, -2.2, 0.0): half 223/2000 rho 1.115e-01 [9.8e-02, 1.3e-01] pfix 1.00 (20s)
torus 64 (-1.0, 0.6, -2.2, 0.0): half 215/2000 rho 1.075e-01 [9.5e-02, 1.2e-01] pfix 1.00 (21s)
torus 64 (0.0, 0.7, -2.2, 0.0): half 396/2000 rho 1.980e-01 [1.8e-01, 2.2e-01] pfix 1.00 (18s)
torus 64 (0.0, -0.1, -0.2, 0.0): half 12/4000 rho 3.000e-03 [1.7e-03, 5.2e-03] pfix 1.00 (23s)
torus 64 (-1.0, 0.8, -2.2, 0.0): half 258/2000 rho 1.290e-01 [1.2e-01, 1.4e-01] pfix 1.00 (21s)
torus 64 (0.0, -2.2, 0.9, 0.0): half 0/20000 rho 0.000e+00 [0.0e+00, 1.9e-04] pfix - (12s)
torus 64 (-1.0, -0.1, -0.2, 0.0): half 0/20000 rho 0.000e+00 [0.0e+00, 1.9e-04] pfix - (24s)
torus 64 (0.0, -2.3, 0.9, 0.0): half 0/20000 rho 0.000e+00 [0.0e+00, 1.9e-04] pfix - (12s)
torus 64 (-1.0, -0.4, -0.3, 0.0): half 0/20000 rho 0.000e+00 [0.0e+00, 1.9e-04] pfix - (21s)
torus 64 (-1.0, -0.5, -0.4, 0.0): half 0/20000 rho 0.000e+00 [0.0e+00, 1.9e-04] pfix - (21s)
torus 64 (-1.0, -0.4, -0.4, 0.0): half 0/20000 rho 0.000e+00 [0.0e+00, 1.9e-04] pfix - (21s)
torus 64 (-1.0, 0.9, -2.3, 0.0): half 282/2000 rho 1.410e-01 [1.3e-01, 1.6e-01] pfix 1.00 (20s)
torus 64 (0.0, -1.1, -1.1, 0.0): half 0/20000 rho 0.000e+00 [0.0e+00, 1.9e-04] pfix - (20s)
torus 64 (-1.0, 0.9, -2.4, 0.0): half 302/2000 rho 1.510e-01 [1.4e-01, 1.7e-01] pfix 1.00 (21s)
torus 64 (0.0, 0.6, -2.2, 0.0): half 320/2000 rho 1.600e-01 [1.4e-01, 1.8e-01] pfix 1.00 (16s)
torus 64 (-1.0, 0.4, -2.2, 0.0): half 124/2000 rho 6.200e-02 [5.2e-02, 7.3e-02] pfix 1.00 (16s)
torus 64 (0.0, 0.4, -2.2, 0.0): half 323/2000 rho 1.615e-01 [1.5e-01, 1.8e-01] pfix 1.00 (17s)
torus 64 (0.0, -0.3, -0.4, 0.0): half 7/20000 rho 3.500e-04 [1.7e-04, 7.2e-04] pfix 1.00 (53s)
torus 64 (-1.0, 0.2, -2.2, 0.0): half 73/2000 rho 3.650e-02 [2.9e-02, 4.6e-02] pfix 1.00 (14s)
torus 64 (0.0, 0.2, -2.2, 0.0): half 268/2000 rho 1.340e-01 [1.2e-01, 1.5e-01] pfix 1.00 (16s)
torus 64 (0.0, -0.6, -0.2, 0.0): half 0/20000 rho 0.000e+00 [0.0e+00, 1.9e-04] pfix - (24s)
torus 64 (0.0, -0.4, -0.2, 0.0): half 0/20000 rho 0.000e+00 [0.0e+00, 1.9e-04] pfix - (31s)
torus 64 (0.0, -0.8, -0.2, 0.0): half 0/20000 rho 0.000e+00 [0.0e+00, 1.9e-04] pfix - (21s)
torus 64 (-1.0, -0.3, -0.4, 0.0): half 0/20000 rho 0.000e+00 [0.0e+00, 1.9e-04] pfix - (22s)
torus 64 (-1.0, 0.5, -2.2, 0.0): half 183/2000 rho 9.150e-02 [8.0e-02, 1.0e-01] pfix 1.00 (20s)
torus 64 (0.0, -2.4, 0.9, 0.0): half 0/20000 rho 0.000e+00 [0.0e+00, 1.9e-04] pfix - (12s)
torus 64 (0.0, -0.3, -0.3, 0.0): half 0/20000 rho 0.000e+00 [0.0e+00, 1.9e-04] pfix - (38s)
torus 64 (0.0, -0.8, -0.3, 0.0): half 0/20000 rho 0.000e+00 [0.0e+00, 1.9e-04] pfix - (21s)
torus 64 (-1.0, -2.8, 0.9, 0.0): half 0/20000 rho 0.000e+00 [0.0e+00, 1.9e-04] pfix - (11s)
torus 64 (-1.0, -1.4, -1.1, 0.0): half 0/20000 rho 0.000e+00 [0.0e+00, 1.9e-04] pfix - (14s)
torus 64 (0.0, -2.6, 0.9, 0.0): half 0/20000 rho 0.000e+00 [0.0e+00, 1.9e-04] pfix - (11s)
torus 64 (0.0, -1.0, -0.4, 0.0): half 0/20000 rho 0.000e+00 [0.0e+00, 1.9e-04] pfix - (19s)
torus 64 (0.0, -0.8, -0.4, 0.0): half 0/20000 rho 0.000e+00 [0.0e+00, 1.9e-04] pfix - (21s)
torus 64 (-1.0, -0.8, -0.3, 0.0): half 0/20000 rho 0.000e+00 [0.0e+00, 1.9e-04] pfix - (17s)
torus 64 (-1.0, -1.6, -1.1, 0.0): half 0/20000 rho 0.000e+00 [0.0e+00, 1.9e-04] pfix - (14s)
torus 64 (-1.0, -1.0, -0.4, 0.0): half 0/20000 rho 0.000e+00 [0.0e+00, 1.9e-04] pfix - (16s)
torus 64 (-1.0, -0.8, -0.4, 0.0): half 0/20000 rho 0.000e+00 [0.0e+00, 1.9e-04] pfix - (17s)
torus 64 (-1.0, 0.2, -2.3, 0.0): half 76/2000 rho 3.800e-02 [3.0e-02, 4.7e-02] pfix 1.00 (14s)
torus 64 (-1.0, 0.0, -2.4, 0.0): half 50/2000 rho 2.500e-02 [1.9e-02, 3.3e-02] pfix 1.00 (13s)
torus 64 (-1.0, -2.4, 0.9, 0.0): half 0/20000 rho 0.000e+00 [0.0e+00, 1.9e-04] pfix - (11s)
torus 64 (-1.0, 0.2, -2.4, 0.0): half 92/2000 rho 4.600e-02 [3.8e-02, 5.6e-02] pfix 1.00 (14s)
torus 64 (-1.0, -2.6, 0.9, 0.0): half 0/20000 rho 0.000e+00 [0.0e+00, 1.9e-04] pfix - (11s)
torus 64 (-1.0, -1.2, -1.1, 0.0): half 0/20000 rho 0.000e+00 [0.0e+00, 1.9e-04] pfix - (15s)
torus 64 (-1.0, -0.6, -0.2, 0.0): half 0/20000 rho 0.000e+00 [0.0e+00, 1.9e-04] pfix - (18s)
torus 64 (-1.0, -0.8, -0.2, 0.0): half 0/20000 rho 0.000e+00 [0.0e+00, 1.9e-04] pfix - (17s)
torus 64 (-1.0, -1.8, -1.1, 0.0): half 0/20000 rho 0.000e+00 [0.0e+00, 1.9e-04] pfix - (13s)
torus 64 (0.0, -1.6, -1.1, 0.0): half 0/20000 rho 0.000e+00 [0.0e+00, 1.9e-04] pfix - (15s)
torus 64 (-1.0, -0.2, -0.2, 0.0): half 0/20000 rho 0.000e+00 [0.0e+00, 1.9e-04] pfix - (23s)
torus 64 (0.0, 0.9, -2.3, 0.0): half 452/2000 rho 2.260e-01 [2.1e-01, 2.4e-01] pfix 1.00 (19s)
torus 64 (-1.0, -0.5, -0.3, 0.0): half 0/20000 rho 0.000e+00 [0.0e+00, 1.9e-04] pfix - (20s)
torus 32 (0.0, -2.0, 1.0, -1.0): half 0/20000 rho 0.000e+00 [0.0e+00, 1.9e-04] pfix - (4s)
torus 64 (0.0, 0.9, -2.4, 0.0): half 438/2000 rho 2.190e-01 [2.0e-01, 2.4e-01] pfix 1.00 (18s)
torus 32 (-1.0, -1.0, -1.0, -1.0): half 0/0 rho 1.953e-03 [2.0e-03, 2.0e-03] pfix 0.50 (0s) analytic
torus 64 (0.0, -0.2, -0.2, 0.0): half 0/20000 rho 0.000e+00 [0.0e+00, 1.9e-04] pfix - (45s)
torus 32 (-1.0, -2.0, 1.0, -1.0): half 0/20000 rho 0.000e+00 [0.0e+00, 1.9e-04] pfix - (4s)
torus 32 (-1.0, -2.0, 1.0, 0.0): half 0/20000 rho 0.000e+00 [0.0e+00, 1.9e-04] pfix - (3s)
torus 32 (-1.0, 0.0, 0.0, 0.0): half 0/20000 rho 0.000e+00 [0.0e+00, 1.9e-04] pfix - (6s)
torus 32 (0.0, 1.0, -2.0, 0.0): half 465/2000 rho 2.325e-01 [2.1e-01, 2.5e-01] pfix 1.00 (3s)
torus 32 (-1.0, -1.02, -1.03, 0.0): half 0/20000 rho 0.000e+00 [0.0e+00, 1.9e-04] pfix - (4s)
torus 32 (-1.0, -1.03, -1.04, 0.0): half 0/20000 rho 0.000e+00 [0.0e+00, 1.9e-04] pfix - (4s)
torus 32 (0.0, -0.01, -0.01, 0.0): half 10/4000 rho 2.500e-03 [1.4e-03, 4.6e-03] pfix 0.50 (6s)
torus 32 (0.0, -2.03, 0.98, 0.0): half 0/20000 rho 0.000e+00 [0.0e+00, 1.9e-04] pfix - (3s)
torus 32 (-1.0, -2.02, 0.98, 0.0): half 0/20000 rho 0.000e+00 [0.0e+00, 1.9e-04] pfix - (3s)
torus 32 (-1.0, -0.01, -0.01, 0.0): half 0/20000 rho 0.000e+00 [0.0e+00, 1.9e-04] pfix - (6s)
torus 32 (0.0, -1.01, -1.02, 0.0): half 0/20000 rho 0.000e+00 [0.0e+00, 1.9e-04] pfix - (5s)
torus 32 (-1.0, -2.03, 0.98, 0.0): half 0/20000 rho 0.000e+00 [0.0e+00, 1.9e-04] pfix - (3s)
torus 32 (0.0, -2.02, 0.98, 0.0): half 0/20000 rho 0.000e+00 [0.0e+00, 1.9e-04] pfix - (3s)
torus 32 (-1.0, -1.01, -1.02, 0.0): half 0/20000 rho 0.000e+00 [0.0e+00, 1.9e-04] pfix - (4s)
torus 32 (-1.0, -1.04, -1.05, 0.0): half 0/20000 rho 0.000e+00 [0.0e+00, 1.9e-04] pfix - (4s)
torus 32 (-1.0, -1.05, -1.06, 0.0): half 0/20000 rho 0.000e+00 [0.0e+00, 1.9e-04] pfix - (4s)
torus 32 (-1.0, -1.08, -1.03, 0.0): half 0/20000 rho 0.000e+00 [0.0e+00, 1.9e-04] pfix - (4s)
torus 32 (0.0, -0.02, -0.01, 0.0): half 12/8000 rho 1.500e-03 [8.6e-04, 2.6e-03] pfix 0.44 (9s)
torus 32 (-1.0, -1.1, -1.04, 0.0): half 0/20000 rho 0.000e+00 [0.0e+00, 1.9e-04] pfix - (4s)
torus 32 (-1.0, -1.04, -1.03, 0.0): half 0/20000 rho 0.000e+00 [0.0e+00, 1.9e-04] pfix - (4s)
torus 32 (-1.0, -1.06, -1.04, 0.0): half 0/20000 rho 0.000e+00 [0.0e+00, 1.9e-04] pfix - (4s)
torus 32 (0.0, -0.04, -0.01, 0.0): half 8/20000 rho 4.000e-04 [2.0e-04, 7.9e-04] pfix 0.12 (18s)
torus 32 (-1.0, -1.06, -1.03, 0.0): half 0/20000 rho 0.000e+00 [0.0e+00, 1.9e-04] pfix - (4s)
torus 32 (0.0, -2.04, 0.98, 0.0): half 0/20000 rho 0.000e+00 [0.0e+00, 1.9e-04] pfix - (3s)
torus 32 (0.0, -0.06, -0.01, 0.0): half 3/20000 rho 1.500e-04 [5.1e-05, 4.4e-04] pfix 0.00 (15s)
torus 32 (0.0, -2.05, 0.98, 0.0): half 0/20000 rho 0.000e+00 [0.0e+00, 1.9e-04] pfix - (3s)
torus 32 (0.0, -2.06, 0.98, 0.0): half 0/20000 rho 0.000e+00 [0.0e+00, 1.9e-04] pfix - (3s)
torus 32 (0.0, -1.03, -1.04, 0.0): half 0/20000 rho 0.000e+00 [0.0e+00, 1.9e-04] pfix - (5s)
torus 32 (-1.0, -2.06, 0.98, 0.0): half 0/20000 rho 0.000e+00 [0.0e+00, 1.9e-04] pfix - (3s)
torus 32 (-1.0, -1.06, -1.02, 0.0): half 0/20000 rho 0.000e+00 [0.0e+00, 1.9e-04] pfix - (4s)
torus 32 (-1.0, -1.04, -1.02, 0.0): half 0/20000 rho 0.000e+00 [0.0e+00, 1.9e-04] pfix - (4s)
torus 32 (0.0, -1.02, -1.02, 0.0): half 0/20000 rho 0.000e+00 [0.0e+00, 1.9e-04] pfix - (5s)
torus 32 (-1.0, -1.02, -1.02, 0.0): half 0/20000 rho 0.000e+00 [0.0e+00, 1.9e-04] pfix - (4s)
torus 32 (-1.0, -2.04, 0.98, 0.0): half 0/20000 rho 0.000e+00 [0.0e+00, 1.9e-04] pfix - (3s)
torus 32 (0.0, -2.08, 0.97, 0.0): half 0/20000 rho 0.000e+00 [0.0e+00, 1.9e-04] pfix - (3s)
torus 32 (-1.0, -2.06, 0.97, 0.0): half 0/20000 rho 0.000e+00 [0.0e+00, 1.9e-04] pfix - (3s)
torus 32 (0.0, -1.04, -1.03, 0.0): half 0/20000 rho 0.000e+00 [0.0e+00, 1.9e-04] pfix - (5s)
torus 32 (0.0, -1.06, -1.04, 0.0): half 0/20000 rho 0.000e+00 [0.0e+00, 1.9e-04] pfix - (5s)
torus 32 (0.0, -2.1, 0.96, 0.0): half 0/20000 rho 0.000e+00 [0.0e+00, 1.9e-04] pfix - (3s)
torus 32 (-1.0, -0.04, -0.01, 0.0): half 0/20000 rho 0.000e+00 [0.0e+00, 1.9e-04] pfix - (6s)
torus 32 (-1.0, -0.02, -0.01, 0.0): half 0/20000 rho 0.000e+00 [0.0e+00, 1.9e-04] pfix - (6s)
torus 32 (-1.0, -2.01, 0.98, 0.0): half 0/20000 rho 0.000e+00 [0.0e+00, 1.9e-04] pfix - (3s)
torus 32 (-1.0, -1.03, -1.08, 0.0): half 0/20000 rho 0.000e+00 [0.0e+00, 1.9e-04] pfix - (4s)
torus 32 (-1.0, -0.06, -0.01, 0.0): half 0/20000 rho 0.000e+00 [0.0e+00, 1.9e-04] pfix - (6s)
torus 32 (0.0, -1.03, -1.08, 0.0): half 0/20000 rho 0.000e+00 [0.0e+00, 1.9e-04] pfix - (5s)
torus 32 (0.0, -2.01, 0.98, 0.0): half 0/20000 rho 0.000e+00 [0.0e+00, 1.9e-04] pfix - (3s)
torus 32 (-1.0, -1.02, -1.06, 0.0): half 0/20000 rho 0.000e+00 [0.0e+00, 1.9e-04] pfix - (4s)
torus 32 (-1.0, -2.03, 0.94, 0.0): half 0/20000 rho 0.000e+00 [0.0e+00, 1.9e-04] pfix - (3s)
torus 32 (-1.0, -1.04, -1.1, 0.0): half 0/20000 rho 0.000e+00 [0.0e+00, 1.9e-04] pfix - (4s)
torus 32 (0.0, -2.04, 0.94, 0.0): half 0/20000 rho 0.000e+00 [0.0e+00, 1.9e-04] pfix - (3s)
torus 32 (0.0, -2.03, 0.94, 0.0): half 0/20000 rho 0.000e+00 [0.0e+00, 1.9e-04] pfix - (3s)
torus 32 (0.0, -1.01, -1.06, 0.0): half 0/20000 rho 0.000e+00 [0.0e+00, 1.9e-04] pfix - (5s)
torus 32 (0.0, -1.04, -1.06, 0.0): half 0/20000 rho 0.000e+00 [0.0e+00, 1.9e-04] pfix - (5s)
torus 32 (-1.0, -1.04, -1.06, 0.0): half 0/20000 rho 0.000e+00 [0.0e+00, 1.9e-04] pfix - (4s)
torus 32 (-1.0, -1.06, -1.06, 0.0): half 0/20000 rho 0.000e+00 [0.0e+00, 1.9e-04] pfix - (4s)
torus 32 (0.0, -1.06, -1.08, 0.0): half 0/20000 rho 0.000e+00 [0.0e+00, 1.9e-04] pfix - (5s)
torus 32 (0.0, -1.06, -1.06, 0.0): half 0/20000 rho 0.000e+00 [0.0e+00, 1.9e-04] pfix - (5s)
torus 32 (-1.0, -1.06, -1.08, 0.0): half 0/20000 rho 0.000e+00 [0.0e+00, 1.9e-04] pfix - (4s)
torus 32 (-1.0, -1.01, -1.06, 0.0): half 0/20000 rho 0.000e+00 [0.0e+00, 1.9e-04] pfix - (4s)
torus 32 (-1.0, -2.06, 0.94, 0.0): half 0/20000 rho 0.000e+00 [0.0e+00, 1.9e-04] pfix - (3s)
torus 32 (0.0, -0.04, -0.04, 0.0): half 10/6000 rho 1.667e-03 [9.1e-04, 3.1e-03] pfix 0.60 (7s)
torus 32 (0.0, -2.08, 0.94, 0.0): half 0/20000 rho 0.000e+00 [0.0e+00, 1.9e-04] pfix - (3s)
torus 32 (-1.0, -2.08, 0.94, 0.0): half 0/20000 rho 0.000e+00 [0.0e+00, 1.9e-04] pfix - (3s)
torus 32 (0.0, -2.06, 0.94, 0.0): half 0/20000 rho 0.000e+00 [0.0e+00, 1.9e-04] pfix - (3s)
torus 32 (0.0, -1.08, -1.06, 0.0): half 0/20000 rho 0.000e+00 [0.0e+00, 1.9e-04] pfix - (5s)
torus 32 (-1.0, -1.08, -1.06, 0.0): half 0/20000 rho 0.000e+00 [0.0e+00, 1.9e-04] pfix - (4s)
torus 32 (0.0, -0.06, -0.04, 0.0): half 12/18000 rho 6.667e-04 [3.8e-04, 1.2e-03] pfix 0.30 (16s)
torus 32 (0.0, -2.08, 0.98, 0.0): half 0/20000 rho 0.000e+00 [0.0e+00, 1.9e-04] pfix - (3s)
torus 32 (0.0, -1.08, -1.1, 0.0): half 0/20000 rho 0.000e+00 [0.0e+00, 1.9e-04] pfix - (5s)
torus 32 (-1.0, -1.08, -1.1, 0.0): half 0/20000 rho 0.000e+00 [0.0e+00, 1.9e-04] pfix - (4s)
torus 32 (0.0, 0.98, -2.02, 0.0): half 462/2000 rho 2.310e-01 [2.1e-01, 2.5e-01] pfix 1.00 (3s)
torus 32 (-1.0, 0.97, -2.02, 0.0): half 295/2000 rho 1.475e-01 [1.3e-01, 1.6e-01] pfix 1.00 (3s)
torus 32 (-1.0, -1.08, -1.08, 0.0): half 0/20000 rho 0.000e+00 [0.0e+00, 1.9e-04] pfix - (4s)
torus 32 (-1.0, 0.96, -2.02, 0.0): half 299/2000 rho 1.495e-01 [1.3e-01, 1.7e-01] pfix 1.00 (3s)
torus 32 (0.0, 0.97, -2.02, 0.0): half 460/2000 rho 2.300e-01 [2.1e-01, 2.5e-01] pfix 1.00 (3s)
torus 32 (0.0, -0.01, -0.02, 0.0): half 12/4000 rho 3.000e-03 [1.7e-03, 5.2e-03] pfix 0.60 (6s)
torus 32 (-1.0, 0.98, -2.02, 0.0): half 340/2000 rho 1.700e-01 [1.5e-01, 1.9e-01] pfix 1.00 (4s)
torus 32 (0.0, -2.02, 0.99, 0.0): half 0/20000 rho 0.000e+00 [0.0e+00, 1.9e-04] pfix - (3s)
torus 32 (-1.0, -0.01, -0.02, 0.0): half 0/20000 rho 0.000e+00 [0.0e+00, 1.9e-04] pfix - (6s)
torus 32 (0.0, -2.03, 0.99, 0.0): half 0/20000 rho 0.000e+00 [0.0e+00, 1.9e-04] pfix - (3s)
torus 32 (-1.0, -0.04, -0.03, 0.0): half 0/20000 rho 0.000e+00 [0.0e+00, 1.9e-04] pfix - (6s)
torus 32 (-1.0, -0.05, -0.04, 0.0): half 0/20000 rho 0.000e+00 [0.0e+00, 1.9e-04] pfix - (6s)
torus 32 (-1.0, 0.99, -2.03, 0.0): half 339/2000 rho 1.695e-01 [1.5e-01, 1.9e-01] pfix 1.00 (4s)
torus 32 (-1.0, -0.04, -0.04, 0.0): half 0/20000 rho 0.000e+00 [0.0e+00, 1.9e-04] pfix - (6s)
torus 32 (0.0, -1.01, -1.01, 0.0): half 0/20000 rho 0.000e+00 [0.0e+00, 1.9e-04] pfix - (5s)
torus 32 (-1.0, 0.99, -2.04, 0.0): half 330/2000 rho 1.650e-01 [1.5e-01, 1.8e-01] pfix 1.00 (4s)
torus 32 (0.0, 0.96, -2.02, 0.0): half 466/2000 rho 2.330e-01 [2.1e-01, 2.5e-01] pfix 1.00 (3s)
torus 32 (-1.0, 0.94, -2.02, 0.0): half 341/2000 rho 1.705e-01 [1.5e-01, 1.9e-01] pfix 1.00 (4s)
torus 32 (0.0, 0.94, -2.02, 0.0): half 477/2000 rho 2.385e-01 [2.2e-01, 2.6e-01] pfix 1.00 (3s)
torus 32 (0.0, -0.03, -0.04, 0.0): half 13/12000 rho 1.083e-03 [6.3e-04, 1.9e-03] pfix 0.40 (12s)
torus 32 (0.0, 0.92, -2.02, 0.0): half 464/2000 rho 2.320e-01 [2.1e-01, 2.5e-01] pfix 1.00 (3s)
torus 32 (-1.0, 0.92, -2.02, 0.0): half 330/2000 rho 1.650e-01 [1.5e-01, 1.8e-01] pfix 1.00 (4s)
torus 32 (0.0, -0.08, -0.02, 0.0): half 0/20000 rho 0.000e+00 [0.0e+00, 1.9e-04] pfix - (13s)
torus 32 (0.0, -0.04, -0.02, 0.0): half 10/16000 rho 6.250e-04 [3.4e-04, 1.2e-03] pfix 0.20 (15s)
torus 32 (0.0, -0.06, -0.02, 0.0): half 6/20000 rho 3.000e-04 [1.4e-04, 6.5e-04] pfix 0.33 (16s)
torus 32 (-1.0, 0.95, -2.02, 0.0): half 284/2000 rho 1.420e-01 [1.3e-01, 1.6e-01] pfix 1.00 (3s)
torus 32 (-1.0, -0.03, -0.04, 0.0): half 0/20000 rho 0.000e+00 [0.0e+00, 1.9e-04] pfix - (6s)
torus 32 (0.0, -0.03, -0.03, 0.0): half 10/8000 rho 1.250e-03 [6.8e-04, 2.3e-03] pfix 0.50 (8s)
torus 32 (0.0, -2.04, 0.99, 0.0): half 0/20000 rho 0.000e+00 [0.0e+00, 1.9e-04] pfix - (3s)
torus 32 (-1.0, -2.08, 0.99, 0.0): half 0/20000 rho 0.000e+00 [0.0e+00, 1.9e-04] pfix - (3s)
torus 32 (-1.0, -1.04, -1.01, 0.0): half 0/20000 rho 0.000e+00 [0.0e+00, 1.9e-04] pfix - (4s)
torus 32 (0.0, -2.06, 0.99, 0.0): half 0/20000 rho 0.000e+00 [0.0e+00, 1.9e-04] pfix - (3s)
torus 32 (0.0, -0.08, -0.03, 0.0): half 5/20000 rho 2.500e-04 [1.1e-04, 5.9e-04] pfix 0.20 (14s)
torus 32 (0.0, -0.1, -0.04, 0.0): half 4/20000 rho 2.000e-04 [7.8e-05, 5.1e-04] pfix 0.00 (13s)
torus 32 (-1.0, -0.08, -0.03, 0.0): half 0/20000 rho 0.000e+00 [0.0e+00, 1.9e-04] pfix - (6s)
torus 32 (0.0, -0.08, -0.04, 0.0): half 7/20000 rho 3.500e-04 [1.7e-04, 7.2e-04] pfix 0.00 (14s)
torus 32 (-1.0, -1.06, -1.01, 0.0): half 0/20000 rho 0.000e+00 [0.0e+00, 1.9e-04] pfix - (4s)
torus 32 (-1.0, 0.92, -2.03, 0.0): half 309/2000 rho 1.545e-01 [1.4e-01, 1.7e-01] pfix 1.00 (4s)
torus 32 (-1.0, -0.1, -0.04, 0.0): half 0/20000 rho 0.000e+00 [0.0e+00, 1.9e-04] pfix - (6s)
torus 32 (-1.0, -0.08, -0.04, 0.0): half 0/20000 rho 0.000e+00 [0.0e+00, 1.9e-04] pfix - (6s)
torus 32 (-1.0, 0.9, -2.04, 0.0): half 299/2000 rho 1.495e-01 [1.3e-01, 1.7e-01] pfix 1.00 (4s)
torus 32 (-1.0, 0.92, -2.04, 0.0): half 329/2000 rho 1.645e-01 [1.5e-01, 1.8e-01] pfix 1.00 (4s)
torus 32 (-1.0, -2.04, 0.99, 0.0): half 0/20000 rho 0.000e+00 [0.0e+00, 1.9e-04] pfix - (3s)
torus 32 (-1.0, -2.06, 0.99, 0.0): half 0/20000 rho 0.000e+00 [0.0e+00, 1.9e-04] pfix - (3s)
torus 32 (-1.0, -1.02, -1.01, 0.0): half 0/20000 rho 0.000e+00 [0.0e+00, 1.9e-04] pfix - (4s)
torus 32 (-1.0, -0.06, -0.02, 0.0): half 0/20000 rho 0.000e+00 [0.0e+00, 1.9e-04] pfix - (6s)
torus 32 (-1.0, -1.08, -1.01, 0.0): half 0/20000 rho 0.000e+00 [0.0e+00, 1.9e-04] pfix - (4s)
torus 32 (-1.0, -0.08, -0.02, 0.0): half 0/20000 rho 0.000e+00 [0.0e+00, 1.9e-04] pfix - (6s)
torus 32 (0.0, -1.06, -1.01, 0.0): half 0/20000 rho 0.000e+00 [0.0e+00, 1.9e-04] pfix - (5s)
torus 32 (-1.0, -0.02, -0.02, 0.0): half 0/20000 rho 0.000e+00 [0.0e+00, 1.9e-04] pfix - (6s)
torus 32 (0.0, 0.99, -2.03, 0.0): half 447/2000 rho 2.235e-01 [2.1e-01, 2.4e-01] pfix 1.00 (3s)
torus 32 (0.0, 0.99, -2.04, 0.0): half 440/2000 rho 2.200e-01 [2.0e-01, 2.4e-01] pfix 1.00 (3s)
torus 32 (0.0, -0.02, -0.02, 0.0): half 14/8000 rho 1.750e-03 [1.0e-03, 2.9e-03] pfix 0.50 (9s)
torus 32 (-1.0, -0.05, -0.03, 0.0): half 0/20000 rho 0.000e+00 [0.0e+00, 1.9e-04] pfix - (6s)
torus 32 (-1.0, -1.2, -1.3, 0.0): half 0/20000 rho 0.000e+00 [0.0e+00, 1.9e-04] pfix - (4s)
torus 32 (-1.0, -1.3, -1.4, 0.0): half 0/20000 rho 0.000e+00 [0.0e+00, 1.9e-04] pfix - (4s)
torus 32 (0.0, -2.3, 0.8, 0.0): half 0/20000 rho 0.000e+00 [0.0e+00, 1.9e-04] pfix - (3s)
torus 32 (-1.0, -0.1, -0.1, 0.0): half 0/20000 rho 0.000e+00 [0.0e+00, 1.9e-04] pfix - (6s)
torus 32 (-1.0, -2.2, 0.8, 0.0): half 0/20000 rho 0.000e+00 [0.0e+00, 1.9e-04] pfix - (3s)
torus 32 (0.0, -0.1, -0.1, 0.0): half 11/16000 rho 6.875e-04 [3.8e-04, 1.2e-03] pfix 0.40 (13s)
torus 32 (0.0, -1.1, -1.2, 0.0): half 0/20000 rho 0.000e+00 [0.0e+00, 1.9e-04] pfix - (5s)
torus 32 (-1.0, -2.3, 0.8, 0.0): half 0/20000 rho 0.000e+00 [0.0e+00, 1.9e-04] pfix - (3s)
torus 32 (-1.0, -1.1, -1.2, 0.0): half 0/20000 rho 0.000e+00 [0.0e+00, 1.9e-04] pfix - (4s)
torus 32 (0.0, -2.2, 0.8, 0.0): half 0/20000 rho 0.000e+00 [0.0e+00, 1.9e-04] pfix - (3s)
torus 32 (-1.0, -1.4, -1.5, 0.0): half 0/20000 rho 0.000e+00 [0.0e+00, 1.9e-04] pfix - (4s)
torus 32 (-1.0, -1.5, -1.6, 0.0): half 0/20000 rho 0.000e+00 [0.0e+00, 1.9e-04] pfix - (3s)
torus 32 (-1.0, -1.8, -1.3, 0.0): half 0/20000 rho 0.000e+00 [0.0e+00, 1.9e-04] pfix - (3s)
torus 32 (-1.0, -2.0, -1.4, 0.0): half 0/20000 rho 0.000e+00 [0.0e+00, 1.9e-04] pfix - (3s)
torus 32 (0.0, -0.4, -0.1, 0.0): half 0/20000 rho 0.000e+00 [0.0e+00, 1.9e-04] pfix - (7s)
torus 32 (0.0, -0.2, -0.1, 0.0): half 0/20000 rho 0.000e+00 [0.0e+00, 1.9e-04] pfix - (10s)
torus 32 (-1.0, -1.4, -1.3, 0.0): half 0/20000 rho 0.000e+00 [0.0e+00, 1.9e-04] pfix - (4s)
torus 32 (-1.0, -1.6, -1.4, 0.0): half 0/20000 rho 0.000e+00 [0.0e+00, 1.9e-04] pfix - (3s)
torus 32 (0.0, -0.6, -0.1, 0.0): half 0/20000 rho 0.000e+00 [0.0e+00, 1.9e-04] pfix - (6s)
torus 32 (0.0, -2.4, 0.8, 0.0): half 0/20000 rho 0.000e+00 [0.0e+00, 1.9e-04] pfix - (3s)
torus 32 (-1.0, -1.6, -1.3, 0.0): half 0/20000 rho 0.000e+00 [0.0e+00, 1.9e-04] pfix - (3s)
torus 32 (0.0, -2.5, 0.8, 0.0): half 0/20000 rho 0.000e+00 [0.0e+00, 1.9e-04] pfix - (3s)
torus 32 (0.0, -2.6, 0.8, 0.0): half 0/20000 rho 0.000e+00 [0.0e+00, 1.9e-04] pfix - (3s)
torus 32 (-1.0, -2.6, 0.8, 0.0): half 0/20000 rho 0.000e+00 [0.0e+00, 1.9e-04] pfix - (3s)
torus 32 (0.0, -1.3, -1.4, 0.0): half 0/20000 rho 0.000e+00 [0.0e+00, 1.9e-04] pfix - (4s)
torus 32 (-1.0, -1.6, -1.2, 0.0): half 0/20000 rho 0.000e+00 [0.0e+00, 1.9e-04] pfix - (3s)
torus 32 (-1.0, -1.4, -1.2, 0.0): half 0/20000 rho 0.000e+00 [0.0e+00, 1.9e-04] pfix - (4s)
torus 32 (0.0, -1.2, -1.2, 0.0): half 0/20000 rho 0.000e+00 [0.0e+00, 1.9e-04] pfix - (5s)
torus 32 (-1.0, -2.4, 0.8, 0.0): half 0/20000 rho 0.000e+00 [0.0e+00, 1.9e-04] pfix - (3s)
torus 32 (-1.0, -1.2, -1.2, 0.0): half 0/20000 rho 0.000e+00 [0.0e+00, 1.9e-04] pfix - (4s)
torus 32 (0.0, -2.8, 0.7, 0.0): half 0/20000 rho 0.000e+00 [0.0e+00, 1.9e-04] pfix - (3s)
torus 32 (-1.0, -2.6, 0.7, 0.0): half 0/20000 rho 0.000e+00 [0.0e+00, 1.9e-04] pfix - (3s)
torus 32 (0.0, -1.4, -1.3, 0.0): half 0/20000 rho 0.000e+00 [0.0e+00, 1.9e-04] pfix - (4s)
torus 32 (0.0, -1.6, -1.4, 0.0): half 0/20000 rho 0.000e+00 [0.0e+00, 1.9e-04] pfix - (4s)
torus 32 (0.0, -3.0, 0.6, 0.0): half 0/20000 rho 0.000e+00 [0.0e+00, 1.9e-04] pfix - (3s)
torus 32 (-1.0, -0.4, -0.1, 0.0): half 0/20000 rho 0.000e+00 [0.0e+00, 1.9e-04] pfix - (5s)
torus 32 (-1.0, -0.2, -0.1, 0.0): half 0/20000 rho 0.000e+00 [0.0e+00, 1.9e-04] pfix - (6s)
torus 32 (-1.0, -2.1, 0.8, 0.0): half 0/20000 rho 0.000e+00 [0.0e+00, 1.9e-04] pfix - (3s)
torus 32 (-1.0, -0.6, -0.1, 0.0): half 0/20000 rho 0.000e+00 [0.0e+00, 1.9e-04] pfix - (5s)
torus 32 (-1.0, -1.3, -1.8, 0.0): half 0/20000 rho 0.000e+00 [0.0e+00, 1.9e-04] pfix - (4s)
torus 32 (0.0, -2.1, 0.8, 0.0): half 0/20000 rho 0.000e+00 [0.0e+00, 1.9e-04] pfix - (3s)
torus 32 (0.0, -1.3, -1.8, 0.0): half 3/20000 rho 1.500e-04 [5.1e-05, 4.4e-04] pfix 1.00 (5s)
torus 32 (-1.0, -1.2, -1.6, 0.0): half 0/20000 rho 0.000e+00 [0.0e+00, 1.9e-04] pfix - (4s)
torus 32 (-1.0, -2.3, 0.4, 0.0): half 0/20000 rho 0.000e+00 [0.0e+00, 1.9e-04] pfix - (3s)
torus 32 (-1.0, -1.4, -2.0, 0.0): half 0/20000 rho 0.000e+00 [0.0e+00, 1.9e-04] pfix - (4s)
torus 32 (0.0, -2.4, 0.4, 0.0): half 0/20000 rho 0.000e+00 [0.0e+00, 1.9e-04] pfix - (3s)
torus 32 (0.0, -2.3, 0.4, 0.0): half 0/20000 rho 0.000e+00 [0.0e+00, 1.9e-04] pfix - (3s)
torus 32 (0.0, -1.1, -1.6, 0.0): half 6/20000 rho 3.000e-04 [1.4e-04, 6.5e-04] pfix 1.00 (6s)
torus 32 (0.0, -1.4, -1.6, 0.0): half 0/20000 rho 0.000e+00 [0.0e+00, 1.9e-04] pfix - (4s)
torus 32 (-1.0, -1.4, -1.6, 0.0): half 0/20000 rho 0.000e+00 [0.0e+00, 1.9e-04] pfix - (4s)
torus 32 (-1.0, -1.6, -1.6, 0.0): half 0/20000 rho 0.000e+00 [0.0e+00, 1.9e-04] pfix - (3s)
torus 32 (0.0, -1.6, -1.8, 0.0): half 0/20000 rho 0.000e+00 [0.0e+00, 1.9e-04] pfix - (4s)
torus 32 (0.0, -1.6, -1.6, 0.0): half 0/20000 rho 0.000e+00 [0.0e+00, 1.9e-04] pfix - (4s)
torus 32 (-1.0, -1.6, -1.8, 0.0): half 0/20000 rho 0.000e+00 [0.0e+00, 1.9e-04] pfix - (4s)
torus 32 (-1.0, -1.1, -1.6, 0.0): half 0/20000 rho 0.000e+00 [0.0e+00, 1.9e-04] pfix - (4s)
torus 32 (-1.0, -2.6, 0.4, 0.0): half 0/20000 rho 0.000e+00 [0.0e+00, 1.9e-04] pfix - (3s)
torus 32 (0.0, -0.6, -0.4, 0.0): half 0/20000 rho 0.000e+00 [0.0e+00, 1.9e-04] pfix - (6s)
torus 32 (0.0, -2.8, 0.4, 0.0): half 0/20000 rho 0.000e+00 [0.0e+00, 1.9e-04] pfix - (3s)
torus 32 (0.0, -0.4, -0.4, 0.0): half 0/20000 rho 0.000e+00 [0.0e+00, 1.9e-04] pfix - (9s)
torus 32 (-1.0, -2.8, 0.4, 0.0): half 0/20000 rho 0.000e+00 [0.0e+00, 1.9e-04] pfix - (3s)
torus 32 (0.0, -2.6, 0.4, 0.0): half 0/20000 rho 0.000e+00 [0.0e+00, 1.9e-04] pfix - (3s)
torus 32 (0.0, -1.8, -1.6, 0.0): half 0/20000 rho 0.000e+00 [0.0e+00, 1.9e-04] pfix - (4s)
torus 32 (-1.0, -1.8, -1.6, 0.0): half 0/20000 rho 0.000e+00 [0.0e+00, 1.9e-04] pfix - (3s)
torus 32 (0.0, -1.8, -2.0, 0.0): half 0/20000 rho 0.000e+00 [0.0e+00, 1.9e-04] pfix - (4s)
torus 32 (0.0, -2.8, 0.8, 0.0): half 0/20000 rho 0.000e+00 [0.0e+00, 1.9e-04] pfix - (3s)
torus 32 (-1.0, -1.8, -2.0, 0.0): half 0/20000 rho 0.000e+00 [0.0e+00, 1.9e-04] pfix - (3s)
torus 32 (-1.0, -1.8, -1.8, 0.0): half 0/20000 rho 0.000e+00 [0.0e+00, 1.9e-04] pfix - (3s)
torus 32 (0.0, 0.8, -2.2, 0.0): half 419/2000 rho 2.095e-01 [1.9e-01, 2.3e-01] pfix 1.00 (3s)
torus 32 (-1.0, 0.7, -2.2, 0.0): half 241/2000 rho 1.205e-01 [1.1e-01, 1.4e-01] pfix 1.00 (3s)
torus 32 (-1.0, 0.6, -2.2, 0.0): half 212/2000 rho 1.060e-01 [9.3e-02, 1.2e-01] pfix 1.00 (3s)
torus 32 (0.0, 0.7, -2.2, 0.0): half 376/2000 rho 1.880e-01 [1.7e-01, 2.1e-01] pfix 1.00 (3s)
torus 32 (0.0, -0.1, -0.2, 0.0): half 13/4000 rho 3.250e-03 [1.9e-03, 5.6e-03] pfix 1.00 (4s)
torus 32 (-1.0, 0.8, -2.2, 0.0): half 255/2000 rho 1.275e-01 [1.1e-01, 1.4e-01] pfix 1.00 (3s)
torus 32 (0.0, -2.2, 0.9, 0.0): half 0/20000 rho 0.000e+00 [0.0e+00, 1.9e-04] pfix - (3s)
torus 32 (-1.0, -0.1, -0.2, 0.0): half 0/20000 rho 0.000e+00 [0.0e+00, 1.9e-04] pfix - (6s)
torus 32 (0.0, -2.3, 0.9, 0.0): half 0/20000 rho 0.000e+00 [0.0e+00, 1.9e-04] pfix - (3s)
torus 32 (-1.0, -0.4, -0.3, 0.0): half 0/20000 rho 0.000e+00 [0.0e+00, 1.9e-04] pfix - (5s)
torus 32 (-1.0, -0.5, -0.4, 0.0): half 0/20000 rho 0.000e+00 [0.0e+00, 1.9e-04] pfix - (5s)
torus 32 (-1.0, 0.9, -2.3, 0.0): half 323/2000 rho 1.615e-01 [1.5e-01, 1.8e-01] pfix 1.00 (3s)
torus 32 (-1.0, -0.4, -0.4, 0.0): half 0/20000 rho 0.000e+00 [0.0e+00, 1.9e-04] pfix - (5s)
torus 32 (-1.0, 0.9, -2.4, 0.0): half 343/2000 rho 1.715e-01 [1.6e-01, 1.9e-01] pfix 1.00 (3s)
torus 32 (0.0, -1.1, -1.1, 0.0): half 0/20000 rho 0.000e+00 [0.0e+00, 1.9e-04] pfix - (5s)
torus 32 (0.0, 0.6, -2.2, 0.0): half 356/2000 rho 1.780e-01 [1.6e-01, 2.0e-01] pfix 1.00 (3s)
torus 32 (-1.0, 0.4, -2.2, 0.0): half 160/2000 rho 8.000e-02 [6.9e-02, 9.3e-02] pfix 1.00 (3s)
torus 32 (0.0, 0.4, -2.2, 0.0): half 296/2000 rho 1.480e-01 [1.3e-01, 1.6e-01] pfix 1.00 (2s)
torus 32 (-1.0, 0.2, -2.2, 0.0): half 63/2000 rho 3.150e-02 [2.5e-02, 4.0e-02] pfix 1.00 (2s)
torus 32 (0.0, -0.3, -0.4, 0.0): half 9/20000 rho 4.500e-04 [2.4e-04, 8.6e-04] pfix 0.89 (11s)
torus 32 (0.0, 0.2, -2.2, 0.0): half 263/2000 rho 1.315e-01 [1.2e-01, 1.5e-01] pfix 1.00 (2s)
torus 32 (0.0, -0.8, -0.2, 0.0): half 0/20000 rho 0.000e+00 [0.0e+00, 1.9e-04] pfix - (5s)
torus 32 (0.0, -0.6, -0.2, 0.0): half 0/20000 rho 0.000e+00 [0.0e+00, 1.9e-04] pfix - (6s)
torus 32 (0.0, -0.4, -0.2, 0.0): half 0/20000 rho 0.000e+00 [0.0e+00, 1.9e-04] pfix - (8s)
torus 32 (-1.0, 0.5, -2.2, 0.0): half 187/2000 rho 9.350e-02 [8.2e-02, 1.1e-01] pfix 1.00 (3s)
torus 32 (-1.0, -0.3, -0.4, 0.0): half 0/20000 rho 0.000e+00 [0.0e+00, 1.9e-04] pfix - (5s)
torus 32 (0.0, -2.4, 0.9, 0.0): half 0/20000 rho 0.000e+00 [0.0e+00, 1.9e-04] pfix - (3s)
torus 32 (0.0, -0.3, -0.3, 0.0): half 1/20000 rho 5.000e-05 [8.8e-06, 2.8e-04] pfix 1.00 (10s)
torus 32 (0.0, -0.8, -0.3, 0.0): half 0/20000 rho 0.000e+00 [0.0e+00, 1.9e-04] pfix - (5s)
torus 32 (-1.0, -1.4, -1.1, 0.0): half 0/20000 rho 0.000e+00 [0.0e+00, 1.9e-04] pfix - (4s)
torus 32 (-1.0, -2.8, 0.9, 0.0): half 0/20000 rho 0.000e+00 [0.0e+00, 1.9e-04] pfix - (3s)
torus 32 (0.0, -2.6, 0.9, 0.0): half 0/20000 rho 0.000e+00 [0.0e+00, 1.9e-04] pfix - (3s)
torus 32 (0.0, -1.0, -0.4, 0.0): half 0/20000 rho 0.000e+00 [0.0e+00, 1.9e-04] pfix - (5s)
torus 32 (0.0, -0.8, -0.4, 0.0): half 0/20000 rho 0.000e+00 [0.0e+00, 1.9e-04] pfix - (5s)
torus 32 (-1.0, -0.8, -0.3, 0.0): half 0/20000 rho 0.000e+00 [0.0e+00, 1.9e-04] pfix - (4s)
torus 32 (-1.0, -1.6, -1.1, 0.0): half 0/20000 rho 0.000e+00 [0.0e+00, 1.9e-04] pfix - (3s)
torus 32 (-1.0, 0.2, -2.3, 0.0): half 71/2000 rho 3.550e-02 [2.8e-02, 4.5e-02] pfix 1.00 (2s)
torus 32 (-1.0, -1.0, -0.4, 0.0): half 0/20000 rho 0.000e+00 [0.0e+00, 1.9e-04] pfix - (4s)
torus 32 (-1.0, -0.8, -0.4, 0.0): half 0/20000 rho 0.000e+00 [0.0e+00, 1.9e-04] pfix - (4s)
torus 32 (-1.0, 0.0, -2.4, 0.0): half 32/2000 rho 1.600e-02 [1.1e-02, 2.2e-02] pfix 1.00 (2s)
torus 32 (-1.0, 0.2, -2.4, 0.0): half 91/2000 rho 4.550e-02 [3.7e-02, 5.6e-02] pfix 1.00 (2s)
torus 32 (-1.0, -2.4, 0.9, 0.0): half 0/20000 rho 0.000e+00 [0.0e+00, 1.9e-04] pfix - (3s)
torus 32 (-1.0, -2.6, 0.9, 0.0): half 0/20000 rho 0.000e+00 [0.0e+00, 1.9e-04] pfix - (3s)
torus 32 (-1.0, -1.2, -1.1, 0.0): half 0/20000 rho 0.000e+00 [0.0e+00, 1.9e-04] pfix - (4s)
torus 32 (-1.0, -0.6, -0.2, 0.0): half 0/20000 rho 0.000e+00 [0.0e+00, 1.9e-04] pfix - (5s)
torus 32 (-1.0, -0.8, -0.2, 0.0): half 0/20000 rho 0.000e+00 [0.0e+00, 1.9e-04] pfix - (4s)
torus 32 (-1.0, -1.8, -1.1, 0.0): half 0/20000 rho 0.000e+00 [0.0e+00, 1.9e-04] pfix - (3s)
torus 32 (0.0, -1.6, -1.1, 0.0): half 0/20000 rho 0.000e+00 [0.0e+00, 1.9e-04] pfix - (4s)
torus 32 (-1.0, -0.2, -0.2, 0.0): half 0/20000 rho 0.000e+00 [0.0e+00, 1.9e-04] pfix - (6s)
torus 32 (0.0, 0.9, -2.3, 0.0): half 467/2000 rho 2.335e-01 [2.2e-01, 2.5e-01] pfix 1.00 (3s)
torus 32 (0.0, 0.9, -2.4, 0.0): half 442/2000 rho 2.210e-01 [2.0e-01, 2.4e-01] pfix 1.00 (3s)
torus 32 (-1.0, -0.5, -0.3, 0.0): half 0/20000 rho 0.000e+00 [0.0e+00, 1.9e-04] pfix - (5s)
torus 32 (0.0, -0.2, -0.2, 0.0): half 3/20000 rho 1.500e-04 [5.1e-05, 4.4e-04] pfix 0.33 (12s)
hypercube 10 (-1.0, -1.0, -1.0, -1.0): half 0/0 rho 1.953e-03 [2.0e-03, 2.0e-03] pfix 0.50 (0s) analytic
hypercube 10 (0.0, -2.0, 1.0, -1.0): half 0/20000 rho 0.000e+00 [0.0e+00, 1.9e-04] pfix - (7s)
hypercube 10 (-1.0, -2.0, 1.0, -1.0): half 0/20000 rho 0.000e+00 [0.0e+00, 1.9e-04] pfix - (7s)
hypercube 10 (0.0, 1.0, -2.0, 0.0): half 494/2000 rho 2.470e-01 [2.3e-01, 2.7e-01] pfix 1.00 (2s)
hypercube 10 (-1.0, -2.0, 1.0, 0.0): half 0/20000 rho 0.000e+00 [0.0e+00, 1.9e-04] pfix - (5s)
hypercube 10 (-1.0, 0.0, 0.0, 0.0): half 0/20000 rho 0.000e+00 [0.0e+00, 1.9e-04] pfix - (13s)
hypercube 10 (-1.0, -1.02, -1.03, 0.0): half 0/20000 rho 0.000e+00 [0.0e+00, 1.9e-04] pfix - (7s)
hypercube 10 (0.0, -0.01, -0.01, 0.0): half 10/8000 rho 1.250e-03 [6.8e-04, 2.3e-03] pfix 0.30 (11s)
hypercube 10 (-1.0, -1.03, -1.04, 0.0): half 0/20000 rho 0.000e+00 [0.0e+00, 1.9e-04] pfix - (7s)
hypercube 10 (0.0, -2.03, 0.98, 0.0): half 0/20000 rho 0.000e+00 [0.0e+00, 1.9e-04] pfix - (5s)
hypercube 10 (0.0, -1.01, -1.02, 0.0): half 0/20000 rho 0.000e+00 [0.0e+00, 1.9e-04] pfix - (7s)
hypercube 10 (-1.0, -0.01, -0.01, 0.0): half 0/20000 rho 0.000e+00 [0.0e+00, 1.9e-04] pfix - (13s)
hypercube 10 (-1.0, -2.02, 0.98, 0.0): half 0/20000 rho 0.000e+00 [0.0e+00, 1.9e-04] pfix - (5s)
hypercube 10 (-1.0, -2.03, 0.98, 0.0): half 0/20000 rho 0.000e+00 [0.0e+00, 1.9e-04] pfix - (5s)
hypercube 10 (-1.0, -1.01, -1.02, 0.0): half 0/20000 rho 0.000e+00 [0.0e+00, 1.9e-04] pfix - (7s)
hypercube 10 (0.0, -2.02, 0.98, 0.0): half 0/20000 rho 0.000e+00 [0.0e+00, 1.9e-04] pfix - (5s)
hypercube 10 (-1.0, -1.04, -1.05, 0.0): half 0/20000 rho 0.000e+00 [0.0e+00, 1.9e-04] pfix - (7s)
hypercube 10 (-1.0, -1.05, -1.06, 0.0): half 0/20000 rho 0.000e+00 [0.0e+00, 1.9e-04] pfix - (7s)
hypercube 10 (-1.0, -1.08, -1.03, 0.0): half 0/20000 rho 0.000e+00 [0.0e+00, 1.9e-04] pfix - (7s)
hypercube 10 (-1.0, -1.1, -1.04, 0.0): half 0/20000 rho 0.000e+00 [0.0e+00, 1.9e-04] pfix - (7s)
hypercube 10 (0.0, -0.02, -0.01, 0.0): half 10/20000 rho 5.000e-04 [2.7e-04, 9.2e-04] pfix 0.70 (23s)
hypercube 10 (0.0, -0.04, -0.01, 0.0): half 2/20000 rho 1.000e-04 [2.7e-05, 3.6e-04] pfix 0.50 (19s)
hypercube 10 (-1.0, -1.04, -1.03, 0.0): half 0/20000 rho 0.000e+00 [0.0e+00, 1.9e-04] pfix - (7s)
hypercube 10 (-1.0, -1.06, -1.04, 0.0): half 0/20000 rho 0.000e+00 [0.0e+00, 1.9e-04] pfix - (6s)
hypercube 10 (0.0, -0.06, -0.01, 0.0): half 0/20000 rho 0.000e+00 [0.0e+00, 1.9e-04] pfix - (17s)
hypercube 10 (-1.0, -1.06, -1.03, 0.0): half 0/20000 rho 0.000e+00 [0.0e+00, 1.9e-04] pfix - (7s)
hypercube 10 (0.0, -2.04, 0.98, 0.0): half 0/20000 rho 0.000e+00 [0.0e+00, 1.9e-04] pfix - (5s)
hypercube 10 (0.0, -2.05, 0.98, 0.0): half 0/20000 rho 0.000e+00 [0.0e+00, 1.9e-04] pfix - (5s)
hypercube 10 (0.0, -2.06, 0.98, 0.0): half 0/20000 rho 0.000e+00 [0.0e+00, 1.9e-04] pfix - (5s)
hypercube 10 (0.0, -1.03, -1.04, 0.0): half 0/20000 rho 0.000e+00 [0.0e+00, 1.9e-04] pfix - (7s)
hypercube 10 (-1.0, -2.06, 0.98, 0.0): half 0/20000 rho 0.000e+00 [0.0e+00, 1.9e-04] pfix - (5s)
hypercube 10 (-1.0, -1.06, -1.02, 0.0): half 0/20000 rho 0.000e+00 [0.0e+00, 1.9e-04] pfix - (7s)
hypercube 10 (-1.0, -1.04, -1.02, 0.0): half 0/20000 rho 0.000e+00 [0.0e+00, 1.9e-04] pfix - (7s)
hypercube 10 (0.0, -1.02, -1.02, 0.0): half 0/20000 rho 0.000e+00 [0.0e+00, 1.9e-04] pfix - (7s)
hypercube 10 (-1.0, -2.04, 0.98, 0.0): half 0/20000 rho 0.000e+00 [0.0e+00, 1.9e-04] pfix - (5s)
hypercube 10 (-1.0, -1.02, -1.02, 0.0): half 0/20000 rho 0.000e+00 [0.0e+00, 1.9e-04] pfix - (7s)
hypercube 10 (0.0, -2.08, 0.97, 0.0): half 0/20000 rho 0.000e+00 [0.0e+00, 1.9e-04] pfix - (5s)
hypercube 10 (-1.0, -2.06, 0.97, 0.0): half 0/20000 rho 0.000e+00 [0.0e+00, 1.9e-04] pfix - (5s)
hypercube 10 (0.0, -1.04, -1.03, 0.0): half 0/20000 rho 0.000e+00 [0.0e+00, 1.9e-04] pfix - (7s)
hypercube 10 (0.0, -1.06, -1.04, 0.0): half 0/20000 rho 0.000e+00 [0.0e+00, 1.9e-04] pfix - (7s)
hypercube 10 (0.0, -2.1, 0.96, 0.0): half 0/20000 rho 0.000e+00 [0.0e+00, 1.9e-04] pfix - (5s)
hypercube 10 (-1.0, -0.04, -0.01, 0.0): half 0/20000 rho 0.000e+00 [0.0e+00, 1.9e-04] pfix - (12s)
hypercube 10 (-1.0, -0.02, -0.01, 0.0): half 0/20000 rho 0.000e+00 [0.0e+00, 1.9e-04] pfix - (14s)
hypercube 10 (-1.0, -2.01, 0.98, 0.0): half 0/20000 rho 0.000e+00 [0.0e+00, 1.9e-04] pfix - (5s)
hypercube 10 (-1.0, -1.03, -1.08, 0.0): half 0/20000 rho 0.000e+00 [0.0e+00, 1.9e-04] pfix - (7s)
hypercube 10 (-1.0, -0.06, -0.01, 0.0): half 0/20000 rho 0.000e+00 [0.0e+00, 1.9e-04] pfix - (12s)
hypercube 10 (0.0, -1.03, -1.08, 0.0): half 0/20000 rho 0.000e+00 [0.0e+00, 1.9e-04] pfix - (7s)
hypercube 10 (0.0, -2.01, 0.98, 0.0): half 0/20000 rho 0.000e+00 [0.0e+00, 1.9e-04] pfix - (5s)
hypercube 10 (-1.0, -1.02, -1.06, 0.0): half 0/20000 rho 0.000e+00 [0.0e+00, 1.9e-04] pfix - (7s)
hypercube 10 (-1.0, -1.04, -1.1, 0.0): half 0/20000 rho 0.000e+00 [0.0e+00, 1.9e-04] pfix - (7s)
hypercube 10 (-1.0, -2.03, 0.94, 0.0): half 0/20000 rho 0.000e+00 [0.0e+00, 1.9e-04] pfix - (5s)
hypercube 10 (0.0, -2.04, 0.94, 0.0): half 0/20000 rho 0.000e+00 [0.0e+00, 1.9e-04] pfix - (5s)
hypercube 10 (0.0, -2.03, 0.94, 0.0): half 0/20000 rho 0.000e+00 [0.0e+00, 1.9e-04] pfix - (5s)
hypercube 10 (0.0, -1.01, -1.06, 0.0): half 0/20000 rho 0.000e+00 [0.0e+00, 1.9e-04] pfix - (7s)
hypercube 10 (0.0, -1.04, -1.06, 0.0): half 0/20000 rho 0.000e+00 [0.0e+00, 1.9e-04] pfix - (7s)
hypercube 10 (-1.0, -1.04, -1.06, 0.0): half 0/20000 rho 0.000e+00 [0.0e+00, 1.9e-04] pfix - (7s)
hypercube 10 (-1.0, -1.06, -1.06, 0.0): half 0/20000 rho 0.000e+00 [0.0e+00, 1.9e-04] pfix - (6s)
hypercube 10 (0.0, -1.06, -1.08, 0.0): half 0/20000 rho 0.000e+00 [0.0e+00, 1.9e-04] pfix - (7s)
hypercube 10 (0.0, -1.06, -1.06, 0.0): half 0/20000 rho 0.000e+00 [0.0e+00, 1.9e-04] pfix - (7s)
hypercube 10 (-1.0, -1.06, -1.08, 0.0): half 0/20000 rho 0.000e+00 [0.0e+00, 1.9e-04] pfix - (7s)
hypercube 10 (-1.0, -1.01, -1.06, 0.0): half 0/20000 rho 0.000e+00 [0.0e+00, 1.9e-04] pfix - (7s)
hypercube 10 (-1.0, -2.06, 0.94, 0.0): half 0/20000 rho 0.000e+00 [0.0e+00, 1.9e-04] pfix - (5s)
hypercube 10 (0.0, -2.08, 0.94, 0.0): half 0/20000 rho 0.000e+00 [0.0e+00, 1.9e-04] pfix - (5s)
hypercube 10 (0.0, -0.06, -0.04, 0.0): half 0/20000 rho 0.000e+00 [0.0e+00, 1.9e-04] pfix - (17s)
hypercube 10 (-1.0, -2.08, 0.94, 0.0): half 0/20000 rho 0.000e+00 [0.0e+00, 1.9e-04] pfix - (5s)
hypercube 10 (0.0, -0.04, -0.04, 0.0): half 7/20000 rho 3.500e-04 [1.7e-04, 7.2e-04] pfix 0.57 (20s)
hypercube 10 (0.0, -2.06, 0.94, 0.0): half 0/20000 rho 0.000e+00 [0.0e+00, 1.9e-04] pfix - (5s)
hypercube 10 (0.0, -1.08, -1.06, 0.0): half 0/20000 rho 0.000e+00 [0.0e+00, 1.9e-04] pfix - (7s)
hypercube 10 (-1.0, -1.08, -1.06, 0.0): half 0/20000 rho 0.000e+00 [0.0e+00, 1.9e-04] pfix - (7s)
hypercube 10 (0.0, -1.08, -1.1, 0.0): half 0/20000 rho 0.000e+00 [0.0e+00, 1.9e-04] pfix - (7s)
hypercube 10 (0.0, -2.08, 0.98, 0.0): half 0/20000 rho 0.000e+00 [0.0e+00, 1.9e-04] pfix - (5s)
hypercube 10 (-1.0, -1.08, -1.1, 0.0): half 0/20000 rho 0.000e+00 [0.0e+00, 1.9e-04] pfix - (6s)
hypercube 10 (0.0, 0.98, -2.02, 0.0): half 454/2000 rho 2.270e-01 [2.1e-01, 2.5e-01] pfix 1.00 (2s)
hypercube 10 (-1.0, 0.97, -2.02, 0.0): half 421/2000 rho 2.105e-01 [1.9e-01, 2.3e-01] pfix 1.00 (3s)
hypercube 10 (-1.0, -1.08, -1.08, 0.0): half 0/20000 rho 0.000e+00 [0.0e+00, 1.9e-04] pfix - (7s)
hypercube 10 (-1.0, 0.96, -2.02, 0.0): half 438/2000 rho 2.190e-01 [2.0e-01, 2.4e-01] pfix 1.00 (3s)
hypercube 10 (0.0, 0.97, -2.02, 0.0): half 474/2000 rho 2.370e-01 [2.2e-01, 2.6e-01] pfix 1.00 (2s)
hypercube 10 (-1.0, 0.98, -2.02, 0.0): half 455/2000 rho 2.275e-01 [2.1e-01, 2.5e-01] pfix 1.00 (3s)
hypercube 10 (0.0, -2.02, 0.99, 0.0): half 0/20000 rho 0.000e+00 [0.0e+00, 1.9e-04] pfix - (5s)
hypercube 10 (0.0, -0.01, -0.02, 0.0): half 12/10000 rho 1.200e-03 [6.9e-04, 2.1e-03] pfix 1.00 (13s)
hypercube 10 (-1.0, -0.01, -0.02, 0.0): half 0/20000 rho 0.000e+00 [0.0e+00, 1.9e-04] pfix - (13s)
hypercube 10 (0.0, -2.03, 0.99, 0.0): half 0/20000 rho 0.000e+00 [0.0e+00, 1.9e-04] pfix - (5s)
hypercube 10 (-1.0, -0.04, -0.03, 0.0): half 0/20000 rho 0.000e+00 [0.0e+00, 1.9e-04] pfix - (13s)
hypercube 10 (-1.0, 0.99, -2.03, 0.0): half 455/2000 rho 2.275e-01 [2.1e-01, 2.5e-01] pfix 1.00 (3s)
hypercube 10 (-1.0, -0.05, -0.04, 0.0): half 0/20000 rho 0.000e+00 [0.0e+00, 1.9e-04] pfix - (13s)
hypercube 10 (-1.0, -0.04, -0.04, 0.0): half 0/20000 rho 0.000e+00 [0.0e+00, 1.9e-04] pfix - (13s)
hypercube 10 (0.0, -1.01, -1.01, 0.0): half 0/20000 rho 0.000e+00 [0.0e+00, 1.9e-04] pfix - (7s)
hypercube 10 (-1.0, 0.99, -2.04, 0.0): half 441/2000 rho 2.205e-01 [2.0e-01, 2.4e-01] pfix 1.00 (3s)
hypercube 10 (0.0, 0.96, -2.02, 0.0): half 471/2000 rho 2.355e-01 [2.2e-01, 2.5e-01] pfix 1.00 (2s)
hypercube 10 (-1.0, 0.94, -2.02, 0.0): half 390/2000 rho 1.950e-01 [1.8e-01, 2.1e-01] pfix 1.00 (3s)
hypercube 10 (0.0, 0.94, -2.02, 0.0): half 439/2000 rho 2.195e-01 [2.0e-01, 2.4e-01] pfix 1.00 (2s)
hypercube 10 (0.0, 0.92, -2.02, 0.0): half 452/2000 rho 2.260e-01 [2.1e-01, 2.4e-01] pfix 1.00 (2s)
hypercube 10 (-1.0, 0.92, -2.02, 0.0): half 418/2000 rho 2.090e-01 [1.9e-01, 2.3e-01] pfix 1.00 (3s)
hypercube 10 (0.0, -0.03, -0.04, 0.0): half 11/16000 rho 6.875e-04 [3.8e-04, 1.2e-03] pfix 0.60 (17s)
hypercube 10 (0.0, -0.06, -0.02, 0.0): half 1/20000 rho 5.000e-05 [8.8e-06, 2.8e-04] pfix 0.00 (17s)
hypercube 10 (0.0, -0.04, -0.02, 0.0): half 4/20000 rho 2.000e-04 [7.8e-05, 5.1e-04] pfix 0.25 (20s)
hypercube 10 (0.0, -0.08, -0.02, 0.0): half 1/20000 rho 5.000e-05 [8.8e-06, 2.8e-04] pfix 0.00 (16s)
hypercube 10 (-1.0, 0.95, -2.02, 0.0): half 411/2000 rho 2.055e-01 [1.9e-01, 2.2e-01] pfix 1.00 (3s)
hypercube 10 (0.0, -2.04, 0.99, 0.0): half 0/20000 rho 0.000e+00 [0.0e+00, 1.9e-04] pfix - (5s)
hypercube 10 (-1.0, -0.03, -0.04, 0.0): half 0/20000 rho 0.000e+00 [0.0e+00, 1.9e-04] pfix - (13s)
hypercube 10 (0.0, -0.03, -0.03, 0.0): half 7/20000 rho 3.500e-04 [1.7e-04, 7.2e-04] pfix 0.43 (22s)
hypercube 10 (-1.0, -1.04, -1.01, 0.0): half 0/20000 rho 0.000e+00 [0.0e+00, 1.9e-04] pfix - (7s)
hypercube 10 (-1.0, -2.08, 0.99, 0.0): half 0/20000 rho 0.000e+00 [0.0e+00, 1.9e-04] pfix - (5s)
hypercube 10 (0.0, -2.06, 0.99, 0.0): half 0/20000 rho 0.000e+00 [0.0e+00, 1.9e-04] pfix - (5s)
hypercube 10 (0.0, -0.08, -0.03, 0.0): half 0/20000 rho 0.000e+00 [0.0e+00, 1.9e-04] pfix - (16s)
hypercube 10 (-1.0, -0.08, -0.03, 0.0): half 0/20000 rho 0.000e+00 [0.0e+00, 1.9e-04] pfix - (12s)
hypercube 10 (0.0, -0.1, -0.04, 0.0): half 0/20000 rho 0.000e+00 [0.0e+00, 1.9e-04] pfix - (15s)
hypercube 10 (0.0, -0.08, -0.04, 0.0): half 0/20000 rho 0.000e+00 [0.0e+00, 1.9e-04] pfix - (16s)
hypercube 10 (-1.0, -1.06, -1.01, 0.0): half 0/20000 rho 0.000e+00 [0.0e+00, 1.9e-04] pfix - (7s)
hypercube 10 (-1.0, 0.92, -2.03, 0.0): half 414/2000 rho 2.070e-01 [1.9e-01, 2.3e-01] pfix 1.00 (3s)
hypercube 10 (-1.0, 0.9, -2.04, 0.0): half 396/2000 rho 1.980e-01 [1.8e-01, 2.2e-01] pfix 1.00 (3s)
hypercube 10 (-1.0, -0.1, -0.04, 0.0): half 0/20000 rho 0.000e+00 [0.0e+00, 1.9e-04] pfix - (12s)
hypercube 10 (-1.0, -0.08, -0.04, 0.0): half 0/20000 rho 0.000e+00 [0.0e+00, 1.9e-04] pfix - (12s)
hypercube 10 (-1.0, 0.92, -2.04, 0.0): half 389/2000 rho 1.945e-01 [1.8e-01, 2.1e-01] pfix 1.00 (3s)
hypercube 10 (-1.0, -2.04, 0.99, 0.0): half 0/20000 rho 0.000e+00 [0.0e+00, 1.9e-04] pfix - (5s)
hypercube 10 (-1.0, -2.06, 0.99, 0.0): half 0/20000 rho 0.000e+00 [0.0e+00, 1.9e-04] pfix - (5s)
hypercube 10 (-1.0, -1.02, -1.01, 0.0): half 0/20000 rho 0.000e+00 [0.0e+00, 1.9e-04] pfix - (7s)
hypercube 10 (-1.0, -1.08, -1.01, 0.0): half 0/20000 rho 0.000e+00 [0.0e+00, 1.9e-04] pfix - (7s)
hypercube 10 (-1.0, -0.06, -0.02, 0.0): half 0/20000 rho 0.000e+00 [0.0e+00, 1.9e-04] pfix - (12s)
hypercube 10 (-1.0, -0.08, -0.02, 0.0): half 0/20000 rho 0.000e+00 [0.0e+00, 1.9e-04] pfix - (12s)
hypercube 10 (0.0, -1.06, -1.01, 0.0): half 0/20000 rho 0.000e+00 [0.0e+00, 1.9e-04] pfix - (7s)
hypercube 10 (0.0, 0.99, -2.03, 0.0): half 507/2000 rho 2.535e-01 [2.3e-01, 2.7e-01] pfix 1.00 (2s)
hypercube 10 (-1.0, -0.02, -0.02, 0.0): half 0/20000 rho 0.000e+00 [0.0e+00, 1.9e-04] pfix - (14s)
hypercube 10 (0.0, -0.02, -0.02, 0.0): half 10/10000 rho 1.000e-03 [5.4e-04, 1.8e-03] pfix 0.70 (13s)
hypercube 10 (0.0, 0.99, -2.04, 0.0): half 475/2000 rho 2.375e-01 [2.2e-01, 2.6e-01] pfix 1.00 (2s)
hypercube 10 (-1.0, -0.05, -0.03, 0.0): half 0/20000 rho 0.000e+00 [0.0e+00, 1.9e-04] pfix - (13s)
hypercube 10 (-1.0, -1.2, -1.3, 0.0): half 0/20000 rho 0.000e+00 [0.0e+00, 1.9e-04] pfix - (6s)
hypercube 10 (-1.0, -1.3, -1.4, 0.0): half 0/20000 rho 0.000e+00 [0.0e+00, 1.9e-04] pfix - (6s)
hypercube 10 (0.0, -0.1, -0.1, 0.0): half 0/20000 rho 0.000e+00 [0.0e+00, 1.9e-04] pfix - (15s)
hypercube 10 (0.0, -2.3, 0.8, 0.0): half 0/20000 rho 0.000e+00 [0.0e+00, 1.9e-04] pfix - (5s)
hypercube 10 (-1.0, -0.1, -0.1, 0.0): half 0/20000 rho 0.000e+00 [0.0e+00, 1.9e-04] pfix - (12s)
hypercube 10 (0.0, -1.1, -1.2, 0.0): half 0/20000 rho 0.000e+00 [0.0e+00, 1.9e-04] pfix - (7s)
hypercube 10 (-1.0, -2.2, 0.8, 0.0): half 0/20000 rho 0.000e+00 [0.0e+00, 1.9e-04] pfix - (5s)
hypercube 10 (-1.0, -1.1, -1.2, 0.0): half 0/20000 rho 0.000e+00 [0.0e+00, 1.9e-04] pfix - (6s)
hypercube 10 (-1.0, -2.3, 0.8, 0.0): half 0/20000 rho 0.000e+00 [0.0e+00, 1.9e-04] pfix - (5s)
hypercube 10 (0.0, -2.2, 0.8, 0.0): half 0/20000 rho 0.000e+00 [0.0e+00, 1.9e-04] pfix - (5s)
hypercube 10 (-1.0, -1.4, -1.5, 0.0): half 0/20000 rho 0.000e+00 [0.0e+00, 1.9e-04] pfix - (6s)
hypercube 10 (-1.0, -1.5, -1.6, 0.0): half 0/20000 rho 0.000e+00 [0.0e+00, 1.9e-04] pfix - (6s)
hypercube 10 (-1.0, -1.8, -1.3, 0.0): half 0/20000 rho 0.000e+00 [0.0e+00, 1.9e-04] pfix - (5s)
hypercube 10 (0.0, -0.2, -0.1, 0.0): half 0/20000 rho 0.000e+00 [0.0e+00, 1.9e-04] pfix - (12s)
hypercube 10 (0.0, -0.4, -0.1, 0.0): half 0/20000 rho 0.000e+00 [0.0e+00, 1.9e-04] pfix - (10s)
hypercube 10 (-1.0, -2.0, -1.4, 0.0): half 0/20000 rho 0.000e+00 [0.0e+00, 1.9e-04] pfix - (5s)
hypercube 10 (0.0, -0.6, -0.1, 0.0): half 0/20000 rho 0.000e+00 [0.0e+00, 1.9e-04] pfix - (8s)
hypercube 10 (-1.0, -1.6, -1.4, 0.0): half 0/20000 rho 0.000e+00 [0.0e+00, 1.9e-04] pfix - (6s)
hypercube 10 (-1.0, -1.4, -1.3, 0.0): half 0/20000 rho 0.000e+00 [0.0e+00, 1.9e-04] pfix - (6s)
hypercube 10 (0.0, -2.4, 0.8, 0.0): half 0/20000 rho 0.000e+00 [0.0e+00, 1.9e-04] pfix - (5s)
hypercube 10 (0.0, -2.5, 0.8, 0.0): half 0/20000 rho 0.000e+00 [0.0e+00, 1.9e-04] pfix - (5s)
hypercube 10 (-1.0, -1.6, -1.3, 0.0): half 0/20000 rho 0.000e+00 [0.0e+00, 1.9e-04] pfix - (6s)
hypercube 10 (-1.0, -2.6, 0.8, 0.0): half 0/20000 rho 0.000e+00 [0.0e+00, 1.9e-04] pfix - (5s)
hypercube 10 (0.0, -2.6, 0.8, 0.0): half 0/20000 rho 0.000e+00 [0.0e+00, 1.9e-04] pfix - (5s)
hypercube 10 (0.0, -1.3, -1.4, 0.0): half 0/20000 rho 0.000e+00 [0.0e+00, 1.9e-04] pfix - (6s)
hypercube 10 (-1.0, -1.6, -1.2, 0.0): half 0/20000 rho 0.000e+00 [0.0e+00, 1.9e-04] pfix - (6s)
hypercube 10 (-1.0, -1.4, -1.2, 0.0): half 0/20000 rho 0.000e+00 [0.0e+00, 1.9e-04] pfix - (6s)
hypercube 10 (0.0, -1.2, -1.2, 0.0): half 0/20000 rho 0.000e+00 [0.0e+00, 1.9e-04] pfix - (6s)
hypercube 10 (-1.0, -2.4, 0.8, 0.0): half 0/20000 rho 0.000e+00 [0.0e+00, 1.9e-04] pfix - (5s)
hypercube 10 (-1.0, -1.2, -1.2, 0.0): half 0/20000 rho 0.000e+00 [0.0e+00, 1.9e-04] pfix - (6s)
hypercube 10 (0.0, -2.8, 0.7, 0.0): half 0/20000 rho 0.000e+00 [0.0e+00, 1.9e-04] pfix - (5s)
hypercube 10 (-1.0, -2.6, 0.7, 0.0): half 0/20000 rho 0.000e+00 [0.0e+00, 1.9e-04] pfix - (5s)
hypercube 10 (0.0, -1.4, -1.3, 0.0): half 0/20000 rho 0.000e+00 [0.0e+00, 1.9e-04] pfix - (6s)
hypercube 10 (0.0, -1.6, -1.4, 0.0): half 0/20000 rho 0.000e+00 [0.0e+00, 1.9e-04] pfix - (6s)
hypercube 10 (0.0, -3.0, 0.6, 0.0): half 0/20000 rho 0.000e+00 [0.0e+00, 1.9e-04] pfix - (5s)
hypercube 10 (-1.0, -0.4, -0.1, 0.0): half 0/20000 rho 0.000e+00 [0.0e+00, 1.9e-04] pfix - (9s)
hypercube 10 (-1.0, -0.2, -0.1, 0.0): half 0/20000 rho 0.000e+00 [0.0e+00, 1.9e-04] pfix - (10s)
hypercube 10 (-1.0, -2.1, 0.8, 0.0): half 0/20000 rho 0.000e+00 [0.0e+00, 1.9e-04] pfix - (5s)
hypercube 10 (-1.0, -0.6, -0.1, 0.0): half 0/20000 rho 0.000e+00 [0.0e+00, 1.9e-04] pfix - (8s)
hypercube 10 (-1.0, -1.3, -1.8, 0.0): half 0/20000 rho 0.000e+00 [0.0e+00, 1.9e-04] pfix - (6s)
hypercube 10 (0.0, -2.1, 0.8, 0.0): half 0/20000 rho 0.000e+00 [0.0e+00, 1.9e-04] pfix - (5s)
hypercube 10 (0.0, -1.3, -1.8, 0.0): half 0/20000 rho 0.000e+00 [0.0e+00, 1.9e-04] pfix - (6s)
hypercube 10 (-1.0, -1.2, -1.6, 0.0): half 0/20000 rho 0.000e+00 [0.0e+00, 1.9e-04] pfix - (6s)
hypercube 10 (-1.0, -2.3, 0.4, 0.0): half 0/20000 rho 0.000e+00 [0.0e+00, 1.9e-04] pfix - (5s)
hypercube 10 (-1.0, -1.4, -2.0, 0.0): half 0/20000 rho 0.000e+00 [0.0e+00, 1.9e-04] pfix - (6s)
hypercube 10 (0.0, -2.4, 0.4, 0.0): half 0/20000 rho 0.000e+00 [0.0e+00, 1.9e-04] pfix - (5s)
hypercube 10 (0.0, -2.3, 0.4, 0.0): half 0/20000 rho 0.000e+00 [0.0e+00, 1.9e-04] pfix - (5s)
hypercube 10 (0.0, -1.1, -1.6, 0.0): half 0/20000 rho 0.000e+00 [0.0e+00, 1.9e-04] pfix - (7s)
hypercube 10 (0.0, -1.4, -1.6, 0.0): half 0/20000 rho 0.000e+00 [0.0e+00, 1.9e-04] pfix - (6s)
hypercube 10 (-1.0, -1.4, -1.6, 0.0): half 0/20000 rho 0.000e+00 [0.0e+00, 1.9e-04] pfix - (6s)
hypercube 10 (-1.0, -1.6, -1.6, 0.0): half 0/20000 rho 0.000e+00 [0.0e+00, 1.9e-04] pfix - (6s)
hypercube 10 (0.0, -1.6, -1.8, 0.0): half 0/20000 rho 0.000e+00 [0.0e+00, 1.9e-04] pfix - (6s)
hypercube 10 (0.0, -1.6, -1.6, 0.0): half 0/20000 rho 0.000e+00 [0.0e+00, 1.9e-04] pfix - (6s)
hypercube 10 (-1.0, -1.6, -1.8, 0.0): half 0/20000 rho 0.000e+00 [0.0e+00, 1.9e-04] pfix - (6s)
hypercube 10 (-1.0, -1.1, -1.6, 0.0): half 0/20000 rho 0.000e+00 [0.0e+00, 1.9e-04] pfix - (7s)
hypercube 10 (-1.0, -2.6, 0.4, 0.0): half 0/20000 rho 0.000e+00 [0.0e+00, 1.9e-04] pfix - (5s)
hypercube 10 (0.0, -0.6, -0.4, 0.0): half 0/20000 rho 0.000e+00 [0.0e+00, 1.9e-04] pfix - (8s)
hypercube 10 (0.0, -0.4, -0.4, 0.0): half 0/20000 rho 0.000e+00 [0.0e+00, 1.9e-04] pfix - (10s)
hypercube 10 (0.0, -2.8, 0.4, 0.0): half 0/20000 rho 0.000e+00 [0.0e+00, 1.9e-04] pfix - (5s)
hypercube 10 (-1.0, -2.8, 0.4, 0.0): half 0/20000 rho 0.000e+00 [0.0e+00, 1.9e-04] pfix - (5s)
hypercube 10 (0.0, -2.6, 0.4, 0.0): half 0/20000 rho 0.000e+00 [0.0e+00, 1.9e-04] pfix - (5s)
hypercube 10 (0.0, -1.8, -1.6, 0.0): half 0/20000 rho 0.000e+00 [0.0e+00, 1.9e-04] pfix - (6s)
hypercube 10 (-1.0, -1.8, -1.6, 0.0): half 0/20000 rho 0.000e+00 [0.0e+00, 1.9e-04] pfix - (5s)
hypercube 10 (0.0, -1.8, -2.0, 0.0): half 0/20000 rho 0.000e+00 [0.0e+00, 1.9e-04] pfix - (5s)
hypercube 10 (0.0, -2.8, 0.8, 0.0): half 0/20000 rho 0.000e+00 [0.0e+00, 1.9e-04] pfix - (5s)
hypercube 10 (-1.0, -1.8, -2.0, 0.0): half 0/20000 rho 0.000e+00 [0.0e+00, 1.9e-04] pfix - (5s)
hypercube 10 (-1.0, -1.8, -1.8, 0.0): half 0/20000 rho 0.000e+00 [0.0e+00, 1.9e-04] pfix - (5s)
hypercube 10 (0.0, 0.8, -2.2, 0.0): half 399/2000 rho 1.995e-01 [1.8e-01, 2.2e-01] pfix 1.00 (2s)
hypercube 10 (-1.0, 0.7, -2.2, 0.0): half 344/2000 rho 1.720e-01 [1.6e-01, 1.9e-01] pfix 1.00 (3s)
hypercube 10 (-1.0, 0.6, -2.2, 0.0): half 267/2000 rho 1.335e-01 [1.2e-01, 1.5e-01] pfix 1.00 (3s)
hypercube 10 (0.0, 0.7, -2.2, 0.0): half 342/2000 rho 1.710e-01 [1.6e-01, 1.9e-01] pfix 1.00 (2s)
hypercube 10 (-1.0, 0.8, -2.2, 0.0): half 307/2000 rho 1.535e-01 [1.4e-01, 1.7e-01] pfix 1.00 (2s)
hypercube 10 (0.0, -2.2, 0.9, 0.0): half 0/20000 rho 0.000e+00 [0.0e+00, 1.9e-04] pfix - (5s)
hypercube 10 (-1.0, -0.1, -0.2, 0.0): half 0/20000 rho 0.000e+00 [0.0e+00, 1.9e-04] pfix - (12s)
hypercube 10 (0.0, -0.1, -0.2, 0.0): half 1/20000 rho 5.000e-05 [8.8e-06, 2.8e-04] pfix 1.00 (15s)
hypercube 10 (-1.0, -0.4, -0.3, 0.0): half 0/20000 rho 0.000e+00 [0.0e+00, 1.9e-04] pfix - (9s)
hypercube 10 (0.0, -2.3, 0.9, 0.0): half 0/20000 rho 0.000e+00 [0.0e+00, 1.9e-04] pfix - (5s)
hypercube 10 (-1.0, 0.9, -2.3, 0.0): half 373/2000 rho 1.865e-01 [1.7e-01, 2.0e-01] pfix 1.00 (3s)
hypercube 10 (-1.0, -0.5, -0.4, 0.0): half 0/20000 rho 0.000e+00 [0.0e+00, 1.9e-04] pfix - (8s)
hypercube 10 (-1.0, -0.4, -0.4, 0.0): half 0/20000 rho 0.000e+00 [0.0e+00, 1.9e-04] pfix - (9s)
hypercube 10 (0.0, -1.1, -1.1, 0.0): half 0/20000 rho 0.000e+00 [0.0e+00, 1.9e-04] pfix - (7s)
hypercube 10 (-1.0, 0.9, -2.4, 0.0): half 391/2000 rho 1.955e-01 [1.8e-01, 2.1e-01] pfix 1.00 (3s)
hypercube 10 (0.0, 0.6, -2.2, 0.0): half 323/2000 rho 1.615e-01 [1.5e-01, 1.8e-01] pfix 1.00 (2s)
hypercube 10 (-1.0, 0.4, -2.2, 0.0): half 179/2000 rho 8.950e-02 [7.8e-02, 1.0e-01] pfix 1.00 (3s)
hypercube 10 (0.0, 0.4, -2.2, 0.0): half 243/2000 rho 1.215e-01 [1.1e-01, 1.4e-01] pfix 1.00 (2s)
hypercube 10 (0.0, -0.3, -0.4, 0.0): half 0/20000 rho 0.000e+00 [0.0e+00, 1.9e-04] pfix - (11s)
hypercube 10 (-1.0, 0.2, -2.2, 0.0): half 75/2000 rho 3.750e-02 [3.0e-02, 4.7e-02] pfix 1.00 (2s)
hypercube 10 (0.0, 0.2, -2.2, 0.0): half 145/2000 rho 7.250e-02 [6.2e-02, 8.5e-02] pfix 1.00 (2s)
hypercube 10 (0.0, -0.6, -0.2, 0.0): half 0/20000 rho 0.000e+00 [0.0e+00, 1.9e-04] pfix - (8s)
hypercube 10 (0.0, -0.8, -0.2, 0.0): half 0/20000 rho 0.000e+00 [0.0e+00, 1.9e-04] pfix - (7s)
hypercube 10 (0.0, -0.4, -0.2, 0.0): half 0/20000 rho 0.000e+00 [0.0e+00, 1.9e-04] pfix - (10s)
hypercube 10 (-1.0, 0.5, -2.2, 0.0): half 250/2000 rho 1.250e-01 [1.1e-01, 1.4e-01] pfix 1.00 (3s)
hypercube 10 (0.0, -2.4, 0.9, 0.0): half 0/20000 rho 0.000e+00 [0.0e+00, 1.9e-04] pfix - (5s)
hypercube 10 (-1.0, -0.3, -0.4, 0.0): half 0/20000 rho 0.000e+00 [0.0e+00, 1.9e-04] pfix - (10s)
hypercube 10 (0.0, -0.3, -0.3, 0.0): half 0/20000 rho 0.000e+00 [0.0e+00, 1.9e-04] pfix - (11s)
hypercube 10 (-1.0, -2.8, 0.9, 0.0): half 0/20000 rho 0.000e+00 [0.0e+00, 1.9e-04] pfix - (5s)
hypercube 10 (-1.0, -1.4, -1.1, 0.0): half 0/20000 rho 0.000e+00 [0.0e+00, 1.9e-04] pfix - (6s)
hypercube 10 (0.0, -0.8, -0.3, 0.0): half 0/20000 rho 0.000e+00 [0.0e+00, 1.9e-04] pfix - (7s)
hypercube 10 (0.0, -2.6, 0.9, 0.0): half 0/20000 rho 0.000e+00 [0.0e+00, 1.9e-04] pfix - (5s)
hypercube 10 (0.0, -1.0, -0.4, 0.0): half 0/20000 rho 0.000e+00 [0.0e+00, 1.9e-04] pfix - (7s)
hypercube 10 (0.0, -0.8, -0.4, 0.0): half 0/20000 rho 0.000e+00 [0.0e+00, 1.9e-04] pfix - (8s)
hypercube 10 (-1.0, -0.8, -0.3, 0.0): half 0/20000 rho 0.000e+00 [0.0e+00, 1.9e-04] pfix - (7s)
hypercube 10 (-1.0, -1.6, -1.1, 0.0): half 0/20000 rho 0.000e+00 [0.0e+00, 1.9e-04] pfix - (6s)
hypercube 10 (-1.0, -1.0, -0.4, 0.0): half 0/20000 rho 0.000e+00 [0.0e+00, 1.9e-04] pfix - (7s)
hypercube 10 (-1.0, 0.2, -2.3, 0.0): half 76/2000 rho 3.800e-02 [3.0e-02, 4.7e-02] pfix 1.00 (2s)
hypercube 10 (-1.0, 0.0, -2.4, 0.0): half 19/2000 rho 9.500e-03 [6.1e-03, 1.5e-02] pfix 1.00 (2s)
hypercube 10 (-1.0, 0.2, -2.4, 0.0): half 80/2000 rho 4.000e-02 [3.2e-02, 5.0e-02] pfix 1.00 (2s)
hypercube 10 (-1.0, -0.8, -0.4, 0.0): half 0/20000 rho 0.000e+00 [0.0e+00, 1.9e-04] pfix - (7s)
hypercube 10 (-1.0, -2.4, 0.9, 0.0): half 0/20000 rho 0.000e+00 [0.0e+00, 1.9e-04] pfix - (5s)
hypercube 10 (-1.0, -2.6, 0.9, 0.0): half 0/20000 rho 0.000e+00 [0.0e+00, 1.9e-04] pfix - (5s)
hypercube 10 (-1.0, -1.2, -1.1, 0.0): half 0/20000 rho 0.000e+00 [0.0e+00, 1.9e-04] pfix - (6s)
hypercube 10 (-1.0, -0.8, -0.2, 0.0): half 0/20000 rho 0.000e+00 [0.0e+00, 1.9e-04] pfix - (7s)
hypercube 10 (-1.0, -0.6, -0.2, 0.0): half 0/20000 rho 0.000e+00 [0.0e+00, 1.9e-04] pfix - (8s)
hypercube 10 (-1.0, -1.8, -1.1, 0.0): half 0/20000 rho 0.000e+00 [0.0e+00, 1.9e-04] pfix - (6s)
hypercube 10 (0.0, -1.6, -1.1, 0.0): half 0/20000 rho 0.000e+00 [0.0e+00, 1.9e-04] pfix - (6s)
hypercube 10 (0.0, 0.9, -2.3, 0.0): half 417/2000 rho 2.085e-01 [1.9e-01, 2.3e-01] pfix 1.00 (2s)
hypercube 10 (-1.0, -0.2, -0.2, 0.0): half 0/20000 rho 0.000e+00 [0.0e+00, 1.9e-04] pfix - (10s)
hypercube 10 (0.0, 0.9, -2.4, 0.0): half 471/2000 rho 2.355e-01 [2.2e-01, 2.5e-01] pfix 1.00 (2s)
hypercube 10 (0.0, -0.2, -0.2, 0.0): half 0/20000 rho 0.000e+00 [0.0e+00, 1.9e-04] pfix - (12s)
torus 16 (-1.0, -2.0, 1.0, -1.0): half 0/20000 rho 0.000e+00 [0.0e+00, 1.9e-04] pfix - (1s)
torus 16 (-1.0, -1.0, -1.0, -1.0): half 0/0 rho 7.812e-03 [7.8e-03, 7.8e-03] pfix 0.50 (0s) analytic
torus 16 (0.0, -2.0, 1.0, -1.0): half 0/20000 rho 0.000e+00 [0.0e+00, 1.9e-04] pfix - (1s)
torus 16 (-1.0, -2.0, 1.0, 0.0): half 0/20000 rho 0.000e+00 [0.0e+00, 1.9e-04] pfix - (1s)
torus 16 (0.0, 1.0, -2.0, 0.0): half 453/2000 rho 2.265e-01 [2.1e-01, 2.5e-01] pfix 1.00 (0s)
torus 16 (0.0, -0.01, -0.01, 0.0): half 10/2000 rho 5.000e-03 [2.7e-03, 9.2e-03] pfix 0.30 (0s)
torus 16 (-1.0, 0.0, 0.0, 0.0): half 0/20000 rho 0.000e+00 [0.0e+00, 1.9e-04] pfix - (2s)
hypercube 10 (-1.0, -0.5, -0.3, 0.0): half 0/20000 rho 0.000e+00 [0.0e+00, 1.9e-04] pfix - (8s)
torus 16 (-1.0, -1.03, -1.04, 0.0): half 0/20000 rho 0.000e+00 [0.0e+00, 1.9e-04] pfix - (1s)
torus 16 (-1.0, -1.02, -1.03, 0.0): half 0/20000 rho 0.000e+00 [0.0e+00, 1.9e-04] pfix - (1s)
torus 16 (0.0, -2.03, 0.98, 0.0): half 0/20000 rho 0.000e+00 [0.0e+00, 1.9e-04] pfix - (1s)
torus 16 (-1.0, -0.01, -0.01, 0.0): half 0/20000 rho 0.000e+00 [0.0e+00, 1.9e-04] pfix - (2s)
torus 16 (0.0, -1.01, -1.02, 0.0): half 0/20000 rho 0.000e+00 [0.0e+00, 1.9e-04] pfix - (1s)
torus 16 (-1.0, -2.02, 0.98, 0.0): half 0/20000 rho 0.000e+00 [0.0e+00, 1.9e-04] pfix - (1s)
torus 16 (-1.0, -2.03, 0.98, 0.0): half 0/20000 rho 0.000e+00 [0.0e+00, 1.9e-04] pfix - (1s)
torus 16 (-1.0, -1.01, -1.02, 0.0): half 0/20000 rho 0.000e+00 [0.0e+00, 1.9e-04] pfix - (1s)
torus 16 (0.0, -2.02, 0.98, 0.0): half 0/20000 rho 0.000e+00 [0.0e+00, 1.9e-04] pfix - (1s)
torus 16 (0.0, -0.02, -0.01, 0.0): half 16/2000 rho 8.000e-03 [4.9e-03, 1.3e-02] pfix 0.33 (0s)
torus 16 (-1.0, -1.04, -1.05, 0.0): half 0/20000 rho 0.000e+00 [0.0e+00, 1.9e-04] pfix - (1s)
torus 16 (-1.0, -1.05, -1.06, 0.0): half 0/20000 rho 0.000e+00 [0.0e+00, 1.9e-04] pfix - (1s)
torus 16 (0.0, -0.04, -0.01, 0.0): half 13/2000 rho 6.500e-03 [3.8e-03, 1.1e-02] pfix 0.56 (0s)
torus 16 (-1.0, -1.08, -1.03, 0.0): half 0/20000 rho 0.000e+00 [0.0e+00, 1.9e-04] pfix - (1s)
torus 16 (0.0, -0.06, -0.01, 0.0): half 14/2000 rho 7.000e-03 [4.2e-03, 1.2e-02] pfix 0.40 (0s)
torus 16 (-1.0, -1.1, -1.04, 0.0): half 0/20000 rho 0.000e+00 [0.0e+00, 1.9e-04] pfix - (1s)
torus 16 (-1.0, -1.04, -1.03, 0.0): half 0/20000 rho 0.000e+00 [0.0e+00, 1.9e-04] pfix - (1s)
torus 16 (-1.0, -1.06, -1.04, 0.0): half 0/20000 rho 0.000e+00 [0.0e+00, 1.9e-04] pfix - (1s)
torus 16 (-1.0, -1.06, -1.03, 0.0): half 0/20000 rho 0.000e+00 [0.0e+00, 1.9e-04] pfix - (1s)
torus 16 (0.0, -2.04, 0.98, 0.0): half 0/20000 rho 0.000e+00 [0.0e+00, 1.9e-04] pfix - (1s)
torus 16 (0.0, -2.05, 0.98, 0.0): half 0/20000 rho 0.000e+00 [0.0e+00, 1.9e-04] pfix - (1s)
torus 16 (0.0, -2.06, 0.98, 0.0): half 0/20000 rho 0.000e+00 [0.0e+00, 1.9e-04] pfix - (1s)
torus 16 (-1.0, -2.06, 0.98, 0.0): half 0/20000 rho 0.000e+00 [0.0e+00, 1.9e-04] pfix - (1s)
torus 16 (0.0, -1.03, -1.04, 0.0): half 0/20000 rho 0.000e+00 [0.0e+00, 1.9e-04] pfix - (1s)
torus 16 (-1.0, -1.06, -1.02, 0.0): half 0/20000 rho 0.000e+00 [0.0e+00, 1.9e-04] pfix - (1s)
torus 16 (-1.0, -1.04, -1.02, 0.0): half 0/20000 rho 0.000e+00 [0.0e+00, 1.9e-04] pfix - (1s)
torus 16 (0.0, -1.02, -1.02, 0.0): half 0/20000 rho 0.000e+00 [0.0e+00, 1.9e-04] pfix - (1s)
torus 16 (-1.0, -2.04, 0.98, 0.0): half 0/20000 rho 0.000e+00 [0.0e+00, 1.9e-04] pfix - (1s)
torus 16 (-1.0, -1.02, -1.02, 0.0): half 0/20000 rho 0.000e+00 [0.0e+00, 1.9e-04] pfix - (1s)
torus 16 (0.0, -2.08, 0.97, 0.0): half 0/20000 rho 0.000e+00 [0.0e+00, 1.9e-04] pfix - (1s)
torus 16 (-1.0, -2.06, 0.97, 0.0): half 0/20000 rho 0.000e+00 [0.0e+00, 1.9e-04] pfix - (1s)
torus 16 (0.0, -1.04, -1.03, 0.0): half 0/20000 rho 0.000e+00 [0.0e+00, 1.9e-04] pfix - (1s)
torus 16 (0.0, -1.06, -1.04, 0.0): half 0/20000 rho 0.000e+00 [0.0e+00, 1.9e-04] pfix - (1s)
torus 16 (0.0, -2.1, 0.96, 0.0): half 0/20000 rho 0.000e+00 [0.0e+00, 1.9e-04] pfix - (1s)
torus 16 (-1.0, -0.04, -0.01, 0.0): half 0/20000 rho 0.000e+00 [0.0e+00, 1.9e-04] pfix - (2s)
torus 16 (-1.0, -0.02, -0.01, 0.0): half 0/20000 rho 0.000e+00 [0.0e+00, 1.9e-04] pfix - (2s)
torus 16 (-1.0, -2.01, 0.98, 0.0): half 0/20000 rho 0.000e+00 [0.0e+00, 1.9e-04] pfix - (1s)
torus 16 (-1.0, -1.03, -1.08, 0.0): half 0/20000 rho 0.000e+00 [0.0e+00, 1.9e-04] pfix - (1s)
torus 16 (-1.0, -0.06, -0.01, 0.0): half 0/20000 rho 0.000e+00 [0.0e+00, 1.9e-04] pfix - (2s)
torus 16 (0.0, -1.03, -1.08, 0.0): half 1/20000 rho 5.000e-05 [8.8e-06, 2.8e-04] pfix 0.00 (1s)
torus 16 (0.0, -2.01, 0.98, 0.0): half 0/20000 rho 0.000e+00 [0.0e+00, 1.9e-04] pfix - (1s)
torus 16 (-1.0, -1.02, -1.06, 0.0): half 0/20000 rho 0.000e+00 [0.0e+00, 1.9e-04] pfix - (1s)
torus 16 (-1.0, -2.03, 0.94, 0.0): half 0/20000 rho 0.000e+00 [0.0e+00, 1.9e-04] pfix - (1s)
torus 16 (-1.0, -1.04, -1.1, 0.0): half 0/20000 rho 0.000e+00 [0.0e+00, 1.9e-04] pfix - (1s)
torus 16 (0.0, -2.04, 0.94, 0.0): half 0/20000 rho 0.000e+00 [0.0e+00, 1.9e-04] pfix - (1s)
torus 16 (0.0, -2.03, 0.94, 0.0): half 0/20000 rho 0.000e+00 [0.0e+00, 1.9e-04] pfix - (1s)
torus 16 (0.0, -1.01, -1.06, 0.0): half 1/20000 rho 5.000e-05 [8.8e-06, 2.8e-04] pfix 0.00 (1s)
torus 16 (0.0, -1.04, -1.06, 0.0): half 0/20000 rho 0.000e+00 [0.0e+00, 1.9e-04] pfix - (1s)
torus 16 (-1.0, -1.04, -1.06, 0.0): half 0/20000 rho 0.000e+00 [0.0e+00, 1.9e-04] pfix - (1s)
torus 16 (-1.0, -1.06, -1.06, 0.0): half 0/20000 rho 0.000e+00 [0.0e+00, 1.9e-04] pfix - (1s)
torus 16 (0.0, -1.06, -1.08, 0.0): half 0/20000 rho 0.000e+00 [0.0e+00, 1.9e-04] pfix - (1s)
torus 16 (0.0, -1.06, -1.06, 0.0): half 0/20000 rho 0.000e+00 [0.0e+00, 1.9e-04] pfix - (1s)
torus 16 (-1.0, -1.06, -1.08, 0.0): half 0/20000 rho 0.000e+00 [0.0e+00, 1.9e-04] pfix - (1s)
torus 16 (0.0, -0.04, -0.04, 0.0): half 16/2000 rho 8.000e-03 [4.9e-03, 1.3e-02] pfix 0.40 (0s)
torus 16 (0.0, -0.06, -0.04, 0.0): half 13/2000 rho 6.500e-03 [3.8e-03, 1.1e-02] pfix 0.22 (0s)
torus 16 (-1.0, -1.01, -1.06, 0.0): half 0/20000 rho 0.000e+00 [0.0e+00, 1.9e-04] pfix - (1s)
torus 16 (-1.0, -2.06, 0.94, 0.0): half 0/20000 rho 0.000e+00 [0.0e+00, 1.9e-04] pfix - (1s)
torus 16 (0.0, -2.08, 0.94, 0.0): half 0/20000 rho 0.000e+00 [0.0e+00, 1.9e-04] pfix - (1s)
torus 16 (-1.0, -2.08, 0.94, 0.0): half 0/20000 rho 0.000e+00 [0.0e+00, 1.9e-04] pfix - (1s)
torus 16 (0.0, -2.06, 0.94, 0.0): half 0/20000 rho 0.000e+00 [0.0e+00, 1.9e-04] pfix - (1s)
torus 16 (-1.0, -1.08, -1.06, 0.0): half 0/20000 rho 0.000e+00 [0.0e+00, 1.9e-04] pfix - (1s)
torus 16 (0.0, -1.08, -1.06, 0.0): half 0/20000 rho 0.000e+00 [0.0e+00, 1.9e-04] pfix - (1s)
torus 16 (0.0, -1.08, -1.1, 0.0): half 0/20000 rho 0.000e+00 [0.0e+00, 1.9e-04] pfix - (1s)
torus 16 (0.0, -2.08, 0.98, 0.0): half 0/20000 rho 0.000e+00 [0.0e+00, 1.9e-04] pfix - (1s)
torus 16 (-1.0, -1.08, -1.1, 0.0): half 0/20000 rho 0.000e+00 [0.0e+00, 1.9e-04] pfix - (1s)
torus 16 (0.0, 0.98, -2.02, 0.0): half 467/2000 rho 2.335e-01 [2.2e-01, 2.5e-01] pfix 1.00 (0s)
torus 16 (-1.0, -1.08, -1.08, 0.0): half 0/20000 rho 0.000e+00 [0.0e+00, 1.9e-04] pfix - (1s)
torus 16 (-1.0, 0.97, -2.02, 0.0): half 331/2000 rho 1.655e-01 [1.5e-01, 1.8e-01] pfix 1.00 (1s)
torus 16 (-1.0, 0.96, -2.02, 0.0): half 308/2000 rho 1.540e-01 [1.4e-01, 1.7e-01] pfix 1.00 (1s)
torus 16 (0.0, -0.01, -0.02, 0.0): half 10/2000 rho 5.000e-03 [2.7e-03, 9.2e-03] pfix 0.60 (0s)
torus 16 (0.0, 0.97, -2.02, 0.0): half 432/2000 rho 2.160e-01 [2.0e-01, 2.3e-01] pfix 1.00 (0s)
torus 16 (-1.0, 0.98, -2.02, 0.0): half 304/2000 rho 1.520e-01 [1.4e-01, 1.7e-01] pfix 1.00 (1s)
torus 16 (0.0, -2.02, 0.99, 0.0): half 0/20000 rho 0.000e+00 [0.0e+00, 1.9e-04] pfix - (1s)
torus 16 (0.0, -2.03, 0.99, 0.0): half 0/20000 rho 0.000e+00 [0.0e+00, 1.9e-04] pfix - (1s)
torus 16 (-1.0, -0.01, -0.02, 0.0): half 0/20000 rho 0.000e+00 [0.0e+00, 1.9e-04] pfix - (2s)
torus 16 (-1.0, -0.04, -0.03, 0.0): half 0/20000 rho 0.000e+00 [0.0e+00, 1.9e-04] pfix - (2s)
torus 16 (-1.0, 0.99, -2.03, 0.0): half 303/2000 rho 1.515e-01 [1.4e-01, 1.7e-01] pfix 1.00 (1s)
torus 16 (-1.0, -0.05, -0.04, 0.0): half 0/20000 rho 0.000e+00 [0.0e+00, 1.9e-04] pfix - (2s)
torus 16 (-1.0, -0.04, -0.04, 0.0): half 0/20000 rho 0.000e+00 [0.0e+00, 1.9e-04] pfix - (2s)
torus 16 (0.0, -0.03, -0.04, 0.0): half 17/2000 rho 8.500e-03 [5.3e-03, 1.4e-02] pfix 0.60 (0s)
torus 16 (-1.0, 0.99, -2.04, 0.0): half 319/2000 rho 1.595e-01 [1.4e-01, 1.8e-01] pfix 1.00 (1s)
torus 16 (0.0, -1.01, -1.01, 0.0): half 0/20000 rho 0.000e+00 [0.0e+00, 1.9e-04] pfix - (1s)
torus 16 (0.0, 0.96, -2.02, 0.0): half 454/2000 rho 2.270e-01 [2.1e-01, 2.5e-01] pfix 1.00 (0s)
torus 16 (-1.0, 0.94, -2.02, 0.0): half 304/2000 rho 1.520e-01 [1.4e-01, 1.7e-01] pfix 1.00 (1s)
torus 16 (0.0, 0.94, -2.02, 0.0): half 438/2000 rho 2.190e-01 [2.0e-01, 2.4e-01] pfix 1.00 (0s)
torus 16 (-1.0, 0.92, -2.02, 0.0): half 295/2000 rho 1.475e-01 [1.3e-01, 1.6e-01] pfix 1.00 (1s)
torus 16 (0.0, -0.04, -0.02, 0.0): half 15/2000 rho 7.500e-03 [4.6e-03, 1.2e-02] pfix 0.56 (0s)
torus 16 (0.0, 0.92, -2.02, 0.0): half 434/2000 rho 2.170e-01 [2.0e-01, 2.4e-01] pfix 1.00 (0s)
torus 16 (0.0, -0.06, -0.02, 0.0): half 13/2000 rho 6.500e-03 [3.8e-03, 1.1e-02] pfix 0.44 (0s)
torus 16 (0.0, -0.03, -0.03, 0.0): half 19/2000 rho 9.500e-03 [6.1e-03, 1.5e-02] pfix 0.33 (0s)
torus 16 (0.0, -0.08, -0.02, 0.0): half 18/4000 rho 4.500e-03 [2.8e-03, 7.1e-03] pfix 0.10 (1s)
torus 16 (-1.0, 0.95, -2.02, 0.0): half 346/2000 rho 1.730e-01 [1.6e-01, 1.9e-01] pfix 1.00 (1s)
torus 16 (0.0, -2.04, 0.99, 0.0): half 0/20000 rho 0.000e+00 [0.0e+00, 1.9e-04] pfix - (1s)
torus 16 (0.0, -0.08, -0.03, 0.0): half 13/4000 rho 3.251e-03 [1.9e-03, 5.6e-03] pfix 0.30 (1s)
torus 16 (-1.0, -0.03, -0.04, 0.0): half 0/20000 rho 0.000e+00 [0.0e+00, 1.9e-04] pfix - (2s)
torus 16 (-1.0, -2.08, 0.99, 0.0): half 0/20000 rho 0.000e+00 [0.0e+00, 1.9e-04] pfix - (1s)
torus 16 (-1.0, -1.04, -1.01, 0.0): half 0/20000 rho 0.000e+00 [0.0e+00, 1.9e-04] pfix - (1s)
torus 16 (0.0, -2.06, 0.99, 0.0): half 0/20000 rho 0.000e+00 [0.0e+00, 1.9e-04] pfix - (1s)
torus 16 (0.0, -0.1, -0.04, 0.0): half 12/4000 rho 3.001e-03 [1.7e-03, 5.2e-03] pfix 0.10 (1s)
torus 16 (0.0, -0.08, -0.04, 0.0): half 10/4000 rho 2.500e-03 [1.4e-03, 4.6e-03] pfix 0.30 (1s)
torus 16 (-1.0, -0.08, -0.03, 0.0): half 0/20000 rho 0.000e+00 [0.0e+00, 1.9e-04] pfix - (2s)
torus 16 (-1.0, -1.06, -1.01, 0.0): half 0/20000 rho 0.000e+00 [0.0e+00, 1.9e-04] pfix - (1s)
torus 16 (-1.0, 0.92, -2.03, 0.0): half 317/2000 rho 1.585e-01 [1.4e-01, 1.8e-01] pfix 1.00 (1s)
torus 16 (-1.0, -0.1, -0.04, 0.0): half 0/20000 rho 0.000e+00 [0.0e+00, 1.9e-04] pfix - (2s)
torus 16 (-1.0, 0.9, -2.04, 0.0): half 268/2000 rho 1.340e-01 [1.2e-01, 1.5e-01] pfix 1.00 (1s)
torus 16 (-1.0, 0.92, -2.04, 0.0): half 296/2000 rho 1.480e-01 [1.3e-01, 1.6e-01] pfix 1.00 (1s)
torus 16 (-1.0, -0.08, -0.04, 0.0): half 0/20000 rho 0.000e+00 [0.0e+00, 1.9e-04] pfix - (2s)
torus 16 (-1.0, -2.04, 0.99, 0.0): half 0/20000 rho 0.000e+00 [0.0e+00, 1.9e-04] pfix - (1s)
torus 16 (-1.0, -2.06, 0.99, 0.0): half 0/20000 rho 0.000e+00 [0.0e+00, 1.9e-04] pfix - (1s)
torus 16 (-1.0, -1.02, -1.01, 0.0): half 0/20000 rho 0.000e+00 [0.0e+00, 1.9e-04] pfix - (1s)
torus 16 (-1.0, -0.06, -0.02, 0.0): half 0/20000 rho 0.000e+00 [0.0e+00, 1.9e-04] pfix - (2s)
torus 16 (-1.0, -0.08, -0.02, 0.0): half 0/20000 rho 0.000e+00 [0.0e+00, 1.9e-04] pfix - (2s)
torus 16 (-1.0, -1.08, -1.01, 0.0): half 0/20000 rho 0.000e+00 [0.0e+00, 1.9e-04] pfix - (1s)
torus 16 (0.0, -0.02, -0.02, 0.0): half 23/4000 rho 5.750e-03 [3.8e-03, 8.6e-03] pfix 0.60 (1s)
torus 16 (0.0, -1.06, -1.01, 0.0): half 0/20000 rho 0.000e+00 [0.0e+00, 1.9e-04] pfix - (1s)
torus 16 (0.0, 0.99, -2.03, 0.0): half 466/2000 rho 2.330e-01 [2.1e-01, 2.5e-01] pfix 1.00 (0s)
torus 16 (-1.0, -0.02, -0.02, 0.0): half 0/20000 rho 0.000e+00 [0.0e+00, 1.9e-04] pfix - (2s)
torus 16 (0.0, 0.99, -2.04, 0.0): half 462/2000 rho 2.310e-01 [2.1e-01, 2.5e-01] pfix 1.00 (0s)
torus 16 (0.0, -0.1, -0.1, 0.0): half 14/2000 rho 7.000e-03 [4.2e-03, 1.2e-02] pfix 0.50 (0s)
torus 16 (-1.0, -1.2, -1.3, 0.0): half 0/20000 rho 0.000e+00 [0.0e+00, 1.9e-04] pfix - (1s)
torus 16 (-1.0, -0.05, -0.03, 0.0): half 0/20000 rho 0.000e+00 [0.0e+00, 1.9e-04] pfix - (2s)
torus 16 (-1.0, -1.3, -1.4, 0.0): half 0/20000 rho 0.000e+00 [0.0e+00, 1.9e-04] pfix - (1s)
torus 16 (0.0, -2.3, 0.8, 0.0): half 0/20000 rho 0.000e+00 [0.0e+00, 1.9e-04] pfix - (1s)
torus 16 (-1.0, -0.1, -0.1, 0.0): half 0/20000 rho 0.000e+00 [0.0e+00, 1.9e-04] pfix - (2s)
torus 16 (0.0, -1.1, -1.2, 0.0): half 1/20000 rho 5.000e-05 [8.8e-06, 2.8e-04] pfix 0.00 (1s)
torus 16 (-1.0, -2.2, 0.8, 0.0): half 0/20000 rho 0.000e+00 [0.0e+00, 1.9e-04] pfix - (1s)
torus 16 (-1.0, -2.3, 0.8, 0.0): half 0/20000 rho 0.000e+00 [0.0e+00, 1.9e-04] pfix - (1s)
torus 16 (0.0, -2.2, 0.8, 0.0): half 0/20000 rho 0.000e+00 [0.0e+00, 1.9e-04] pfix - (1s)
torus 16 (-1.0, -1.1, -1.2, 0.0): half 0/20000 rho 0.000e+00 [0.0e+00, 1.9e-04] pfix - (1s)
torus 16 (0.0, -0.2, -0.1, 0.0): half 12/4000 rho 3.000e-03 [1.7e-03, 5.2e-03] pfix 0.20 (1s)
torus 16 (-1.0, -1.4, -1.5, 0.0): half 0/20000 rho 0.000e+00 [0.0e+00, 1.9e-04] pfix - (1s)
torus 16 (-1.0, -1.5, -1.6, 0.0): half 0/20000 rho 0.000e+00 [0.0e+00, 1.9e-04] pfix - (1s)
torus 16 (-1.0, -1.8, -1.3, 0.0): half 0/20000 rho 0.000e+00 [0.0e+00, 1.9e-04] pfix - (1s)
torus 16 (-1.0, -2.0, -1.4, 0.0): half 0/20000 rho 0.000e+00 [0.0e+00, 1.9e-04] pfix - (1s)
torus 16 (-1.0, -1.4, -1.3, 0.0): half 0/20000 rho 0.000e+00 [0.0e+00, 1.9e-04] pfix - (1s)
torus 16 (0.0, -0.4, -0.1, 0.0): half 1/20000 rho 5.000e-05 [8.8e-06, 2.8e-04] pfix 1.00 (2s)
torus 16 (0.0, -0.6, -0.1, 0.0): half 1/20000 rho 5.000e-05 [8.8e-06, 2.8e-04] pfix 0.00 (1s)
torus 16 (-1.0, -1.6, -1.4, 0.0): half 0/20000 rho 0.000e+00 [0.0e+00, 1.9e-04] pfix - (1s)
torus 16 (-1.0, -1.6, -1.3, 0.0): half 0/20000 rho 0.000e+00 [0.0e+00, 1.9e-04] pfix - (1s)
torus 16 (0.0, -2.4, 0.8, 0.0): half 0/20000 rho 0.000e+00 [0.0e+00, 1.9e-04] pfix - (1s)
torus 16 (0.0, -2.5, 0.8, 0.0): half 0/20000 rho 0.000e+00 [0.0e+00, 1.9e-04] pfix - (1s)
torus 16 (0.0, -2.6, 0.8, 0.0): half 0/20000 rho 0.000e+00 [0.0e+00, 1.9e-04] pfix - (1s)
torus 16 (0.0, -1.3, -1.4, 0.0): half 1/20000 rho 5.000e-05 [8.8e-06, 2.8e-04] pfix 1.00 (1s)
torus 16 (-1.0, -2.6, 0.8, 0.0): half 0/20000 rho 0.000e+00 [0.0e+00, 1.9e-04] pfix - (1s)
torus 16 (-1.0, -1.6, -1.2, 0.0): half 0/20000 rho 0.000e+00 [0.0e+00, 1.9e-04] pfix - (1s)
torus 16 (-1.0, -1.4, -1.2, 0.0): half 0/20000 rho 0.000e+00 [0.0e+00, 1.9e-04] pfix - (1s)
torus 16 (0.0, -1.2, -1.2, 0.0): half 1/20000 rho 5.000e-05 [8.8e-06, 2.8e-04] pfix 0.00 (1s)
torus 16 (-1.0, -1.2, -1.2, 0.0): half 0/20000 rho 0.000e+00 [0.0e+00, 1.9e-04] pfix - (1s)
torus 16 (-1.0, -2.4, 0.8, 0.0): half 0/20000 rho 0.000e+00 [0.0e+00, 1.9e-04] pfix - (1s)
torus 16 (0.0, -2.8, 0.7, 0.0): half 0/20000 rho 0.000e+00 [0.0e+00, 1.9e-04] pfix - (1s)
torus 16 (-1.0, -2.6, 0.7, 0.0): half 0/20000 rho 0.000e+00 [0.0e+00, 1.9e-04] pfix - (1s)
torus 16 (0.0, -1.4, -1.3, 0.0): half 0/20000 rho 0.000e+00 [0.0e+00, 1.9e-04] pfix - (1s)
torus 16 (0.0, -1.6, -1.4, 0.0): half 0/20000 rho 0.000e+00 [0.0e+00, 1.9e-04] pfix - (1s)
torus 16 (0.0, -3.0, 0.6, 0.0): half 0/20000 rho 0.000e+00 [0.0e+00, 1.9e-04] pfix - (1s)
torus 16 (-1.0, -0.4, -0.1, 0.0): half 0/20000 rho 0.000e+00 [0.0e+00, 1.9e-04] pfix - (1s)
torus 16 (-1.0, -0.2, -0.1, 0.0): half 0/20000 rho 0.000e+00 [0.0e+00, 1.9e-04] pfix - (1s)
torus 16 (-1.0, -2.1, 0.8, 0.0): half 0/20000 rho 0.000e+00 [0.0e+00, 1.9e-04] pfix - (1s)
torus 16 (-1.0, -0.6, -0.1, 0.0): half 0/20000 rho 0.000e+00 [0.0e+00, 1.9e-04] pfix - (1s)
torus 16 (-1.0, -1.3, -1.8, 0.0): half 0/20000 rho 0.000e+00 [0.0e+00, 1.9e-04] pfix - (1s)
torus 16 (0.0, -1.3, -1.8, 0.0): half 10/18000 rho 5.556e-04 [3.0e-04, 1.0e-03] pfix 1.00 (1s)
torus 16 (0.0, -2.1, 0.8, 0.0): half 0/20000 rho 0.000e+00 [0.0e+00, 1.9e-04] pfix - (1s)
torus 16 (-1.0, -1.2, -1.6, 0.0): half 0/20000 rho 0.000e+00 [0.0e+00, 1.9e-04] pfix - (1s)
torus 16 (-1.0, -2.3, 0.4, 0.0): half 0/20000 rho 0.000e+00 [0.0e+00, 1.9e-04] pfix - (1s)
torus 16 (-1.0, -1.4, -2.0, 0.0): half 0/20000 rho 0.000e+00 [0.0e+00, 1.9e-04] pfix - (1s)
torus 16 (0.0, -2.4, 0.4, 0.0): half 0/20000 rho 0.000e+00 [0.0e+00, 1.9e-04] pfix - (1s)
torus 16 (0.0, -2.3, 0.4, 0.0): half 0/20000 rho 0.000e+00 [0.0e+00, 1.9e-04] pfix - (1s)
torus 16 (0.0, -1.1, -1.6, 0.0): half 12/16000 rho 7.500e-04 [4.3e-04, 1.3e-03] pfix 0.90 (1s)
torus 16 (0.0, -1.4, -1.6, 0.0): half 0/20000 rho 0.000e+00 [0.0e+00, 1.9e-04] pfix - (1s)
torus 16 (-1.0, -1.4, -1.6, 0.0): half 0/20000 rho 0.000e+00 [0.0e+00, 1.9e-04] pfix - (1s)
torus 16 (-1.0, -1.6, -1.6, 0.0): half 0/20000 rho 0.000e+00 [0.0e+00, 1.9e-04] pfix - (1s)
torus 16 (0.0, -1.6, -1.8, 0.0): half 1/20000 rho 5.000e-05 [8.8e-06, 2.8e-04] pfix 0.00 (1s)
torus 16 (0.0, -1.6, -1.6, 0.0): half 0/20000 rho 0.000e+00 [0.0e+00, 1.9e-04] pfix - (1s)
torus 16 (-1.0, -1.6, -1.8, 0.0): half 0/20000 rho 0.000e+00 [0.0e+00, 1.9e-04] pfix - (1s)
torus 16 (-1.0, -1.1, -1.6, 0.0): half 0/20000 rho 0.000e+00 [0.0e+00, 1.9e-04] pfix - (1s)
torus 16 (0.0, -0.4, -0.4, 0.0): half 10/10000 rho 1.000e-03 [5.4e-04, 1.8e-03] pfix 0.30 (1s)
torus 16 (-1.0, -2.6, 0.4, 0.0): half 0/20000 rho 0.000e+00 [0.0e+00, 1.9e-04] pfix - (1s)
torus 16 (0.0, -0.6, -0.4, 0.0): half 0/20000 rho 0.000e+00 [0.0e+00, 1.9e-04] pfix - (2s)
torus 16 (0.0, -2.8, 0.4, 0.0): half 0/20000 rho 0.000e+00 [0.0e+00, 1.9e-04] pfix - (1s)
torus 16 (-1.0, -2.8, 0.4, 0.0): half 0/20000 rho 0.000e+00 [0.0e+00, 1.9e-04] pfix - (1s)
torus 16 (0.0, -2.6, 0.4, 0.0): half 0/20000 rho 0.000e+00 [0.0e+00, 1.9e-04] pfix - (1s)
torus 16 (0.0, -1.8, -1.6, 0.0): half 0/20000 rho 0.000e+00 [0.0e+00, 1.9e-04] pfix - (1s)
torus 16 (-1.0, -1.8, -1.6, 0.0): half 0/20000 rho 0.000e+00 [0.0e+00, 1.9e-04] pfix - (1s)
torus 16 (0.0, -1.8, -2.0, 0.0): half 0/20000 rho 0.000e+00 [0.0e+00, 1.9e-04] pfix - (1s)
torus 16 (-1.0, -1.8, -2.0, 0.0): half 0/20000 rho 0.000e+00 [0.0e+00, 1.9e-04] pfix - (1s)
torus 16 (0.0, -2.8, 0.8, 0.0): half 0/20000 rho 0.000e+00 [0.0e+00, 1.9e-04] pfix - (1s)
torus 16 (0.0, 0.8, -2.2, 0.0): half 409/2000 rho 2.045e-01 [1.9e-01, 2.2e-01] pfix 1.00 (0s)
torus 16 (-1.0, 0.7, -2.2, 0.0): half 222/2000 rho 1.110e-01 [9.8e-02, 1.3e-01] pfix 1.00 (0s)
torus 16 (-1.0, -1.8, -1.8, 0.0): half 0/20000 rho 0.000e+00 [0.0e+00, 1.9e-04] pfix - (1s)
torus 16 (-1.0, 0.6, -2.2, 0.0): half 205/2000 rho 1.025e-01 [9.0e-02, 1.2e-01] pfix 1.00 (1s)
torus 16 (0.0, -0.1, -0.2, 0.0): half 16/2000 rho 8.000e-03 [4.9e-03, 1.3e-02] pfix 1.00 (0s)
torus 16 (0.0, 0.7, -2.2, 0.0): half 399/2000 rho 1.995e-01 [1.8e-01, 2.2e-01] pfix 1.00 (0s)
torus 16 (-1.0, 0.8, -2.2, 0.0): half 280/2000 rho 1.400e-01 [1.3e-01, 1.6e-01] pfix 1.00 (1s)
torus 16 (0.0, -2.2, 0.9, 0.0): half 0/20000 rho 0.000e+00 [0.0e+00, 1.9e-04] pfix - (1s)
torus 16 (0.0, -2.3, 0.9, 0.0): half 0/20000 rho 0.000e+00 [0.0e+00, 1.9e-04] pfix - (1s)
torus 16 (-1.0, -0.1, -0.2, 0.0): half 0/20000 rho 0.000e+00 [0.0e+00, 1.9e-04] pfix - (2s)
torus 16 (-1.0, -0.4, -0.3, 0.0): half 0/20000 rho 0.000e+00 [0.0e+00, 1.9e-04] pfix - (1s)
torus 16 (-1.0, 0.9, -2.3, 0.0): half 303/2000 rho 1.515e-01 [1.4e-01, 1.7e-01] pfix 1.00 (1s)
torus 16 (-1.0, -0.5, -0.4, 0.0): half 0/20000 rho 0.000e+00 [0.0e+00, 1.9e-04] pfix - (1s)
torus 16 (-1.0, -0.4, -0.4, 0.0): half 0/20000 rho 0.000e+00 [0.0e+00, 1.9e-04] pfix - (1s)
torus 16 (-1.0, 0.9, -2.4, 0.0): half 327/2000 rho 1.635e-01 [1.5e-01, 1.8e-01] pfix 1.00 (1s)
torus 16 (0.0, -0.3, -0.4, 0.0): half 13/6000 rho 2.167e-03 [1.3e-03, 3.7e-03] pfix 0.90 (1s)
torus 16 (0.0, -1.1, -1.1, 0.0): half 0/20000 rho 0.000e+00 [0.0e+00, 1.9e-04] pfix - (1s)
torus 16 (0.0, 0.6, -2.2, 0.0): half 357/2000 rho 1.785e-01 [1.6e-01, 2.0e-01] pfix 1.00 (0s)
torus 16 (-1.0, 0.4, -2.2, 0.0): half 125/2000 rho 6.250e-02 [5.3e-02, 7.4e-02] pfix 1.00 (0s)
torus 16 (0.0, 0.4, -2.2, 0.0): half 306/2000 rho 1.530e-01 [1.4e-01, 1.7e-01] pfix 1.00 (0s)
torus 16 (-1.0, 0.2, -2.2, 0.0): half 67/2000 rho 3.350e-02 [2.6e-02, 4.2e-02] pfix 1.00 (0s)
torus 16 (0.0, 0.2, -2.2, 0.0): half 222/2000 rho 1.110e-01 [9.8e-02, 1.3e-01] pfix 1.00 (0s)
torus 16 (0.0, -0.8, -0.2, 0.0): half 0/20000 rho 0.000e+00 [0.0e+00, 1.9e-04] pfix - (1s)
torus 16 (0.0, -0.6, -0.2, 0.0): half 0/20000 rho 0.000e+00 [0.0e+00, 1.9e-04] pfix - (2s)
torus 16 (0.0, -0.4, -0.2, 0.0): half 3/20000 rho 1.500e-04 [5.1e-05, 4.4e-04] pfix 0.00 (2s)
torus 16 (0.0, -0.3, -0.3, 0.0): half 10/6000 rho 1.667e-03 [9.1e-04, 3.1e-03] pfix 0.60 (1s)
torus 16 (-1.0, 0.5, -2.2, 0.0): half 169/2000 rho 8.450e-02 [7.3e-02, 9.8e-02] pfix 1.00 (1s)
torus 16 (0.0, -2.4, 0.9, 0.0): half 0/20000 rho 0.000e+00 [0.0e+00, 1.9e-04] pfix - (1s)
torus 16 (-1.0, -0.3, -0.4, 0.0): half 0/20000 rho 0.000e+00 [0.0e+00, 1.9e-04] pfix - (1s)
torus 16 (0.0, -0.8, -0.3, 0.0): half 0/20000 rho 0.000e+00 [0.0e+00, 1.9e-04] pfix - (1s)
torus 16 (-1.0, -2.8, 0.9, 0.0): half 0/20000 rho 0.000e+00 [0.0e+00, 1.9e-04] pfix - (1s)
torus 16 (-1.0, -1.4, -1.1, 0.0): half 0/20000 rho 0.000e+00 [0.0e+00, 1.9e-04] pfix - (1s)
torus 16 (0.0, -2.6, 0.9, 0.0): half 0/20000 rho 0.000e+00 [0.0e+00, 1.9e-04] pfix - (1s)
torus 16 (0.0, -1.0, -0.4, 0.0): half 0/20000 rho 0.000e+00 [0.0e+00, 1.9e-04] pfix - (1s)
torus 16 (0.0, -0.8, -0.4, 0.0): half 0/20000 rho 0.000e+00 [0.0e+00, 1.9e-04] pfix - (1s)
torus 16 (-1.0, -0.8, -0.3, 0.0): half 0/20000 rho 0.000e+00 [0.0e+00, 1.9e-04] pfix - (1s)
torus 16 (-1.0, -1.6, -1.1, 0.0): half 0/20000 rho 0.000e+00 [0.0e+00, 1.9e-04] pfix - (1s)
torus 16 (-1.0, 0.2, -2.3, 0.0): half 72/2000 rho 3.600e-02 [2.9e-02, 4.5e-02] pfix 1.00 (0s)
torus 16 (-1.0, -1.0, -0.4, 0.0): half 0/20000 rho 0.000e+00 [0.0e+00, 1.9e-04] pfix - (1s)
torus 16 (-1.0, -0.8, -0.4, 0.0): half 0/20000 rho 0.000e+00 [0.0e+00, 1.9e-04] pfix - (1s)
torus 16 (-1.0, 0.0, -2.4, 0.0): half 36/2000 rho 1.800e-02 [1.3e-02, 2.5e-02] pfix 1.00 (0s)
torus 16 (-1.0, 0.2, -2.4, 0.0): half 100/2000 rho 5.000e-02 [4.1e-02, 6.0e-02] pfix 1.00 (0s)
torus 16 (-1.0, -2.6, 0.9, 0.0): half 0/20000 rho 0.000e+00 [0.0e+00, 1.9e-04] pfix - (1s)
torus 16 (-1.0, -2.4, 0.9, 0.0): half 0/20000 rho 0.000e+00 [0.0e+00, 1.9e-04] pfix - (1s)
torus 16 (-1.0, -1.2, -1.1, 0.0): half 0/20000 rho 0.000e+00 [0.0e+00, 1.9e-04] pfix - (1s)
torus 16 (-1.0, -0.8, -0.2, 0.0): half 0/20000 rho 0.000e+00 [0.0e+00, 1.9e-04] pfix - (1s)
torus 16 (-1.0, -0.6, -0.2, 0.0): half 0/20000 rho 0.000e+00 [0.0e+00, 1.9e-04] pfix - (1s)
torus 16 (-1.0, -1.8, -1.1, 0.0): half 0/20000 rho 0.000e+00 [0.0e+00, 1.9e-04] pfix - (1s)
torus 16 (0.0, -0.2, -0.2, 0.0): half 10/4000 rho 2.500e-03 [1.4e-03, 4.6e-03] pfix 0.50 (1s)
torus 16 (0.0, -1.6, -1.1, 0.0): half 0/20000 rho 0.000e+00 [0.0e+00, 1.9e-04] pfix - (1s)
torus 16 (0.0, 0.9, -2.3, 0.0): half 444/2000 rho 2.220e-01 [2.0e-01, 2.4e-01] pfix 1.00 (0s)
torus 16 (-1.0, -0.2, -0.2, 0.0): half 0/20000 rho 0.000e+00 [0.0e+00, 1.9e-04] pfix - (1s)
torus 16 (0.0, 0.9, -2.4, 0.0): half 456/2000 rho 2.280e-01 [2.1e-01, 2.5e-01] pfix 1.00 (0s)
torus 16 (-1.0, -0.5, -0.3, 0.0): half 0/20000 rho 0.000e+00 [0.0e+00, 1.9e-04] pfix - (1s)
hypercube 8 (-1.0, -1.0, -1.0, -1.0): half 0/0 rho 7.812e-03 [7.8e-03, 7.8e-03] pfix 0.50 (0s) analytic
hypercube 8 (0.0, -2.0, 1.0, -1.0): half 0/20000 rho 0.000e+00 [0.0e+00, 1.9e-04] pfix - (1s)
hypercube 8 (-1.0, -2.0, 1.0, -1.0): half 0/20000 rho 0.000e+00 [0.0e+00, 1.9e-04] pfix - (1s)
hypercube 8 (0.0, 1.0, -2.0, 0.0): half 508/2000 rho 2.540e-01 [2.4e-01, 2.7e-01] pfix 1.00 (0s)
hypercube 8 (-1.0, -2.0, 1.0, 0.0): half 0/20000 rho 0.000e+00 [0.0e+00, 1.9e-04] pfix - (1s)
hypercube 8 (0.0, -0.01, -0.01, 0.0): half 19/4000 rho 4.750e-03 [3.0e-03, 7.4e-03] pfix 0.22 (1s)
hypercube 8 (-1.0, 0.0, 0.0, 0.0): half 0/20000 rho 0.000e+00 [0.0e+00, 1.9e-04] pfix - (3s)
hypercube 8 (-1.0, -1.02, -1.03, 0.0): half 0/20000 rho 0.000e+00 [0.0e+00, 1.9e-04] pfix - (1s)
hypercube 8 (-1.0, -1.03, -1.04, 0.0): half 0/20000 rho 0.000e+00 [0.0e+00, 1.9e-04] pfix - (1s)
hypercube 8 (0.0, -2.03, 0.98, 0.0): half 0/20000 rho 0.000e+00 [0.0e+00, 1.9e-04] pfix - (1s)
hypercube 8 (0.0, -1.01, -1.02, 0.0): half 0/20000 rho 0.000e+00 [0.0e+00, 1.9e-04] pfix - (1s)
hypercube 8 (-1.0, -0.01, -0.01, 0.0): half 0/20000 rho 0.000e+00 [0.0e+00, 1.9e-04] pfix - (3s)
hypercube 8 (-1.0, -2.02, 0.98, 0.0): half 0/20000 rho 0.000e+00 [0.0e+00, 1.9e-04] pfix - (1s)
hypercube 8 (-1.0, -2.03, 0.98, 0.0): half 0/20000 rho 0.000e+00 [0.0e+00, 1.9e-04] pfix - (1s)
hypercube 8 (-1.0, -1.01, -1.02, 0.0): half 0/20000 rho 0.000e+00 [0.0e+00, 1.9e-04] pfix - (1s)
hypercube 8 (0.0, -2.02, 0.98, 0.0): half 0/20000 rho 0.000e+00 [0.0e+00, 1.9e-04] pfix - (1s)
hypercube 8 (0.0, -0.02, -0.01, 0.0): half 18/4000 rho 4.500e-03 [2.8e-03, 7.1e-03] pfix 0.30 (1s)
hypercube 8 (-1.0, -1.04, -1.05, 0.0): half 0/20000 rho 0.000e+00 [0.0e+00, 1.9e-04] pfix - (1s)
hypercube 8 (-1.0, -1.05, -1.06, 0.0): half 0/20000 rho 0.000e+00 [0.0e+00, 1.9e-04] pfix - (1s)
hypercube 8 (0.0, -0.04, -0.01, 0.0): half 11/2000 rho 5.500e-03 [3.1e-03, 9.8e-03] pfix 0.30 (0s)
hypercube 8 (0.0, -0.06, -0.01, 0.0): half 12/2000 rho 6.000e-03 [3.4e-03, 1.0e-02] pfix 0.30 (0s)
hypercube 8 (-1.0, -1.08, -1.03, 0.0): half 0/20000 rho 0.000e+00 [0.0e+00, 1.9e-04] pfix - (1s)
hypercube 8 (-1.0, -1.1, -1.04, 0.0): half 0/20000 rho 0.000e+00 [0.0e+00, 1.9e-04] pfix - (1s)
hypercube 8 (-1.0, -1.04, -1.03, 0.0): half 0/20000 rho 0.000e+00 [0.0e+00, 1.9e-04] pfix - (1s)
hypercube 8 (-1.0, -1.06, -1.04, 0.0): half 0/20000 rho 0.000e+00 [0.0e+00, 1.9e-04] pfix - (1s)
hypercube 8 (-1.0, -1.06, -1.03, 0.0): half 0/20000 rho 0.000e+00 [0.0e+00, 1.9e-04] pfix - (1s)
hypercube 8 (0.0, -2.04, 0.98, 0.0): half 0/20000 rho 0.000e+00 [0.0e+00, 1.9e-04] pfix - (1s)
hypercube 8 (0.0, -2.05, 0.98, 0.0): half 0/20000 rho 0.000e+00 [0.0e+00, 1.9e-04] pfix - (1s)
hypercube 8 (0.0, -1.03, -1.04, 0.0): half 0/20000 rho 0.000e+00 [0.0e+00, 1.9e-04] pfix - (1s)
hypercube 8 (0.0, -2.06, 0.98, 0.0): half 0/20000 rho 0.000e+00 [0.0e+00, 1.9e-04] pfix - (1s)
hypercube 8 (-1.0, -2.06, 0.98, 0.0): half 0/20000 rho 0.000e+00 [0.0e+00, 1.9e-04] pfix - (1s)
hypercube 8 (-1.0, -1.06, -1.02, 0.0): half 0/20000 rho 0.000e+00 [0.0e+00, 1.9e-04] pfix - (1s)
hypercube 8 (-1.0, -1.04, -1.02, 0.0): half 0/20000 rho 0.000e+00 [0.0e+00, 1.9e-04] pfix - (1s)
hypercube 8 (0.0, -1.02, -1.02, 0.0): half 0/20000 rho 0.000e+00 [0.0e+00, 1.9e-04] pfix - (1s)
hypercube 8 (-1.0, -1.02, -1.02, 0.0): half 0/20000 rho 0.000e+00 [0.0e+00, 1.9e-04] pfix - (1s)
hypercube 8 (-1.0, -2.04, 0.98, 0.0): half 0/20000 rho 0.000e+00 [0.0e+00, 1.9e-04] pfix - (1s)
hypercube 8 (0.0, -2.08, 0.97, 0.0): half 0/20000 rho 0.000e+00 [0.0e+00, 1.9e-04] pfix - (1s)
hypercube 8 (-1.0, -2.06, 0.97, 0.0): half 0/20000 rho 0.000e+00 [0.0e+00, 1.9e-04] pfix - (1s)
hypercube 8 (0.0, -1.04, -1.03, 0.0): half 0/20000 rho 0.000e+00 [0.0e+00, 1.9e-04] pfix - (1s)
hypercube 8 (0.0, -1.06, -1.04, 0.0): half 0/20000 rho 0.000e+00 [0.0e+00, 1.9e-04] pfix - (1s)
hypercube 8 (0.0, -2.1, 0.96, 0.0): half 0/20000 rho 0.000e+00 [0.0e+00, 1.9e-04] pfix - (1s)
hypercube 8 (-1.0, -0.04, -0.01, 0.0): half 0/20000 rho 0.000e+00 [0.0e+00, 1.9e-04] pfix - (3s)
hypercube 8 (-1.0, -0.02, -0.01, 0.0): half 0/20000 rho 0.000e+00 [0.0e+00, 1.9e-04] pfix - (3s)
hypercube 8 (-1.0, -2.01, 0.98, 0.0): half 0/20000 rho 0.000e+00 [0.0e+00, 1.9e-04] pfix - (1s)
hypercube 8 (-1.0, -0.06, -0.01, 0.0): half 0/20000 rho 0.000e+00 [0.0e+00, 1.9e-04] pfix - (3s)
hypercube 8 (-1.0, -1.03, -1.08, 0.0): half 0/20000 rho 0.000e+00 [0.0e+00, 1.9e-04] pfix - (1s)
hypercube 8 (0.0, -1.03, -1.08, 0.0): half 0/20000 rho 0.000e+00 [0.0e+00, 1.9e-04] pfix - (1s)
hypercube 8 (0.0, -2.01, 0.98, 0.0): half 0/20000 rho 0.000e+00 [0.0e+00, 1.9e-04] pfix - (1s)
hypercube 8 (-1.0, -1.02, -1.06, 0.0): half 0/20000 rho 0.000e+00 [0.0e+00, 1.9e-04] pfix - (1s)
hypercube 8 (-1.0, -2.03, 0.94, 0.0): half 0/20000 rho 0.000e+00 [0.0e+00, 1.9e-04] pfix - (1s)
hypercube 8 (-1.0, -1.04, -1.1, 0.0): half 0/20000 rho 0.000e+00 [0.0e+00, 1.9e-04] pfix - (1s)
hypercube 8 (0.0, -2.04, 0.94, 0.0): half 0/20000 rho 0.000e+00 [0.0e+00, 1.9e-04] pfix - (1s)
hypercube 8 (0.0, -2.03, 0.94, 0.0): half 0/20000 rho 0.000e+00 [0.0e+00, 1.9e-04] pfix - (1s)
hypercube 8 (0.0, -1.01, -1.06, 0.0): half 0/20000 rho 0.000e+00 [0.0e+00, 1.9e-04] pfix - (1s)
hypercube 8 (0.0, -1.04, -1.06, 0.0): half 0/20000 rho 0.000e+00 [0.0e+00, 1.9e-04] pfix - (1s)
hypercube 8 (-1.0, -1.04, -1.06, 0.0): half 0/20000 rho 0.000e+00 [0.0e+00, 1.9e-04] pfix - (1s)
hypercube 8 (-1.0, -1.06, -1.06, 0.0): half 0/20000 rho 0.000e+00 [0.0e+00, 1.9e-04] pfix - (1s)
hypercube 8 (0.0, -1.06, -1.08, 0.0): half 0/20000 rho 0.000e+00 [0.0e+00, 1.9e-04] pfix - (1s)
hypercube 8 (0.0, -1.06, -1.06, 0.0): half 0/20000 rho 0.000e+00 [0.0e+00, 1.9e-04] pfix - (1s)
hypercube 8 (-1.0, -1.06, -1.08, 0.0): half 0/20000 rho 0.000e+00 [0.0e+00, 1.9e-04] pfix - (1s)
hypercube 8 (-1.0, -1.01, -1.06, 0.0): half 0/20000 rho 0.000e+00 [0.0e+00, 1.9e-04] pfix - (1s)
hypercube 8 (0.0, -0.04, -0.04, 0.0): half 13/4000 rho 3.250e-03 [1.9e-03, 5.6e-03] pfix 0.30 (1s)
hypercube 8 (0.0, -0.06, -0.04, 0.0): half 12/4000 rho 3.000e-03 [1.7e-03, 5.2e-03] pfix 0.40 (1s)
hypercube 8 (-1.0, -2.06, 0.94, 0.0): half 0/20000 rho 0.000e+00 [0.0e+00, 1.9e-04] pfix - (1s)
hypercube 8 (0.0, -2.08, 0.94, 0.0): half 0/20000 rho 0.000e+00 [0.0e+00, 1.9e-04] pfix - (1s)
hypercube 8 (-1.0, -2.08, 0.94, 0.0): half 0/20000 rho 0.000e+00 [0.0e+00, 1.9e-04] pfix - (1s)
hypercube 8 (0.0, -2.06, 0.94, 0.0): half 0/20000 rho 0.000e+00 [0.0e+00, 1.9e-04] pfix - (1s)
hypercube 8 (0.0, -1.08, -1.06, 0.0): half 0/20000 rho 0.000e+00 [0.0e+00, 1.9e-04] pfix - (1s)
hypercube 8 (-1.0, -1.08, -1.06, 0.0): half 0/20000 rho 0.000e+00 [0.0e+00, 1.9e-04] pfix - (1s)
hypercube 8 (0.0, -1.08, -1.1, 0.0): half 0/20000 rho 0.000e+00 [0.0e+00, 1.9e-04] pfix - (1s)
hypercube 8 (0.0, -2.08, 0.98, 0.0): half 0/20000 rho 0.000e+00 [0.0e+00, 1.9e-04] pfix - (1s)
hypercube 8 (-1.0, -1.08, -1.1, 0.0): half 0/20000 rho 0.000e+00 [0.0e+00, 1.9e-04] pfix - (1s)
hypercube 8 (0.0, 0.98, -2.02, 0.0): half 493/2000 rho 2.465e-01 [2.3e-01, 2.7e-01] pfix 1.00 (0s)
hypercube 8 (-1.0, 0.97, -2.02, 0.0): half 435/2000 rho 2.175e-01 [2.0e-01, 2.4e-01] pfix 1.00 (0s)
hypercube 8 (-1.0, 0.96, -2.02, 0.0): half 396/2000 rho 1.980e-01 [1.8e-01, 2.2e-01] pfix 1.00 (0s)
hypercube 8 (0.0, 0.97, -2.02, 0.0): half 481/2000 rho 2.405e-01 [2.2e-01, 2.6e-01] pfix 1.00 (0s)
hypercube 8 (-1.0, -1.08, -1.08, 0.0): half 0/20000 rho 0.000e+00 [0.0e+00, 1.9e-04] pfix - (1s)
hypercube 8 (0.0, -0.01, -0.02, 0.0): half 19/4000 rho 4.750e-03 [3.0e-03, 7.4e-03] pfix 0.44 (1s)
hypercube 8 (-1.0, 0.98, -2.02, 0.0): half 414/2000 rho 2.070e-01 [1.9e-01, 2.3e-01] pfix 1.00 (0s)
hypercube 8 (0.0, -2.02, 0.99, 0.0): half 0/20000 rho 0.000e+00 [0.0e+00, 1.9e-04] pfix - (1s)
hypercube 8 (0.0, -2.03, 0.99, 0.0): half 0/20000 rho 0.000e+00 [0.0e+00, 1.9e-04] pfix - (1s)
hypercube 8 (-1.0, -0.01, -0.02, 0.0): half 0/20000 rho 0.000e+00 [0.0e+00, 1.9e-04] pfix - (3s)
hypercube 8 (-1.0, -0.04, -0.03, 0.0): half 0/20000 rho 0.000e+00 [0.0e+00, 1.9e-04] pfix - (3s)
hypercube 8 (-1.0, 0.99, -2.03, 0.0): half 411/2000 rho 2.055e-01 [1.9e-01, 2.2e-01] pfix 1.00 (0s)
hypercube 8 (0.0, -1.01, -1.01, 0.0): half 0/20000 rho 0.000e+00 [0.0e+00, 1.9e-04] pfix - (1s)
hypercube 8 (-1.0, -0.05, -0.04, 0.0): half 0/20000 rho 0.000e+00 [0.0e+00, 1.9e-04] pfix - (3s)
hypercube 8 (-1.0, -0.04, -0.04, 0.0): half 0/20000 rho 0.000e+00 [0.0e+00, 1.9e-04] pfix - (3s)
hypercube 8 (-1.0, 0.99, -2.04, 0.0): half 426/2000 rho 2.130e-01 [2.0e-01, 2.3e-01] pfix 1.00 (0s)
hypercube 8 (0.0, 0.96, -2.02, 0.0): half 465/2000 rho 2.325e-01 [2.1e-01, 2.5e-01] pfix 1.00 (0s)
hypercube 8 (0.0, -0.03, -0.04, 0.0): half 15/4000 rho 3.750e-03 [2.3e-03, 6.2e-03] pfix 0.60 (1s)
hypercube 8 (-1.0, 0.94, -2.02, 0.0): half 393/2000 rho 1.965e-01 [1.8e-01, 2.1e-01] pfix 1.00 (0s)
hypercube 8 (0.0, 0.94, -2.02, 0.0): half 462/2000 rho 2.310e-01 [2.1e-01, 2.5e-01] pfix 1.00 (0s)
hypercube 8 (-1.0, 0.92, -2.02, 0.0): half 361/2000 rho 1.805e-01 [1.6e-01, 2.0e-01] pfix 1.00 (0s)
hypercube 8 (0.0, 0.92, -2.02, 0.0): half 456/2000 rho 2.280e-01 [2.1e-01, 2.5e-01] pfix 1.00 (0s)
hypercube 8 (0.0, -0.06, -0.02, 0.0): half 12/2000 rho 6.000e-03 [3.4e-03, 1.0e-02] pfix 0.50 (0s)
hypercube 8 (0.0, -0.04, -0.02, 0.0): half 15/4000 rho 3.750e-03 [2.3e-03, 6.2e-03] pfix 0.30 (1s)
hypercube 8 (0.0, -0.03, -0.03, 0.0): half 17/4000 rho 4.250e-03 [2.7e-03, 6.8e-03] pfix 0.70 (1s)
hypercube 8 (0.0, -0.08, -0.02, 0.0): half 11/6000 rho 1.833e-03 [1.0e-03, 3.3e-03] pfix 0.30 (1s)
hypercube 8 (-1.0, 0.95, -2.02, 0.0): half 397/2000 rho 1.985e-01 [1.8e-01, 2.2e-01] pfix 1.00 (0s)
hypercube 8 (0.0, -2.04, 0.99, 0.0): half 0/20000 rho 0.000e+00 [0.0e+00, 1.9e-04] pfix - (1s)
hypercube 8 (0.0, -0.08, -0.03, 0.0): half 11/4000 rho 2.750e-03 [1.5e-03, 4.9e-03] pfix 0.30 (1s)
hypercube 8 (-1.0, -0.03, -0.04, 0.0): half 0/20000 rho 0.000e+00 [0.0e+00, 1.9e-04] pfix - (3s)
hypercube 8 (-1.0, -2.08, 0.99, 0.0): half 0/20000 rho 0.000e+00 [0.0e+00, 1.9e-04] pfix - (1s)
hypercube 8 (-1.0, -1.04, -1.01, 0.0): half 0/20000 rho 0.000e+00 [0.0e+00, 1.9e-04] pfix - (1s)
hypercube 8 (0.0, -2.06, 0.99, 0.0): half 0/20000 rho 0.000e+00 [0.0e+00, 1.9e-04] pfix - (1s)
hypercube 8 (0.0, -0.08, -0.04, 0.0): half 11/6000 rho 1.833e-03 [1.0e-03, 3.3e-03] pfix 0.10 (1s)
hypercube 8 (0.0, -0.1, -0.04, 0.0): half 10/8000 rho 1.250e-03 [6.8e-04, 2.3e-03] pfix 0.20 (1s)
hypercube 8 (-1.0, -1.06, -1.01, 0.0): half 0/20000 rho 0.000e+00 [0.0e+00, 1.9e-04] pfix - (1s)
hypercube 8 (-1.0, -0.08, -0.03, 0.0): half 0/20000 rho 0.000e+00 [0.0e+00, 1.9e-04] pfix - (2s)
hypercube 8 (-1.0, 0.92, -2.03, 0.0): half 395/2000 rho 1.975e-01 [1.8e-01, 2.2e-01] pfix 1.00 (0s)
hypercube 8 (-1.0, -0.1, -0.04, 0.0): half 0/20000 rho 0.000e+00 [0.0e+00, 1.9e-04] pfix - (2s)
hypercube 8 (-1.0, 0.9, -2.04, 0.0): half 383/2000 rho 1.915e-01 [1.7e-01, 2.1e-01] pfix 1.00 (0s)
hypercube 8 (-1.0, 0.92, -2.04, 0.0): half 324/2000 rho 1.620e-01 [1.5e-01, 1.8e-01] pfix 1.00 (0s)
hypercube 8 (-1.0, -0.08, -0.04, 0.0): half 0/20000 rho 0.000e+00 [0.0e+00, 1.9e-04] pfix - (3s)
hypercube 8 (-1.0, -2.04, 0.99, 0.0): half 0/20000 rho 0.000e+00 [0.0e+00, 1.9e-04] pfix - (1s)
hypercube 8 (-1.0, -2.06, 0.99, 0.0): half 0/20000 rho 0.000e+00 [0.0e+00, 1.9e-04] pfix - (1s)
hypercube 8 (-1.0, -1.02, -1.01, 0.0): half 0/20000 rho 0.000e+00 [0.0e+00, 1.9e-04] pfix - (1s)
hypercube 8 (-1.0, -0.06, -0.02, 0.0): half 0/20000 rho 0.000e+00 [0.0e+00, 1.9e-04] pfix - (2s)
hypercube 8 (-1.0, -0.08, -0.02, 0.0): half 0/20000 rho 0.000e+00 [0.0e+00, 1.9e-04] pfix - (3s)
hypercube 8 (-1.0, -1.08, -1.01, 0.0): half 0/20000 rho 0.000e+00 [0.0e+00, 1.9e-04] pfix - (1s)
hypercube 8 (0.0, -0.02, -0.02, 0.0): half 15/2000 rho 7.500e-03 [4.6e-03, 1.2e-02] pfix 0.60 (0s)
hypercube 8 (0.0, 0.99, -2.03, 0.0): half 492/2000 rho 2.460e-01 [2.3e-01, 2.7e-01] pfix 1.00 (0s)
hypercube 8 (0.0, -1.06, -1.01, 0.0): half 0/20000 rho 0.000e+00 [0.0e+00, 1.9e-04] pfix - (1s)
hypercube 8 (0.0, 0.99, -2.04, 0.0): half 481/2000 rho 2.405e-01 [2.2e-01, 2.6e-01] pfix 1.00 (0s)
hypercube 8 (-1.0, -0.02, -0.02, 0.0): half 0/20000 rho 0.000e+00 [0.0e+00, 1.9e-04] pfix - (3s)
hypercube 8 (0.0, -0.1, -0.1, 0.0): half 10/6000 rho 1.667e-03 [9.1e-04, 3.1e-03] pfix 0.80 (1s)
hypercube 8 (-1.0, -0.05, -0.03, 0.0): half 0/20000 rho 0.000e+00 [0.0e+00, 1.9e-04] pfix - (3s)
hypercube 8 (-1.0, -1.2, -1.3, 0.0): half 0/20000 rho 0.000e+00 [0.0e+00, 1.9e-04] pfix - (1s)
hypercube 8 (-1.0, -1.3, -1.4, 0.0): half 0/20000 rho 0.000e+00 [0.0e+00, 1.9e-04] pfix - (1s)
hypercube 8 (0.0, -2.3, 0.8, 0.0): half 0/20000 rho 0.000e+00 [0.0e+00, 1.9e-04] pfix - (1s)
hypercube 8 (0.0, -1.1, -1.2, 0.0): half 0/20000 rho 0.000e+00 [0.0e+00, 1.9e-04] pfix - (1s)
hypercube 8 (-1.0, -0.1, -0.1, 0.0): half 0/20000 rho 0.000e+00 [0.0e+00, 1.9e-04] pfix - (2s)
hypercube 8 (-1.0, -2.2, 0.8, 0.0): half 0/20000 rho 0.000e+00 [0.0e+00, 1.9e-04] pfix - (1s)
hypercube 8 (-1.0, -1.1, -1.2, 0.0): half 0/20000 rho 0.000e+00 [0.0e+00, 1.9e-04] pfix - (1s)
hypercube 8 (-1.0, -2.3, 0.8, 0.0): half 0/20000 rho 0.000e+00 [0.0e+00, 1.9e-04] pfix - (1s)
hypercube 8 (0.0, -2.2, 0.8, 0.0): half 0/20000 rho 0.000e+00 [0.0e+00, 1.9e-04] pfix - (1s)
hypercube 8 (-1.0, -1.4, -1.5, 0.0): half 0/20000 rho 0.000e+00 [0.0e+00, 1.9e-04] pfix - (1s)
hypercube 8 (-1.0, -1.5, -1.6, 0.0): half 0/20000 rho 0.000e+00 [0.0e+00, 1.9e-04] pfix - (1s)
hypercube 8 (-1.0, -1.8, -1.3, 0.0): half 0/20000 rho 0.000e+00 [0.0e+00, 1.9e-04] pfix - (1s)
hypercube 8 (0.0, -0.2, -0.1, 0.0): half 10/20000 rho 5.000e-04 [2.7e-04, 9.2e-04] pfix 0.20 (3s)
hypercube 8 (-1.0, -2.0, -1.4, 0.0): half 0/20000 rho 0.000e+00 [0.0e+00, 1.9e-04] pfix - (1s)
hypercube 8 (0.0, -0.4, -0.1, 0.0): half 0/20000 rho 0.000e+00 [0.0e+00, 1.9e-04] pfix - (2s)
hypercube 8 (-1.0, -1.6, -1.4, 0.0): half 0/20000 rho 0.000e+00 [0.0e+00, 1.9e-04] pfix - (1s)
hypercube 8 (-1.0, -1.4, -1.3, 0.0): half 0/20000 rho 0.000e+00 [0.0e+00, 1.9e-04] pfix - (1s)
hypercube 8 (0.0, -0.6, -0.1, 0.0): half 0/20000 rho 0.000e+00 [0.0e+00, 1.9e-04] pfix - (2s)
hypercube 8 (0.0, -2.4, 0.8, 0.0): half 0/20000 rho 0.000e+00 [0.0e+00, 1.9e-04] pfix - (1s)
hypercube 8 (-1.0, -1.6, -1.3, 0.0): half 0/20000 rho 0.000e+00 [0.0e+00, 1.9e-04] pfix - (1s)
hypercube 8 (0.0, -2.5, 0.8, 0.0): half 0/20000 rho 0.000e+00 [0.0e+00, 1.9e-04] pfix - (1s)
hypercube 8 (0.0, -2.6, 0.8, 0.0): half 0/20000 rho 0.000e+00 [0.0e+00, 1.9e-04] pfix - (1s)
hypercube 8 (-1.0, -2.6, 0.8, 0.0): half 0/20000 rho 0.000e+00 [0.0e+00, 1.9e-04] pfix - (1s)
hypercube 8 (0.0, -1.3, -1.4, 0.0): half 0/20000 rho 0.000e+00 [0.0e+00, 1.9e-04] pfix - (1s)
hypercube 8 (-1.0, -1.6, -1.2, 0.0): half 0/20000 rho 0.000e+00 [0.0e+00, 1.9e-04] pfix - (1s)
hypercube 8 (-1.0, -1.4, -1.2, 0.0): half 0/20000 rho 0.000e+00 [0.0e+00, 1.9e-04] pfix - (1s)
hypercube 8 (0.0, -1.2, -1.2, 0.0): half 0/20000 rho 0.000e+00 [0.0e+00, 1.9e-04] pfix - (1s)
hypercube 8 (-1.0, -2.4, 0.8, 0.0): half 0/20000 rho 0.000e+00 [0.0e+00, 1.9e-04] pfix - (1s)
hypercube 8 (0.0, -2.8, 0.7, 0.0): half 0/20000 rho 0.000e+00 [0.0e+00, 1.9e-04] pfix - (1s)
hypercube 8 (-1.0, -1.2, -1.2, 0.0): half 0/20000 rho 0.000e+00 [0.0e+00, 1.9e-04] pfix - (1s)
hypercube 8 (-1.0, -2.6, 0.7, 0.0): half 0/20000 rho 0.000e+00 [0.0e+00, 1.9e-04] pfix - (1s)
hypercube 8 (0.0, -1.4, -1.3, 0.0): half 0/20000 rho 0.000e+00 [0.0e+00, 1.9e-04] pfix - (1s)
hypercube 8 (0.0, -1.6, -1.4, 0.0): half 0/20000 rho 0.000e+00 [0.0e+00, 1.9e-04] pfix - (1s)
hypercube 8 (0.0, -3.0, 0.6, 0.0): half 0/20000 rho 0.000e+00 [0.0e+00, 1.9e-04] pfix - (1s)
hypercube 8 (-1.0, -0.4, -0.1, 0.0): half 0/20000 rho 0.000e+00 [0.0e+00, 1.9e-04] pfix - (2s)
hypercube 8 (-1.0, -0.2, -0.1, 0.0): half 0/20000 rho 0.000e+00 [0.0e+00, 1.9e-04] pfix - (2s)
hypercube 8 (-1.0, -0.6, -0.1, 0.0): half 0/20000 rho 0.000e+00 [0.0e+00, 1.9e-04] pfix - (2s)
hypercube 8 (-1.0, -2.1, 0.8, 0.0): half 0/20000 rho 0.000e+00 [0.0e+00, 1.9e-04] pfix - (1s)
hypercube 8 (-1.0, -1.3, -1.8, 0.0): half 0/20000 rho 0.000e+00 [0.0e+00, 1.9e-04] pfix - (1s)
hypercube 8 (0.0, -2.1, 0.8, 0.0): half 0/20000 rho 0.000e+00 [0.0e+00, 1.9e-04] pfix - (1s)
hypercube 8 (0.0, -1.3, -1.8, 0.0): half 0/20000 rho 0.000e+00 [0.0e+00, 1.9e-04] pfix - (1s)
hypercube 8 (-1.0, -1.2, -1.6, 0.0): half 0/20000 rho 0.000e+00 [0.0e+00, 1.9e-04] pfix - (1s)
hypercube 8 (-1.0, -2.3, 0.4, 0.0): half 0/20000 rho 0.000e+00 [0.0e+00, 1.9e-04] pfix - (1s)
hypercube 8 (-1.0, -1.4, -2.0, 0.0): half 0/20000 rho 0.000e+00 [0.0e+00, 1.9e-04] pfix - (1s)
hypercube 8 (0.0, -2.4, 0.4, 0.0): half 0/20000 rho 0.000e+00 [0.0e+00, 1.9e-04] pfix - (1s)
hypercube 8 (0.0, -2.3, 0.4, 0.0): half 0/20000 rho 0.000e+00 [0.0e+00, 1.9e-04] pfix - (1s)
hypercube 8 (0.0, -1.1, -1.6, 0.0): half 0/20000 rho 0.000e+00 [0.0e+00, 1.9e-04] pfix - (1s)
hypercube 8 (0.0, -1.4, -1.6, 0.0): half 0/20000 rho 0.000e+00 [0.0e+00, 1.9e-04] pfix - (1s)
hypercube 8 (-1.0, -1.4, -1.6, 0.0): half 0/20000 rho 0.000e+00 [0.0e+00, 1.9e-04] pfix - (1s)
hypercube 8 (-1.0, -1.6, -1.6, 0.0): half 0/20000 rho 0.000e+00 [0.0e+00, 1.9e-04] pfix - (1s)
hypercube 8 (0.0, -1.6, -1.8, 0.0): half 0/20000 rho 0.000e+00 [0.0e+00, 1.9e-04] pfix - (1s)
hypercube 8 (0.0, -1.6, -1.6, 0.0): half 0/20000 rho 0.000e+00 [0.0e+00, 1.9e-04] pfix - (1s)
hypercube 8 (-1.0, -1.6, -1.8, 0.0): half 0/20000 rho 0.000e+00 [0.0e+00, 1.9e-04] pfix - (1s)
hypercube 8 (-1.0, -1.1, -1.6, 0.0): half 0/20000 rho 0.000e+00 [0.0e+00, 1.9e-04] pfix - (1s)
hypercube 8 (0.0, -0.6, -0.4, 0.0): half 0/20000 rho 0.000e+00 [0.0e+00, 1.9e-04] pfix - (2s)
hypercube 8 (-1.0, -2.6, 0.4, 0.0): half 0/20000 rho 0.000e+00 [0.0e+00, 1.9e-04] pfix - (1s)
hypercube 8 (0.0, -0.4, -0.4, 0.0): half 1/20000 rho 5.000e-05 [8.8e-06, 2.8e-04] pfix 1.00 (2s)
hypercube 8 (0.0, -2.8, 0.4, 0.0): half 0/20000 rho 0.000e+00 [0.0e+00, 1.9e-04] pfix - (1s)
hypercube 8 (-1.0, -2.8, 0.4, 0.0): half 0/20000 rho 0.000e+00 [0.0e+00, 1.9e-04] pfix - (1s)
hypercube 8 (0.0, -2.6, 0.4, 0.0): half 0/20000 rho 0.000e+00 [0.0e+00, 1.9e-04] pfix - (1s)
hypercube 8 (0.0, -1.8, -1.6, 0.0): half 0/20000 rho 0.000e+00 [0.0e+00, 1.9e-04] pfix - (1s)
hypercube 8 (-1.0, -1.8, -1.6, 0.0): half 0/20000 rho 0.000e+00 [0.0e+00, 1.9e-04] pfix - (1s)
hypercube 8 (0.0, -1.8, -2.0, 0.0): half 0/20000 rho 0.000e+00 [0.0e+00, 1.9e-04] pfix - (1s)
hypercube 8 (0.0, -2.8, 0.8, 0.0): half 0/20000 rho 0.000e+00 [0.0e+00, 1.9e-04] pfix - (1s)
hypercube 8 (-1.0, -1.8, -2.0, 0.0): half 0/20000 rho 0.000e+00 [0.0e+00, 1.9e-04] pfix - (1s)
hypercube 8 (-1.0, -1.8, -1.8, 0.0): half 0/20000 rho 0.000e+00 [0.0e+00, 1.9e-04] pfix - (1s)
hypercube 8 (0.0, 0.8, -2.2, 0.0): half 394/2000 rho 1.970e-01 [1.8e-01, 2.2e-01] pfix 1.00 (0s)
hypercube 8 (-1.0, 0.7, -2.2, 0.0): half 321/2000 rho 1.605e-01 [1.5e-01, 1.8e-01] pfix 1.00 (0s)
hypercube 8 (-1.0, 0.6, -2.2, 0.0): half 284/2000 rho 1.420e-01 [1.3e-01, 1.6e-01] pfix 1.00 (0s)
hypercube 8 (0.0, 0.7, -2.2, 0.0): half 412/2000 rho 2.060e-01 [1.9e-01, 2.2e-01] pfix 1.00 (0s)
hypercube 8 (0.0, -0.1, -0.2, 0.0): half 16/4000 rho 4.000e-03 [2.5e-03, 6.5e-03] pfix 0.90 (1s)
hypercube 8 (-1.0, 0.8, -2.2, 0.0): half 370/2000 rho 1.850e-01 [1.7e-01, 2.0e-01] pfix 1.00 (0s)
hypercube 8 (0.0, -2.2, 0.9, 0.0): half 0/20000 rho 0.000e+00 [0.0e+00, 1.9e-04] pfix - (1s)
hypercube 8 (-1.0, -0.4, -0.3, 0.0): half 0/20000 rho 0.000e+00 [0.0e+00, 1.9e-04] pfix - (2s)
hypercube 8 (0.0, -2.3, 0.9, 0.0): half 0/20000 rho 0.000e+00 [0.0e+00, 1.9e-04] pfix - (1s)
hypercube 8 (-1.0, -0.1, -0.2, 0.0): half 0/20000 rho 0.000e+00 [0.0e+00, 1.9e-04] pfix - (2s)
hypercube 8 (-1.0, 0.9, -2.3, 0.0): half 387/2000 rho 1.935e-01 [1.8e-01, 2.1e-01] pfix 1.00 (0s)
hypercube 8 (-1.0, -0.5, -0.4, 0.0): half 0/20000 rho 0.000e+00 [0.0e+00, 1.9e-04] pfix - (2s)
hypercube 8 (-1.0, -0.4, -0.4, 0.0): half 0/20000 rho 0.000e+00 [0.0e+00, 1.9e-04] pfix - (2s)
hypercube 8 (0.0, -1.1, -1.1, 0.0): half 0/20000 rho 0.000e+00 [0.0e+00, 1.9e-04] pfix - (1s)
hypercube 8 (-1.0, 0.9, -2.4, 0.0): half 427/2000 rho 2.135e-01 [2.0e-01, 2.3e-01] pfix 1.00 (0s)
hypercube 8 (0.0, 0.6, -2.2, 0.0): half 323/2000 rho 1.615e-01 [1.5e-01, 1.8e-01] pfix 1.00 (0s)
hypercube 8 (-1.0, 0.4, -2.2, 0.0): half 151/2000 rho 7.550e-02 [6.5e-02, 8.8e-02] pfix 1.00 (0s)
hypercube 8 (0.0, 0.4, -2.2, 0.0): half 271/2000 rho 1.355e-01 [1.2e-01, 1.5e-01] pfix 1.00 (0s)
hypercube 8 (-1.0, 0.2, -2.2, 0.0): half 92/2000 rho 4.600e-02 [3.8e-02, 5.6e-02] pfix 1.00 (0s)
hypercube 8 (0.0, 0.2, -2.2, 0.0): half 177/2000 rho 8.850e-02 [7.7e-02, 1.0e-01] pfix 1.00 (0s)
hypercube 8 (0.0, -0.3, -0.4, 0.0): half 6/20000 rho 3.000e-04 [1.4e-04, 6.5e-04] pfix 0.83 (3s)
hypercube 8 (0.0, -0.6, -0.2, 0.0): half 0/20000 rho 0.000e+00 [0.0e+00, 1.9e-04] pfix - (2s)
hypercube 8 (0.0, -0.4, -0.2, 0.0): half 0/20000 rho 0.000e+00 [0.0e+00, 1.9e-04] pfix - (2s)
hypercube 8 (0.0, -0.8, -0.2, 0.0): half 0/20000 rho 0.000e+00 [0.0e+00, 1.9e-04] pfix - (2s)
hypercube 8 (-1.0, 0.5, -2.2, 0.0): half 208/2000 rho 1.040e-01 [9.1e-02, 1.2e-01] pfix 1.00 (0s)
hypercube 8 (0.0, -2.4, 0.9, 0.0): half 0/20000 rho 0.000e+00 [0.0e+00, 1.9e-04] pfix - (1s)
hypercube 8 (-1.0, -0.3, -0.4, 0.0): half 0/20000 rho 0.000e+00 [0.0e+00, 1.9e-04] pfix - (2s)
hypercube 8 (0.0, -0.3, -0.3, 0.0): half 2/20000 rho 1.000e-04 [2.7e-05, 3.6e-04] pfix 0.50 (2s)
hypercube 8 (-1.0, -2.8, 0.9, 0.0): half 0/20000 rho 0.000e+00 [0.0e+00, 1.9e-04] pfix - (1s)
hypercube 8 (-1.0, -1.4, -1.1, 0.0): half 0/20000 rho 0.000e+00 [0.0e+00, 1.9e-04] pfix - (1s)
hypercube 8 (0.0, -0.8, -0.3, 0.0): half 0/20000 rho 0.000e+00 [0.0e+00, 1.9e-04] pfix - (2s)
hypercube 8 (0.0, -2.6, 0.9, 0.0): half 0/20000 rho 0.000e+00 [0.0e+00, 1.9e-04] pfix - (1s)
hypercube 8 (0.0, -1.0, -0.4, 0.0): half 0/20000 rho 0.000e+00 [0.0e+00, 1.9e-04] pfix - (1s)
hypercube 8 (0.0, -0.8, -0.4, 0.0): half 0/20000 rho 0.000e+00 [0.0e+00, 1.9e-04] pfix - (2s)
hypercube 8 (-1.0, -0.8, -0.3, 0.0): half 0/20000 rho 0.000e+00 [0.0e+00, 1.9e-04] pfix - (2s)
hypercube 8 (-1.0, -1.6, -1.1, 0.0): half 0/20000 rho 0.000e+00 [0.0e+00, 1.9e-04] pfix - (1s)
hypercube 8 (-1.0, 0.2, -2.3, 0.0): half 88/2000 rho 4.400e-02 [3.6e-02, 5.4e-02] pfix 1.00 (0s)
hypercube 8 (-1.0, -1.0, -0.4, 0.0): half 0/20000 rho 0.000e+00 [0.0e+00, 1.9e-04] pfix - (1s)
hypercube 8 (-1.0, 0.0, -2.4, 0.0): half 39/2000 rho 1.950e-02 [1.4e-02, 2.7e-02] pfix 1.00 (0s)
hypercube 8 (-1.0, 0.2, -2.4, 0.0): half 101/2000 rho 5.050e-02 [4.2e-02, 6.1e-02] pfix 1.00 (0s)
hypercube 8 (-1.0, -0.8, -0.4, 0.0): half 0/20000 rho 0.000e+00 [0.0e+00, 1.9e-04] pfix - (2s)
hypercube 8 (-1.0, -2.4, 0.9, 0.0): half 0/20000 rho 0.000e+00 [0.0e+00, 1.9e-04] pfix - (1s)
hypercube 8 (-1.0, -2.6, 0.9, 0.0): half 0/20000 rho 0.000e+00 [0.0e+00, 1.9e-04] pfix - (1s)
hypercube 8 (-1.0, -1.2, -1.1, 0.0): half 0/20000 rho 0.000e+00 [0.0e+00, 1.9e-04] pfix - (1s)
hypercube 8 (-1.0, -0.6, -0.2, 0.0): half 0/20000 rho 0.000e+00 [0.0e+00, 1.9e-04] pfix - (2s)
hypercube 8 (-1.0, -0.8, -0.2, 0.0): half 0/20000 rho 0.000e+00 [0.0e+00, 1.9e-04] pfix - (2s)
hypercube 8 (-1.0, -1.8, -1.1, 0.0): half 0/20000 rho 0.000e+00 [0.0e+00, 1.9e-04] pfix - (1s)
hypercube 8 (0.0, -1.6, -1.1, 0.0): half 0/20000 rho 0.000e+00 [0.0e+00, 1.9e-04] pfix - (1s)
hypercube 8 (0.0, 0.9, -2.3, 0.0): half 463/2000 rho 2.315e-01 [2.1e-01, 2.5e-01] pfix 1.00 (0s)
hypercube 8 (-1.0, -0.2, -0.2, 0.0): half 0/20000 rho 0.000e+00 [0.0e+00, 1.9e-04] pfix - (2s)
hypercube 8 (0.0, 0.9, -2.4, 0.0): half 458/2000 rho 2.290e-01 [2.1e-01, 2.5e-01] pfix 1.00 (0s)
hypercube 8 (0.0, -0.2, -0.2, 0.0): half 12/20000 rho 6.000e-04 [3.4e-04, 1.0e-03] pfix 0.60 (3s)
hypercube 6 (0.0, -2.0, 1.0, -1.0): half 4/20000 rho 2.000e-04 [7.8e-05, 5.1e-04] pfix 0.00 (0s)
hypercube 6 (-1.0, -1.0, -1.0, -1.0): half 0/0 rho 3.125e-02 [3.1e-02, 3.1e-02] pfix 0.50 (0s) analytic
hypercube 6 (-1.0, 0.0, 0.0, 0.0): half 14/4000 rho 3.500e-03 [2.1e-03, 5.9e-03] pfix 0.00 (0s)
hypercube 6 (-1.0, -2.0, 1.0, -1.0): half 0/20000 rho 0.000e+00 [0.0e+00, 1.9e-04] pfix - (0s)
hypercube 8 (-1.0, -0.5, -0.3, 0.0): half 0/20000 rho 0.000e+00 [0.0e+00, 1.9e-04] pfix - (2s)
hypercube 6 (0.0, 1.0, -2.0, 0.0): half 480/2000 rho 2.400e-01 [2.2e-01, 2.6e-01] pfix 1.00 (0s)
hypercube 6 (-1.0, -2.0, 1.0, 0.0): half 0/20000 rho 0.000e+00 [0.0e+00, 1.9e-04] pfix - (0s)
hypercube 6 (0.0, -0.01, -0.01, 0.0): half 63/2000 rho 3.150e-02 [2.5e-02, 4.0e-02] pfix 0.70 (0s)
hypercube 6 (-1.0, -0.01, -0.01, 0.0): half 17/4000 rho 4.250e-03 [2.7e-03, 6.8e-03] pfix 0.00 (0s)
hypercube 6 (-1.0, -1.02, -1.03, 0.0): half 2/20000 rho 1.000e-04 [2.7e-05, 3.6e-04] pfix 0.00 (0s)
hypercube 6 (-1.0, -1.03, -1.04, 0.0): half 2/20000 rho 1.000e-04 [2.7e-05, 3.6e-04] pfix 0.00 (0s)
hypercube 6 (0.0, -2.03, 0.98, 0.0): half 0/20000 rho 0.000e+00 [0.0e+00, 1.9e-04] pfix - (0s)
hypercube 6 (0.0, -1.01, -1.02, 0.0): half 14/6000 rho 2.333e-03 [1.4e-03, 3.9e-03] pfix 0.40 (0s)
hypercube 6 (-1.0, -2.02, 0.98, 0.0): half 0/20000 rho 0.000e+00 [0.0e+00, 1.9e-04] pfix - (0s)
hypercube 6 (-1.0, -2.03, 0.98, 0.0): half 0/20000 rho 0.000e+00 [0.0e+00, 1.9e-04] pfix - (0s)
hypercube 6 (-1.0, -1.01, -1.02, 0.0): half 2/20000 rho 1.000e-04 [2.7e-05, 3.6e-04] pfix 0.00 (0s)
hypercube 6 (0.0, -2.02, 0.98, 0.0): half 0/20000 rho 0.000e+00 [0.0e+00, 1.9e-04] pfix - (0s)
hypercube 6 (0.0, -0.02, -0.01, 0.0): half 56/2000 rho 2.800e-02 [2.2e-02, 3.6e-02] pfix 0.60 (0s)
hypercube 6 (-1.0, -1.04, -1.05, 0.0): half 2/20000 rho 1.000e-04 [2.7e-05, 3.6e-04] pfix 0.00 (0s)
hypercube 6 (0.0, -0.04, -0.01, 0.0): half 48/2000 rho 2.400e-02 [1.8e-02, 3.2e-02] pfix 0.50 (0s)
hypercube 6 (-1.0, -1.05, -1.06, 0.0): half 2/20000 rho 1.000e-04 [2.7e-05, 3.6e-04] pfix 0.00 (0s)
hypercube 6 (0.0, -0.06, -0.01, 0.0): half 48/2000 rho 2.400e-02 [1.8e-02, 3.2e-02] pfix 0.60 (0s)
hypercube 6 (-1.0, -1.08, -1.03, 0.0): half 1/20000 rho 5.000e-05 [8.8e-06, 2.8e-04] pfix 0.00 (0s)
hypercube 6 (-1.0, -1.1, -1.04, 0.0): half 1/20000 rho 5.000e-05 [8.8e-06, 2.8e-04] pfix 0.00 (0s)
hypercube 6 (-1.0, -1.04, -1.03, 0.0): half 2/20000 rho 1.000e-04 [2.7e-05, 3.6e-04] pfix 0.00 (0s)
hypercube 6 (-1.0, -1.06, -1.04, 0.0): half 2/20000 rho 1.000e-04 [2.7e-05, 3.6e-04] pfix 0.00 (0s)
hypercube 6 (-1.0, -1.06, -1.03, 0.0): half 2/20000 rho 1.000e-04 [2.7e-05, 3.6e-04] pfix 0.00 (0s)
hypercube 6 (0.0, -2.04, 0.98, 0.0): half 0/20000 rho 0.000e+00 [0.0e+00, 1.9e-04] pfix - (0s)
hypercube 6 (0.0, -2.05, 0.98, 0.0): half 0/20000 rho 0.000e+00 [0.0e+00, 1.9e-04] pfix - (0s)
hypercube 6 (0.0, -1.03, -1.04, 0.0): half 11/6000 rho 1.833e-03 [1.0e-03, 3.3e-03] pfix 0.50 (0s)
hypercube 6 (0.0, -2.06, 0.98, 0.0): half 0/20000 rho 0.000e+00 [0.0e+00, 1.9e-04] pfix - (0s)
hypercube 6 (-1.0, -2.06, 0.98, 0.0): half 0/20000 rho 0.000e+00 [0.0e+00, 1.9e-04] pfix - (0s)
hypercube 6 (-1.0, -1.06, -1.02, 0.0): half 2/20000 rho 1.000e-04 [2.7e-05, 3.6e-04] pfix 0.00 (0s)
hypercube 6 (0.0, -1.02, -1.02, 0.0): half 12/6000 rho 2.000e-03 [1.1e-03, 3.5e-03] pfix 0.40 (0s)
hypercube 6 (-1.0, -1.04, -1.02, 0.0): half 2/20000 rho 1.000e-04 [2.7e-05, 3.6e-04] pfix 0.00 (0s)
hypercube 6 (-1.0, -2.04, 0.98, 0.0): half 0/20000 rho 0.000e+00 [0.0e+00, 1.9e-04] pfix - (0s)
hypercube 6 (-1.0, -1.02, -1.02, 0.0): half 2/20000 rho 1.000e-04 [2.7e-05, 3.6e-04] pfix 0.00 (0s)
hypercube 6 (0.0, -1.04, -1.03, 0.0): half 11/6000 rho 1.833e-03 [1.0e-03, 3.3e-03] pfix 0.30 (0s)
hypercube 6 (0.0, -2.08, 0.97, 0.0): half 0/20000 rho 0.000e+00 [0.0e+00, 1.9e-04] pfix - (0s)
hypercube 6 (0.0, -1.06, -1.04, 0.0): half 12/6000 rho 2.000e-03 [1.1e-03, 3.5e-03] pfix 0.60 (0s)
hypercube 6 (-1.0, -0.04, -0.01, 0.0): half 17/4000 rho 4.250e-03 [2.7e-03, 6.8e-03] pfix 0.00 (0s)
hypercube 6 (-1.0, -0.02, -0.01, 0.0): half 17/4000 rho 4.250e-03 [2.7e-03, 6.8e-03] pfix 0.00 (0s)
hypercube 6 (-1.0, -2.06, 0.97, 0.0): half 0/20000 rho 0.000e+00 [0.0e+00, 1.9e-04] pfix - (0s)
hypercube 6 (-1.0, -0.06, -0.01, 0.0): half 13/4000 rho 3.250e-03 [1.9e-03, 5.6e-03] pfix 0.00 (0s)
hypercube 6 (0.0, -2.1, 0.96, 0.0): half 0/20000 rho 0.000e+00 [0.0e+00, 1.9e-04] pfix - (0s)
hypercube 6 (-1.0, -2.01, 0.98, 0.0): half 0/20000 rho 0.000e+00 [0.0e+00, 1.9e-04] pfix - (0s)
hypercube 6 (0.0, -1.03, -1.08, 0.0): half 14/6000 rho 2.333e-03 [1.4e-03, 3.9e-03] pfix 0.60 (0s)
hypercube 6 (-1.0, -1.03, -1.08, 0.0): half 1/20000 rho 5.000e-05 [8.8e-06, 2.8e-04] pfix 0.00 (0s)
hypercube 6 (0.0, -2.01, 0.98, 0.0): half 0/20000 rho 0.000e+00 [0.0e+00, 1.9e-04] pfix - (0s)
hypercube 6 (-1.0, -1.02, -1.06, 0.0): half 1/20000 rho 5.000e-05 [8.8e-06, 2.8e-04] pfix 0.00 (0s)
hypercube 6 (-1.0, -2.03, 0.94, 0.0): half 0/20000 rho 0.000e+00 [0.0e+00, 1.9e-04] pfix - (0s)
hypercube 6 (-1.0, -1.04, -1.1, 0.0): half 2/20000 rho 1.000e-04 [2.7e-05, 3.6e-04] pfix 0.00 (0s)
hypercube 6 (0.0, -1.01, -1.06, 0.0): half 14/6000 rho 2.333e-03 [1.4e-03, 3.9e-03] pfix 0.50 (0s)
hypercube 6 (0.0, -2.04, 0.94, 0.0): half 0/20000 rho 0.000e+00 [0.0e+00, 1.9e-04] pfix - (0s)
hypercube 6 (0.0, -1.04, -1.06, 0.0): half 13/6000 rho 2.167e-03 [1.3e-03, 3.7e-03] pfix 0.40 (0s)
hypercube 6 (0.0, -2.03, 0.94, 0.0): half 0/20000 rho 0.000e+00 [0.0e+00, 1.9e-04] pfix - (0s)
hypercube 6 (0.0, -1.06, -1.08, 0.0): half 11/6000 rho 1.833e-03 [1.0e-03, 3.3e-03] pfix 0.40 (0s)
hypercube 6 (-1.0, -1.04, -1.06, 0.0): half 2/20000 rho 1.000e-04 [2.7e-05, 3.6e-04] pfix 0.00 (0s)
hypercube 6 (0.0, -1.06, -1.06, 0.0): half 12/6000 rho 2.000e-03 [1.1e-03, 3.5e-03] pfix 0.50 (0s)
hypercube 6 (-1.0, -1.06, -1.06, 0.0): half 2/20000 rho 1.000e-04 [2.7e-05, 3.6e-04] pfix 0.00 (0s)
hypercube 6 (0.0, -0.04, -0.04, 0.0): half 47/2000 rho 2.350e-02 [1.8e-02, 3.1e-02] pfix 0.60 (0s)
hypercube 6 (0.0, -0.06, -0.04, 0.0): half 40/2000 rho 2.000e-02 [1.5e-02, 2.7e-02] pfix 0.50 (0s)
hypercube 6 (-1.0, -1.06, -1.08, 0.0): half 2/20000 rho 1.000e-04 [2.7e-05, 3.6e-04] pfix 0.00 (0s)
hypercube 6 (-1.0, -1.01, -1.06, 0.0): half 2/20000 rho 1.000e-04 [2.7e-05, 3.6e-04] pfix 0.00 (0s)
hypercube 6 (-1.0, -2.06, 0.94, 0.0): half 0/20000 rho 0.000e+00 [0.0e+00, 1.9e-04] pfix - (0s)
hypercube 6 (0.0, -2.08, 0.94, 0.0): half 0/20000 rho 0.000e+00 [0.0e+00, 1.9e-04] pfix - (0s)
hypercube 6 (-1.0, -2.08, 0.94, 0.0): half 0/20000 rho 0.000e+00 [0.0e+00, 1.9e-04] pfix - (0s)
hypercube 6 (0.0, -1.08, -1.06, 0.0): half 10/6000 rho 1.667e-03 [9.1e-04, 3.1e-03] pfix 0.50 (0s)
hypercube 6 (0.0, -2.06, 0.94, 0.0): half 0/20000 rho 0.000e+00 [0.0e+00, 1.9e-04] pfix - (0s)
hypercube 6 (0.0, -1.08, -1.1, 0.0): half 11/10000 rho 1.100e-03 [6.1e-04, 2.0e-03] pfix 0.70 (0s)
hypercube 6 (-1.0, -1.08, -1.06, 0.0): half 1/20000 rho 5.000e-05 [8.8e-06, 2.8e-04] pfix 0.00 (0s)
hypercube 6 (-1.0, -1.08, -1.1, 0.0): half 1/20000 rho 5.000e-05 [8.8e-06, 2.8e-04] pfix 0.00 (0s)
hypercube 6 (0.0, 0.98, -2.02, 0.0): half 474/2000 rho 2.370e-01 [2.2e-01, 2.6e-01] pfix 1.00 (0s)
hypercube 6 (0.0, -2.08, 0.98, 0.0): half 0/20000 rho 0.000e+00 [0.0e+00, 1.9e-04] pfix - (0s)
hypercube 6 (-1.0, 0.97, -2.02, 0.0): half 365/2000 rho 1.825e-01 [1.7e-01, 2.0e-01] pfix 1.00 (0s)
hypercube 6 (-1.0, 0.96, -2.02, 0.0): half 375/2000 rho 1.875e-01 [1.7e-01, 2.1e-01] pfix 1.00 (0s)
hypercube 6 (0.0, -0.01, -0.02, 0.0): half 58/2000 rho 2.900e-02 [2.3e-02, 3.7e-02] pfix 0.70 (0s)
hypercube 6 (-1.0, -1.08, -1.08, 0.0): half 1/20000 rho 5.000e-05 [8.8e-06, 2.8e-04] pfix 0.00 (0s)
hypercube 6 (0.0, 0.97, -2.02, 0.0): half 449/2000 rho 2.245e-01 [2.1e-01, 2.4e-01] pfix 1.00 (0s)
hypercube 6 (-1.0, 0.98, -2.02, 0.0): half 374/2000 rho 1.870e-01 [1.7e-01, 2.0e-01] pfix 1.00 (0s)
hypercube 6 (-1.0, -0.01, -0.02, 0.0): half 19/4000 rho 4.750e-03 [3.0e-03, 7.4e-03] pfix 0.00 (0s)
hypercube 6 (-1.0, -0.04, -0.03, 0.0): half 16/4000 rho 4.000e-03 [2.5e-03, 6.5e-03] pfix 0.00 (0s)
hypercube 6 (0.0, -2.02, 0.99, 0.0): half 0/20000 rho 0.000e+00 [0.0e+00, 1.9e-04] pfix - (0s)
hypercube 6 (-1.0, -0.05, -0.04, 0.0): half 17/4000 rho 4.250e-03 [2.7e-03, 6.8e-03] pfix 0.00 (0s)
hypercube 6 (0.0, -2.03, 0.99, 0.0): half 0/20000 rho 0.000e+00 [0.0e+00, 1.9e-04] pfix - (0s)
hypercube 6 (-1.0, 0.99, -2.03, 0.0): half 377/2000 rho 1.885e-01 [1.7e-01, 2.1e-01] pfix 1.00 (0s)
hypercube 6 (-1.0, -0.04, -0.04, 0.0): half 16/4000 rho 4.000e-03 [2.5e-03, 6.5e-03] pfix 0.00 (0s)
hypercube 6 (0.0, -0.03, -0.04, 0.0): half 57/2000 rho 2.850e-02 [2.2e-02, 3.7e-02] pfix 0.70 (0s)
hypercube 6 (-1.0, 0.99, -2.04, 0.0): half 405/2000 rho 2.025e-01 [1.9e-01, 2.2e-01] pfix 1.00 (0s)
hypercube 6 (0.0, -1.01, -1.01, 0.0): half 13/6000 rho 2.167e-03 [1.3e-03, 3.7e-03] pfix 0.40 (0s)
hypercube 6 (0.0, 0.96, -2.02, 0.0): half 457/2000 rho 2.285e-01 [2.1e-01, 2.5e-01] pfix 1.00 (0s)
hypercube 6 (-1.0, 0.94, -2.02, 0.0): half 357/2000 rho 1.785e-01 [1.6e-01, 2.0e-01] pfix 1.00 (0s)
hypercube 6 (0.0, 0.94, -2.02, 0.0): half 509/2000 rho 2.545e-01 [2.4e-01, 2.7e-01] pfix 1.00 (0s)
hypercube 6 (-1.0, 0.92, -2.02, 0.0): half 346/2000 rho 1.730e-01 [1.6e-01, 1.9e-01] pfix 1.00 (0s)
hypercube 6 (0.0, 0.92, -2.02, 0.0): half 439/2000 rho 2.195e-01 [2.0e-01, 2.4e-01] pfix 1.00 (0s)
hypercube 6 (0.0, -0.04, -0.02, 0.0): half 50/2000 rho 2.500e-02 [1.9e-02, 3.3e-02] pfix 0.50 (0s)
hypercube 6 (0.0, -0.06, -0.02, 0.0): half 40/2000 rho 2.000e-02 [1.5e-02, 2.7e-02] pfix 0.50 (0s)
hypercube 6 (0.0, -0.08, -0.02, 0.0): half 47/2000 rho 2.350e-02 [1.8e-02, 3.1e-02] pfix 0.30 (0s)
hypercube 6 (0.0, -0.03, -0.03, 0.0): half 55/2000 rho 2.750e-02 [2.1e-02, 3.6e-02] pfix 0.70 (0s)
hypercube 6 (-1.0, 0.95, -2.02, 0.0): half 378/2000 rho 1.890e-01 [1.7e-01, 2.1e-01] pfix 1.00 (0s)
hypercube 6 (-1.0, -0.03, -0.04, 0.0): half 20/4000 rho 5.000e-03 [3.2e-03, 7.7e-03] pfix 0.00 (0s)
hypercube 6 (0.0, -0.08, -0.03, 0.0): half 44/2000 rho 2.200e-02 [1.6e-02, 2.9e-02] pfix 0.30 (0s)
hypercube 6 (0.0, -2.04, 0.99, 0.0): half 0/20000 rho 0.000e+00 [0.0e+00, 1.9e-04] pfix - (0s)
hypercube 6 (-1.0, -2.08, 0.99, 0.0): half 0/20000 rho 0.000e+00 [0.0e+00, 1.9e-04] pfix - (0s)
hypercube 6 (-1.0, -1.04, -1.01, 0.0): half 2/20000 rho 1.000e-04 [2.7e-05, 3.6e-04] pfix 0.00 (0s)
hypercube 6 (0.0, -0.1, -0.04, 0.0): half 49/2000 rho 2.450e-02 [1.9e-02, 3.2e-02] pfix 0.30 (0s)
hypercube 6 (0.0, -0.08, -0.04, 0.0): half 44/2000 rho 2.200e-02 [1.6e-02, 2.9e-02] pfix 0.30 (0s)
hypercube 6 (0.0, -2.06, 0.99, 0.0): half 0/20000 rho 0.000e+00 [0.0e+00, 1.9e-04] pfix - (0s)
hypercube 6 (-1.0, -0.08, -0.03, 0.0): half 12/4000 rho 3.000e-03 [1.7e-03, 5.2e-03] pfix 0.00 (0s)
hypercube 6 (-1.0, -0.1, -0.04, 0.0): half 10/4000 rho 2.500e-03 [1.4e-03, 4.6e-03] pfix 0.00 (0s)
hypercube 6 (-1.0, -0.08, -0.04, 0.0): half 13/4000 rho 3.250e-03 [1.9e-03, 5.6e-03] pfix 0.00 (0s)
hypercube 6 (-1.0, 0.92, -2.03, 0.0): half 356/2000 rho 1.780e-01 [1.6e-01, 2.0e-01] pfix 1.00 (0s)
hypercube 6 (-1.0, 0.9, -2.04, 0.0): half 350/2000 rho 1.750e-01 [1.6e-01, 1.9e-01] pfix 1.00 (0s)
hypercube 6 (-1.0, 0.92, -2.04, 0.0): half 349/2000 rho 1.745e-01 [1.6e-01, 1.9e-01] pfix 1.00 (0s)
hypercube 6 (-1.0, -1.06, -1.01, 0.0): half 2/20000 rho 1.000e-04 [2.7e-05, 3.6e-04] pfix 0.00 (0s)
hypercube 6 (-1.0, -2.04, 0.99, 0.0): half 0/20000 rho 0.000e+00 [0.0e+00, 1.9e-04] pfix - (0s)
hypercube 6 (-1.0, -2.06, 0.99, 0.0): half 0/20000 rho 0.000e+00 [0.0e+00, 1.9e-04] pfix - (0s)
hypercube 6 (-1.0, -0.06, -0.02, 0.0): half 13/4000 rho 3.250e-03 [1.9e-03, 5.6e-03] pfix 0.00 (0s)
hypercube 6 (-1.0, -0.08, -0.02, 0.0): half 12/4000 rho 3.000e-03 [1.7e-03, 5.2e-03] pfix 0.00 (0s)
hypercube 6 (-1.0, -1.02, -1.01, 0.0): half 1/20000 rho 5.000e-05 [8.8e-06, 2.8e-04] pfix 0.00 (0s)
hypercube 6 (0.0, -1.06, -1.01, 0.0): half 10/4000 rho 2.500e-03 [1.4e-03, 4.6e-03] pfix 0.50 (0s)
hypercube 6 (-1.0, -0.02, -0.02, 0.0): half 18/4000 rho 4.500e-03 [2.8e-03, 7.1e-03] pfix 0.00 (0s)
hypercube 6 (0.0, -0.02, -0.02, 0.0): half 56/2000 rho 2.800e-02 [2.2e-02, 3.6e-02] pfix 0.60 (0s)
hypercube 6 (0.0, 0.99, -2.03, 0.0): half 458/2000 rho 2.290e-01 [2.1e-01, 2.5e-01] pfix 1.00 (0s)
hypercube 6 (-1.0, -0.05, -0.03, 0.0): half 17/4000 rho 4.250e-03 [2.7e-03, 6.8e-03] pfix 0.00 (0s)
hypercube 6 (0.0, 0.99, -2.04, 0.0): half 472/2000 rho 2.360e-01 [2.2e-01, 2.6e-01] pfix 1.00 (0s)
hypercube 6 (-1.0, -1.08, -1.01, 0.0): half 1/20000 rho 5.000e-05 [8.8e-06, 2.8e-04] pfix 0.00 (0s)
hypercube 6 (0.0, -0.1, -0.1, 0.0): half 53/2000 rho 2.650e-02 [2.0e-02, 3.4e-02] pfix 0.30 (0s)
hypercube 6 (-1.0, -0.1, -0.1, 0.0): half 10/4000 rho 2.500e-03 [1.4e-03, 4.6e-03] pfix 0.00 (0s)
hypercube 6 (-1.0, -1.2, -1.3, 0.0): half 0/20000 rho 0.000e+00 [0.0e+00, 1.9e-04] pfix - (0s)
hypercube 6 (-1.0, -1.3, -1.4, 0.0): half 0/20000 rho 0.000e+00 [0.0e+00, 1.9e-04] pfix - (0s)
hypercube 6 (0.0, -2.3, 0.8, 0.0): half 0/20000 rho 0.000e+00 [0.0e+00, 1.9e-04] pfix - (0s)
hypercube 6 (0.0, -1.1, -1.2, 0.0): half 11/10000 rho 1.100e-03 [6.1e-04, 2.0e-03] pfix 0.80 (0s)
hypercube 6 (-1.0, -2.2, 0.8, 0.0): half 0/20000 rho 0.000e+00 [0.0e+00, 1.9e-04] pfix - (0s)
hypercube 6 (-1.0, -2.3, 0.8, 0.0): half 0/20000 rho 0.000e+00 [0.0e+00, 1.9e-04] pfix - (0s)
hypercube 6 (-1.0, -1.1, -1.2, 0.0): half 1/20000 rho 5.000e-05 [8.8e-06, 2.8e-04] pfix 0.00 (0s)
hypercube 6 (0.0, -2.2, 0.8, 0.0): half 0/20000 rho 0.000e+00 [0.0e+00, 1.9e-04] pfix - (0s)
hypercube 6 (0.0, -0.2, -0.1, 0.0): half 29/2000 rho 1.450e-02 [1.0e-02, 2.1e-02] pfix 0.40 (0s)
hypercube 6 (-1.0, -1.4, -1.5, 0.0): half 0/20000 rho 0.000e+00 [0.0e+00, 1.9e-04] pfix - (0s)
hypercube 6 (-1.0, -1.5, -1.6, 0.0): half 0/20000 rho 0.000e+00 [0.0e+00, 1.9e-04] pfix - (0s)
hypercube 6 (0.0, -0.4, -0.1, 0.0): half 14/2000 rho 7.000e-03 [4.2e-03, 1.2e-02] pfix 0.50 (0s)
hypercube 6 (-1.0, -1.8, -1.3, 0.0): half 0/20000 rho 0.000e+00 [0.0e+00, 1.9e-04] pfix - (0s)
hypercube 6 (0.0, -0.6, -0.1, 0.0): half 15/4000 rho 3.750e-03 [2.3e-03, 6.2e-03] pfix 0.30 (0s)
hypercube 6 (-1.0, -2.0, -1.4, 0.0): half 0/20000 rho 0.000e+00 [0.0e+00, 1.9e-04] pfix - (0s)
hypercube 6 (-1.0, -1.4, -1.3, 0.0): half 0/20000 rho 0.000e+00 [0.0e+00, 1.9e-04] pfix - (0s)
hypercube 6 (-1.0, -1.6, -1.4, 0.0): half 1/20000 rho 5.000e-05 [8.8e-06, 2.8e-04] pfix 0.00 (0s)
hypercube 6 (-1.0, -1.6, -1.3, 0.0): half 1/20000 rho 5.000e-05 [8.8e-06, 2.8e-04] pfix 0.00 (0s)
hypercube 6 (0.0, -2.4, 0.8, 0.0): half 0/20000 rho 0.000e+00 [0.0e+00, 1.9e-04] pfix - (0s)
hypercube 6 (0.0, -2.5, 0.8, 0.0): half 0/20000 rho 0.000e+00 [0.0e+00, 1.9e-04] pfix - (0s)
hypercube 6 (0.0, -1.3, -1.4, 0.0): half 11/12000 rho 9.167e-04 [5.1e-04, 1.6e-03] pfix 0.50 (0s)
hypercube 6 (-1.0, -2.6, 0.8, 0.0): half 0/20000 rho 0.000e+00 [0.0e+00, 1.9e-04] pfix - (0s)
hypercube 6 (0.0, -2.6, 0.8, 0.0): half 0/20000 rho 0.000e+00 [0.0e+00, 1.9e-04] pfix - (0s)
hypercube 6 (-1.0, -1.6, -1.2, 0.0): half 1/20000 rho 5.000e-05 [8.8e-06, 2.8e-04] pfix 0.00 (0s)
hypercube 6 (0.0, -1.2, -1.2, 0.0): half 11/14000 rho 7.857e-04 [4.4e-04, 1.4e-03] pfix 0.50 (0s)
hypercube 6 (-1.0, -1.4, -1.2, 0.0): half 0/20000 rho 0.000e+00 [0.0e+00, 1.9e-04] pfix - (0s)
hypercube 6 (-1.0, -1.2, -1.2, 0.0): half 1/20000 rho 5.000e-05 [8.8e-06, 2.8e-04] pfix 0.00 (0s)
hypercube 6 (-1.0, -2.4, 0.8, 0.0): half 0/20000 rho 0.000e+00 [0.0e+00, 1.9e-04] pfix - (0s)
hypercube 6 (0.0, -2.8, 0.7, 0.0): half 0/20000 rho 0.000e+00 [0.0e+00, 1.9e-04] pfix - (0s)
hypercube 6 (-1.0, -2.6, 0.7, 0.0): half 0/20000 rho 0.000e+00 [0.0e+00, 1.9e-04] pfix - (0s)
hypercube 6 (0.0, -1.4, -1.3, 0.0): half 5/20000 rho 2.500e-04 [1.1e-04, 5.9e-04] pfix 0.60 (0s)
hypercube 6 (0.0, -1.6, -1.4, 0.0): half 2/20000 rho 1.000e-04 [2.7e-05, 3.6e-04] pfix 0.50 (0s)
hypercube 6 (-1.0, -0.2, -0.1, 0.0): half 15/8000 rho 1.875e-03 [1.1e-03, 3.1e-03] pfix 0.00 (0s)
hypercube 6 (0.0, -3.0, 0.6, 0.0): half 0/20000 rho 0.000e+00 [0.0e+00, 1.9e-04] pfix - (0s)
hypercube 6 (-1.0, -0.4, -0.1, 0.0): half 13/18000 rho 7.222e-04 [4.2e-04, 1.2e-03] pfix 0.00 (0s)
hypercube 6 (-1.0, -2.1, 0.8, 0.0): half 0/20000 rho 0.000e+00 [0.0e+00, 1.9e-04] pfix - (0s)
hypercube 6 (-1.0, -0.6, -0.1, 0.0): half 3/20000 rho 1.500e-04 [5.1e-05, 4.4e-04] pfix 0.00 (0s)
hypercube 6 (-1.0, -1.3, -1.8, 0.0): half 1/20000 rho 5.000e-05 [8.8e-06, 2.8e-04] pfix 0.00 (0s)
hypercube 6 (0.0, -1.3, -1.8, 0.0): half 12/14000 rho 8.571e-04 [4.9e-04, 1.5e-03] pfix 1.00 (0s)
hypercube 6 (0.0, -2.1, 0.8, 0.0): half 0/20000 rho 0.000e+00 [0.0e+00, 1.9e-04] pfix - (0s)
hypercube 6 (-1.0, -1.2, -1.6, 0.0): half 1/20000 rho 5.000e-05 [8.8e-06, 2.8e-04] pfix 0.00 (0s)
hypercube 6 (-1.0, -1.4, -2.0, 0.0): half 0/20000 rho 0.000e+00 [0.0e+00, 1.9e-04] pfix - (0s)
hypercube 6 (-1.0, -2.3, 0.4, 0.0): half 0/20000 rho 0.000e+00 [0.0e+00, 1.9e-04] pfix - (0s)
hypercube 6 (0.0, -1.1, -1.6, 0.0): half 11/4000 rho 2.750e-03 [1.5e-03, 4.9e-03] pfix 0.70 (0s)
hypercube 6 (0.0, -2.4, 0.4, 0.0): half 0/20000 rho 0.000e+00 [0.0e+00, 1.9e-04] pfix - (0s)
hypercube 6 (0.0, -2.3, 0.4, 0.0): half 0/20000 rho 0.000e+00 [0.0e+00, 1.9e-04] pfix - (0s)
hypercube 6 (0.0, -1.4, -1.6, 0.0): half 10/16000 rho 6.250e-04 [3.4e-04, 1.2e-03] pfix 0.60 (0s)
hypercube 6 (-1.0, -1.4, -1.6, 0.0): half 0/20000 rho 0.000e+00 [0.0e+00, 1.9e-04] pfix - (0s)
hypercube 6 (-1.0, -1.6, -1.6, 0.0): half 0/20000 rho 0.000e+00 [0.0e+00, 1.9e-04] pfix - (0s)
hypercube 6 (0.0, -1.6, -1.8, 0.0): half 5/20000 rho 2.500e-04 [1.1e-04, 5.9e-04] pfix 0.60 (0s)
hypercube 6 (0.0, -1.6, -1.6, 0.0): half 6/20000 rho 3.000e-04 [1.4e-04, 6.5e-04] pfix 0.83 (0s)
hypercube 6 (0.0, -0.4, -0.4, 0.0): half 19/2000 rho 9.500e-03 [6.1e-03, 1.5e-02] pfix 0.60 (0s)
hypercube 6 (0.0, -0.6, -0.4, 0.0): half 13/2000 rho 6.500e-03 [3.8e-03, 1.1e-02] pfix 0.40 (0s)
hypercube 6 (-1.0, -1.6, -1.8, 0.0): half 0/20000 rho 0.000e+00 [0.0e+00, 1.9e-04] pfix - (0s)
hypercube 6 (-1.0, -1.1, -1.6, 0.0): half 3/20000 rho 1.500e-04 [5.1e-05, 4.4e-04] pfix 0.00 (0s)
hypercube 6 (-1.0, -2.6, 0.4, 0.0): half 0/20000 rho 0.000e+00 [0.0e+00, 1.9e-04] pfix - (0s)
hypercube 6 (0.0, -2.8, 0.4, 0.0): half 0/20000 rho 0.000e+00 [0.0e+00, 1.9e-04] pfix - (0s)
hypercube 6 (-1.0, -2.8, 0.4, 0.0): half 0/20000 rho 0.000e+00 [0.0e+00, 1.9e-04] pfix - (0s)
hypercube 6 (0.0, -2.6, 0.4, 0.0): half 0/20000 rho 0.000e+00 [0.0e+00, 1.9e-04] pfix - (0s)
hypercube 6 (0.0, -1.8, -1.6, 0.0): half 0/20000 rho 0.000e+00 [0.0e+00, 1.9e-04] pfix - (0s)
hypercube 6 (-1.0, -1.8, -1.6, 0.0): half 0/20000 rho 0.000e+00 [0.0e+00, 1.9e-04] pfix - (0s)
hypercube 6 (0.0, -1.8, -2.0, 0.0): half 1/20000 rho 5.000e-05 [8.8e-06, 2.8e-04] pfix 1.00 (0s)
hypercube 6 (-1.0, -1.8, -2.0, 0.0): half 0/20000 rho 0.000e+00 [0.0e+00, 1.9e-04] pfix - (0s)
hypercube 6 (0.0, -2.8, 0.8, 0.0): half 0/20000 rho 0.000e+00 [0.0e+00, 1.9e-04] pfix - (0s)
hypercube 6 (0.0, 0.8, -2.2, 0.0): half 409/2000 rho 2.045e-01 [1.9e-01, 2.2e-01] pfix 1.00 (0s)
hypercube 6 (-1.0, 0.7, -2.2, 0.0): half 283/2000 rho 1.415e-01 [1.3e-01, 1.6e-01] pfix 1.00 (0s)
hypercube 6 (-1.0, 0.6, -2.2, 0.0): half 283/2000 rho 1.415e-01 [1.3e-01, 1.6e-01] pfix 1.00 (0s)
hypercube 6 (0.0, -0.1, -0.2, 0.0): half 58/2000 rho 2.900e-02 [2.3e-02, 3.7e-02] pfix 0.80 (0s)
hypercube 6 (0.0, 0.7, -2.2, 0.0): half 371/2000 rho 1.855e-01 [1.7e-01, 2.0e-01] pfix 1.00 (0s)
hypercube 6 (-1.0, -1.8, -1.8, 0.0): half 0/20000 rho 0.000e+00 [0.0e+00, 1.9e-04] pfix - (0s)
hypercube 6 (-1.0, 0.8, -2.2, 0.0): half 321/2000 rho 1.605e-01 [1.5e-01, 1.8e-01] pfix 1.00 (0s)
hypercube 6 (-1.0, -0.1, -0.2, 0.0): half 13/4000 rho 3.250e-03 [1.9e-03, 5.6e-03] pfix 0.00 (0s)
hypercube 6 (0.0, -2.2, 0.9, 0.0): half 0/20000 rho 0.000e+00 [0.0e+00, 1.9e-04] pfix - (0s)
hypercube 6 (-1.0, -0.4, -0.3, 0.0): half 11/14000 rho 7.857e-04 [4.4e-04, 1.4e-03] pfix 0.00 (0s)
hypercube 6 (0.0, -2.3, 0.9, 0.0): half 0/20000 rho 0.000e+00 [0.0e+00, 1.9e-04] pfix - (0s)
hypercube 6 (-1.0, 0.9, -2.3, 0.0): half 341/2000 rho 1.705e-01 [1.5e-01, 1.9e-01] pfix 1.00 (0s)
hypercube 6 (-1.0, -0.5, -0.4, 0.0): half 12/12000 rho 1.000e-03 [5.7e-04, 1.7e-03] pfix 0.00 (0s)
hypercube 6 (0.0, -0.3, -0.4, 0.0): half 35/2000 rho 1.750e-02 [1.3e-02, 2.4e-02] pfix 0.60 (0s)
hypercube 6 (0.0, -1.1, -1.1, 0.0): half 11/8000 rho 1.375e-03 [7.7e-04, 2.5e-03] pfix 0.70 (0s)
hypercube 6 (-1.0, -0.4, -0.4, 0.0): half 10/10000 rho 1.000e-03 [5.4e-04, 1.8e-03] pfix 0.00 (0s)
hypercube 6 (0.0, 0.6, -2.2, 0.0): half 353/2000 rho 1.765e-01 [1.6e-01, 1.9e-01] pfix 1.00 (0s)
hypercube 6 (-1.0, 0.4, -2.2, 0.0): half 180/2000 rho 9.000e-02 [7.8e-02, 1.0e-01] pfix 1.00 (0s)
hypercube 6 (-1.0, 0.9, -2.4, 0.0): half 352/2000 rho 1.760e-01 [1.6e-01, 1.9e-01] pfix 1.00 (0s)
hypercube 6 (0.0, 0.4, -2.2, 0.0): half 284/2000 rho 1.420e-01 [1.3e-01, 1.6e-01] pfix 1.00 (0s)
hypercube 6 (-1.0, 0.2, -2.2, 0.0): half 108/2000 rho 5.400e-02 [4.5e-02, 6.5e-02] pfix 0.90 (0s)
hypercube 6 (0.0, 0.2, -2.2, 0.0): half 238/2000 rho 1.190e-01 [1.1e-01, 1.3e-01] pfix 1.00 (0s)
hypercube 6 (0.0, -0.4, -0.2, 0.0): half 18/2000 rho 9.000e-03 [5.7e-03, 1.4e-02] pfix 0.50 (0s)
hypercube 6 (0.0, -0.6, -0.2, 0.0): half 10/2000 rho 5.000e-03 [2.7e-03, 9.2e-03] pfix 0.30 (0s)
hypercube 6 (0.0, -0.8, -0.2, 0.0): half 10/4000 rho 2.500e-03 [1.4e-03, 4.6e-03] pfix 0.20 (0s)
hypercube 6 (0.0, -0.3, -0.3, 0.0): half 31/2000 rho 1.550e-02 [1.1e-02, 2.2e-02] pfix 0.70 (0s)
hypercube 6 (-1.0, -0.3, -0.4, 0.0): half 10/4000 rho 2.500e-03 [1.4e-03, 4.6e-03] pfix 0.00 (0s)
hypercube 6 (-1.0, 0.5, -2.2, 0.0): half 210/2000 rho 1.050e-01 [9.2e-02, 1.2e-01] pfix 1.00 (0s)
hypercube 6 (0.0, -0.8, -0.3, 0.0): half 12/6000 rho 2.000e-03 [1.1e-03, 3.5e-03] pfix 0.20 (0s)
hypercube 6 (0.0, -2.4, 0.9, 0.0): half 0/20000 rho 0.000e+00 [0.0e+00, 1.9e-04] pfix - (0s)
hypercube 6 (-1.0, -1.4, -1.1, 0.0): half 0/20000 rho 0.000e+00 [0.0e+00, 1.9e-04] pfix - (0s)
hypercube 6 (-1.0, -2.8, 0.9, 0.0): half 0/20000 rho 0.000e+00 [0.0e+00, 1.9e-04] pfix - (0s)
hypercube 6 (0.0, -2.6, 0.9, 0.0): half 0/20000 rho 0.000e+00 [0.0e+00, 1.9e-04] pfix - (0s)
hypercube 6 (0.0, -0.8, -0.4, 0.0): half 14/6000 rho 2.333e-03 [1.4e-03, 3.9e-03] pfix 0.30 (0s)
hypercube 6 (0.0, -1.0, -0.4, 0.0): half 10/10000 rho 1.000e-03 [5.4e-04, 1.8e-03] pfix 0.10 (0s)
hypercube 6 (-1.0, -1.6, -1.1, 0.0): half 0/20000 rho 0.000e+00 [0.0e+00, 1.9e-04] pfix - (0s)
hypercube 6 (-1.0, -0.8, -0.3, 0.0): half 0/20000 rho 0.000e+00 [0.0e+00, 1.9e-04] pfix - (0s)
hypercube 6 (-1.0, -1.0, -0.4, 0.0): half 1/20000 rho 5.000e-05 [8.8e-06, 2.8e-04] pfix 0.00 (0s)
hypercube 6 (-1.0, 0.2, -2.3, 0.0): half 125/2000 rho 6.250e-02 [5.3e-02, 7.4e-02] pfix 0.90 (0s)
hypercube 6 (-1.0, 0.0, -2.4, 0.0): half 76/2000 rho 3.800e-02 [3.0e-02, 4.7e-02] pfix 0.90 (0s)
hypercube 6 (-1.0, 0.2, -2.4, 0.0): half 132/2000 rho 6.600e-02 [5.6e-02, 7.8e-02] pfix 0.90 (0s)
hypercube 6 (-1.0, -0.8, -0.4, 0.0): half 0/20000 rho 0.000e+00 [0.0e+00, 1.9e-04] pfix - (0s)
hypercube 6 (-1.0, -2.4, 0.9, 0.0): half 0/20000 rho 0.000e+00 [0.0e+00, 1.9e-04] pfix - (0s)
hypercube 6 (-1.0, -2.6, 0.9, 0.0): half 0/20000 rho 0.000e+00 [0.0e+00, 1.9e-04] pfix - (0s)
hypercube 6 (-1.0, -1.2, -1.1, 0.0): half 1/20000 rho 5.000e-05 [8.8e-06, 2.8e-04] pfix 0.00 (0s)
hypercube 6 (-1.0, -0.8, -0.2, 0.0): half 2/20000 rho 1.000e-04 [2.7e-05, 3.6e-04] pfix 0.00 (0s)
hypercube 6 (-1.0, -0.6, -0.2, 0.0): half 7/20000 rho 3.500e-04 [1.7e-04, 7.2e-04] pfix 0.00 (0s)
hypercube 6 (-1.0, -1.8, -1.1, 0.0): half 0/20000 rho 0.000e+00 [0.0e+00, 1.9e-04] pfix - (0s)
hypercube 6 (-1.0, -0.2, -0.2, 0.0): half 10/6000 rho 1.667e-03 [9.1e-04, 3.1e-03] pfix 0.00 (0s)
hypercube 6 (0.0, -0.2, -0.2, 0.0): half 38/2000 rho 1.900e-02 [1.4e-02, 2.6e-02] pfix 0.40 (0s)
hypercube 6 (0.0, 0.9, -2.3, 0.0): half 429/2000 rho 2.145e-01 [2.0e-01, 2.3e-01] pfix 1.00 (0s)
hypercube 6 (0.0, -1.6, -1.1, 0.0): half 0/20000 rho 0.000e+00 [0.0e+00, 1.9e-04] pfix - (0s)
hypercube 6 (0.0, 0.9, -2.4, 0.0): half 472/2000 rho 2.360e-01 [2.2e-01, 2.6e-01] pfix 1.00 (0s)
hypercube 6 (-1.0, -0.5, -0.3, 0.0): half 10/12000 rho 8.333e-04 [4.5e-04, 1.5e-03] pfix 0.00 (0s)
torus 32 (-1.0, -2.01, 0.96, 0.0): half 0/20000 rho 0.000e+00 [0.0e+00, 1.9e-04] pfix - (3s)
torus 32 (-1.0, -1.03, -1.05, 0.0): half 0/20000 rho 0.000e+00 [0.0e+00, 1.9e-04] pfix - (4s)
torus 32 (-1.0, -1.06, -1.07, 0.0): half 0/20000 rho 0.000e+00 [0.0e+00, 1.9e-04] pfix - (4s)
torus 32 (0.0, 0.97, -2.01, 0.0): half 437/2000 rho 2.185e-01 [2.0e-01, 2.4e-01] pfix 1.00 (3s)
torus 32 (0.0, 0.94, -2.01, 0.0): half 482/2000 rho 2.410e-01 [2.2e-01, 2.6e-01] pfix 1.00 (3s)
torus 32 (-1.0, -2.04, 0.96, 0.0): half 0/20000 rho 0.000e+00 [0.0e+00, 1.9e-04] pfix - (3s)
torus 32 (-1.0, -1.12, -1.05, 0.0): half 0/20000 rho 0.000e+00 [0.0e+00, 1.9e-04] pfix - (4s)
torus 32 (-1.0, -2.02, 0.96, 0.0): half 0/20000 rho 0.000e+00 [0.0e+00, 1.9e-04] pfix - (3s)
torus 32 (-1.0, -1.06, -1.05, 0.0): half 0/20000 rho 0.000e+00 [0.0e+00, 1.9e-04] pfix - (4s)
torus 32 (-1.0, -2.06, 0.96, 0.0): half 0/20000 rho 0.000e+00 [0.0e+00, 1.9e-04] pfix - (3s)
torus 32 (0.0, -2.04, 0.97, 0.0): half 0/20000 rho 0.000e+00 [0.0e+00, 1.9e-04] pfix - (3s)
torus 32 (-1.0, -2.03, 0.97, 0.0): half 0/20000 rho 0.000e+00 [0.0e+00, 1.9e-04] pfix - (3s)
torus 32 (0.0, -2.03, 0.97, 0.0): half 0/20000 rho 0.000e+00 [0.0e+00, 1.9e-04] pfix - (3s)
torus 32 (0.0, -1.01, -1.03, 0.0): half 0/20000 rho 0.000e+00 [0.0e+00, 1.9e-04] pfix - (5s)
torus 32 (0.0, -2.05, 0.97, 0.0): half 0/20000 rho 0.000e+00 [0.0e+00, 1.9e-04] pfix - (3s)
torus 32 (0.0, -1.08, -1.03, 0.0): half 0/20000 rho 0.000e+00 [0.0e+00, 1.9e-04] pfix - (5s)
torus 32 (0.0, -1.04, -1.05, 0.0): half 0/20000 rho 0.000e+00 [0.0e+00, 1.9e-04] pfix - (5s)
torus 32 (-1.0, -2.08, 0.97, 0.0): half 0/20000 rho 0.000e+00 [0.0e+00, 1.9e-04] pfix - (3s)
torus 32 (0.0, -2.06, 0.97, 0.0): half 0/20000 rho 0.000e+00 [0.0e+00, 1.9e-04] pfix - (3s)
torus 32 (0.0, -1.02, -1.03, 0.0): half 0/20000 rho 0.000e+00 [0.0e+00, 1.9e-04] pfix - (5s)
torus 32 (0.0, -1.1, -1.04, 0.0): half 0/20000 rho 0.000e+00 [0.0e+00, 1.9e-04] pfix - (5s)
torus 32 (-1.0, -1.08, -1.05, 0.0): half 0/20000 rho 0.000e+00 [0.0e+00, 1.9e-04] pfix - (4s)
torus 32 (0.0, -1.08, -1.05, 0.0): half 0/20000 rho 0.000e+00 [0.0e+00, 1.9e-04] pfix - (5s)
torus 32 (-1.0, -1.08, -1.04, 0.0): half 0/20000 rho 0.000e+00 [0.0e+00, 1.9e-04] pfix - (4s)
torus 32 (0.0, -0.08, -0.01, 0.0): half 2/20000 rho 1.000e-04 [2.7e-05, 3.6e-04] pfix 0.00 (13s)
torus 32 (0.0, 0.99, -2.01, 0.0): half 480/2000 rho 2.400e-01 [2.2e-01, 2.6e-01] pfix 1.00 (3s)
torus 32 (-1.0, -2.02, 0.97, 0.0): half 0/20000 rho 0.000e+00 [0.0e+00, 1.9e-04] pfix - (3s)
torus 32 (-1.0, -1.04, -1.04, 0.0): half 0/20000 rho 0.000e+00 [0.0e+00, 1.9e-04] pfix - (4s)
torus 32 (0.0, -2.02, 0.97, 0.0): half 0/20000 rho 0.000e+00 [0.0e+00, 1.9e-04] pfix - (3s)
torus 32 (0.0, 0.98, -2.01, 0.0): half 443/2000 rho 2.215e-01 [2.0e-01, 2.4e-01] pfix 1.00 (3s)
torus 32 (-1.0, -2.04, 0.97, 0.0): half 0/20000 rho 0.000e+00 [0.0e+00, 1.9e-04] pfix - (3s)
torus 32 (0.0, 0.92, -2.01, 0.0): half 432/2000 rho 2.160e-01 [2.0e-01, 2.3e-01] pfix 1.00 (3s)
torus 32 (-1.0, 0.97, -2.01, 0.0): half 326/2000 rho 1.630e-01 [1.5e-01, 1.8e-01] pfix 1.00 (4s)
torus 32 (-1.0, 0.96, -2.01, 0.0): half 336/2000 rho 1.680e-01 [1.5e-01, 1.9e-01] pfix 1.00 (4s)
torus 32 (-1.0, 0.95, -2.01, 0.0): half 296/2000 rho 1.480e-01 [1.3e-01, 1.6e-01] pfix 1.00 (3s)
torus 32 (-1.0, 0.94, -2.01, 0.0): half 312/2000 rho 1.560e-01 [1.4e-01, 1.7e-01] pfix 1.00 (4s)
torus 32 (0.0, -2.02, 0.96, 0.0): half 0/20000 rho 0.000e+00 [0.0e+00, 1.9e-04] pfix - (3s)
torus 32 (0.0, 0.96, -2.01, 0.0): half 493/2000 rho 2.465e-01 [2.3e-01, 2.7e-01] pfix 1.00 (3s)
torus 32 (0.0, -0.05, -0.01, 0.0): half 4/20000 rho 2.000e-04 [7.8e-05, 5.1e-04] pfix 0.00 (16s)
torus 32 (-1.0, 0.92, -2.01, 0.0): half 300/2000 rho 1.500e-01 [1.4e-01, 1.7e-01] pfix 1.00 (3s)
torus 32 (-1.0, -1.05, -1.12, 0.0): half 0/20000 rho 0.000e+00 [0.0e+00, 1.9e-04] pfix - (4s)
torus 32 (-1.0, -1.02, -1.08, 0.0): half 0/20000 rho 0.000e+00 [0.0e+00, 1.9e-04] pfix - (4s)
torus 32 (-1.0, -1.02, -1.1, 0.0): half 0/20000 rho 0.000e+00 [0.0e+00, 1.9e-04] pfix - (4s)
torus 32 (-1.0, -0.01, -0.06, 0.0): half 0/20000 rho 0.000e+00 [0.0e+00, 1.9e-04] pfix - (6s)
torus 32 (-1.0, -0.01, -0.08, 0.0): half 0/20000 rho 0.000e+00 [0.0e+00, 1.9e-04] pfix - (6s)
torus 32 (-1.0, -1.02, -1.12, 0.0): half 0/20000 rho 0.000e+00 [0.0e+00, 1.9e-04] pfix - (4s)
torus 32 (-1.0, -1.03, -1.1, 0.0): half 0/20000 rho 0.000e+00 [0.0e+00, 1.9e-04] pfix - (4s)
torus 32 (-1.0, -1.03, -1.12, 0.0): half 0/20000 rho 0.000e+00 [0.0e+00, 1.9e-04] pfix - (4s)
torus 32 (-1.0, -1.04, -1.08, 0.0): half 0/20000 rho 0.000e+00 [0.0e+00, 1.9e-04] pfix - (4s)
torus 32 (-1.0, -1.1, -1.12, 0.0): half 0/20000 rho 0.000e+00 [0.0e+00, 1.9e-04] pfix - (4s)
torus 32 (-1.0, -1.02, -1.14, 0.0): half 0/20000 rho 0.000e+00 [0.0e+00, 1.9e-04] pfix - (4s)
torus 32 (0.0, -2.05, 0.94, 0.0): half 0/20000 rho 0.000e+00 [0.0e+00, 1.9e-04] pfix - (3s)
torus 32 (-1.0, -1.03, -1.14, 0.0): half 0/20000 rho 0.000e+00 [0.0e+00, 1.9e-04] pfix - (4s)
torus 32 (-1.0, -2.04, 0.94, 0.0): half 0/20000 rho 0.000e+00 [0.0e+00, 1.9e-04] pfix - (3s)
torus 32 (-1.0, -0.08, -0.06, 0.0): half 0/20000 rho 0.000e+00 [0.0e+00, 1.9e-04] pfix - (6s)
torus 32 (-1.0, -0.1, -0.08, 0.0): half 0/20000 rho 0.000e+00 [0.0e+00, 1.9e-04] pfix - (6s)
torus 32 (-1.0, -2.08, 0.92, 0.0): half 0/20000 rho 0.000e+00 [0.0e+00, 1.9e-04] pfix - (3s)
torus 32 (0.0, -0.08, -0.06, 0.0): half 6/20000 rho 3.000e-04 [1.4e-04, 6.5e-04] pfix 0.83 (16s)
torus 32 (-1.0, -0.06, -0.06, 0.0): half 0/20000 rho 0.000e+00 [0.0e+00, 1.9e-04] pfix - (6s)
torus 32 (-1.0, -0.06, -0.08, 0.0): half 0/20000 rho 0.000e+00 [0.0e+00, 1.9e-04] pfix - (6s)
torus 32 (0.0, -0.06, -0.06, 0.0): half 11/16000 rho 6.875e-04 [3.8e-04, 1.2e-03] pfix 0.56 (16s)
torus 32 (-1.0, -0.02, -0.06, 0.0): half 0/20000 rho 0.000e+00 [0.0e+00, 1.9e-04] pfix - (6s)
torus 32 (0.0, -1.1, -1.12, 0.0): half 0/20000 rho 0.000e+00 [0.0e+00, 1.9e-04] pfix - (5s)
torus 32 (-1.0, -0.02, -0.08, 0.0): half 0/20000 rho 0.000e+00 [0.0e+00, 1.9e-04] pfix - (6s)
torus 32 (-1.0, -1.1, -1.1, 0.0): half 0/20000 rho 0.000e+00 [0.0e+00, 1.9e-04] pfix - (4s)
torus 32 (0.0, 0.98, -2.06, 0.0): half 454/2000 rho 2.270e-01 [2.1e-01, 2.5e-01] pfix 1.00 (3s)
torus 32 (0.0, -0.06, -0.08, 0.0): half 14/8000 rho 1.750e-03 [1.0e-03, 2.9e-03] pfix 0.70 (8s)
torus 32 (0.0, -0.1, -0.08, 0.0): half 7/20000 rho 3.500e-04 [1.7e-04, 7.2e-04] pfix 0.43 (15s)
torus 32 (-1.0, -2.01, 0.94, 0.0): half 0/20000 rho 0.000e+00 [0.0e+00, 1.9e-04] pfix - (3s)
torus 32 (0.0, 0.97, -2.08, 0.0): half 461/2000 rho 2.305e-01 [2.1e-01, 2.5e-01] pfix 1.00 (3s)
torus 32 (-1.0, -2.01, 0.92, 0.0): half 0/20000 rho 0.000e+00 [0.0e+00, 1.9e-04] pfix - (3s)
torus 32 (0.0, 0.96, -2.06, 0.0): half 460/2000 rho 2.300e-01 [2.1e-01, 2.5e-01] pfix 1.00 (3s)
torus 32 (0.0, 0.94, -2.08, 0.0): half 460/2000 rho 2.300e-01 [2.1e-01, 2.5e-01] pfix 1.00 (3s)
torus 32 (0.0, 0.94, -2.06, 0.0): half 447/2000 rho 2.235e-01 [2.1e-01, 2.4e-01] pfix 1.00 (3s)
torus 32 (-1.0, -2.02, 0.94, 0.0): half 0/20000 rho 0.000e+00 [0.0e+00, 1.9e-04] pfix - (3s)
torus 32 (-1.0, -2.02, 0.92, 0.0): half 0/20000 rho 0.000e+00 [0.0e+00, 1.9e-04] pfix - (3s)
torus 32 (-1.0, -2.06, 0.92, 0.0): half 0/20000 rho 0.000e+00 [0.0e+00, 1.9e-04] pfix - (3s)
torus 32 (0.0, 0.92, -2.1, 0.0): half 447/2000 rho 2.235e-01 [2.1e-01, 2.4e-01] pfix 1.00 (3s)
torus 32 (0.0, -2.02, 0.94, 0.0): half 0/20000 rho 0.000e+00 [0.0e+00, 1.9e-04] pfix - (3s)
torus 32 (0.0, -2.04, 0.92, 0.0): half 0/20000 rho 0.000e+00 [0.0e+00, 1.9e-04] pfix - (3s)
torus 32 (0.0, -2.06, 0.92, 0.0): half 0/20000 rho 0.000e+00 [0.0e+00, 1.9e-04] pfix - (3s)
torus 32 (0.0, -2.02, 0.92, 0.0): half 0/20000 rho 0.000e+00 [0.0e+00, 1.9e-04] pfix - (3s)
torus 32 (-1.0, -1.03, -1.06, 0.0): half 0/20000 rho 0.000e+00 [0.0e+00, 1.9e-04] pfix - (4s)
torus 32 (0.0, -1.03, -1.02, 0.0): half 0/20000 rho 0.000e+00 [0.0e+00, 1.9e-04] pfix - (5s)
torus 32 (0.0, -1.04, -1.02, 0.0): half 0/20000 rho 0.000e+00 [0.0e+00, 1.9e-04] pfix - (5s)
torus 32 (0.0, 0.98, -2.03, 0.0): half 437/2000 rho 2.185e-01 [2.0e-01, 2.4e-01] pfix 1.00 (3s)
torus 32 (0.0, -1.08, -1.02, 0.0): half 0/20000 rho 0.000e+00 [0.0e+00, 1.9e-04] pfix - (5s)
torus 32 (-1.0, -2.01, 0.99, 0.0): half 0/20000 rho 0.000e+00 [0.0e+00, 1.9e-04] pfix - (3s)
torus 32 (-1.0, 0.97, -2.04, 0.0): half 301/2000 rho 1.505e-01 [1.4e-01, 1.7e-01] pfix 1.00 (3s)
torus 32 (0.0, 0.97, -2.04, 0.0): half 454/2000 rho 2.270e-01 [2.1e-01, 2.5e-01] pfix 1.00 (3s)
torus 32 (0.0, -2.01, 0.99, 0.0): half 0/20000 rho 0.000e+00 [0.0e+00, 1.9e-04] pfix - (3s)
torus 32 (-1.0, 0.98, -2.03, 0.0): half 290/2000 rho 1.450e-01 [1.3e-01, 1.6e-01] pfix 1.00 (3s)
torus 32 (0.0, 0.99, -2.02, 0.0): half 456/2000 rho 2.280e-01 [2.1e-01, 2.5e-01] pfix 1.00 (3s)
torus 32 (-1.0, -0.03, -0.02, 0.0): half 0/20000 rho 0.000e+00 [0.0e+00, 1.9e-04] pfix - (6s)
torus 32 (-1.0, 0.96, -2.05, 0.0): half 313/2000 rho 1.565e-01 [1.4e-01, 1.7e-01] pfix 1.00 (3s)
torus 32 (-1.0, 0.95, -2.06, 0.0): half 315/2000 rho 1.575e-01 [1.4e-01, 1.7e-01] pfix 1.00 (3s)
torus 32 (0.0, 0.96, -2.03, 0.0): half 467/2000 rho 2.335e-01 [2.2e-01, 2.5e-01] pfix 1.00 (3s)
torus 32 (-1.0, 0.94, -2.03, 0.0): half 310/2000 rho 1.550e-01 [1.4e-01, 1.7e-01] pfix 1.00 (4s)
torus 32 (0.0, -0.03, -0.02, 0.0): half 10/10000 rho 1.000e-03 [5.4e-04, 1.8e-03] pfix 0.20 (11s)
torus 32 (0.0, 0.94, -2.04, 0.0): half 439/2000 rho 2.195e-01 [2.0e-01, 2.4e-01] pfix 1.00 (3s)
torus 32 (0.0, 0.94, -2.03, 0.0): half 470/2000 rho 2.350e-01 [2.2e-01, 2.5e-01] pfix 1.00 (3s)
torus 32 (-1.0, -2.02, 0.99, 0.0): half 0/20000 rho 0.000e+00 [0.0e+00, 1.9e-04] pfix - (3s)
torus 32 (-1.0, 0.94, -2.04, 0.0): half 290/2000 rho 1.450e-01 [1.3e-01, 1.6e-01] pfix 1.00 (3s)
torus 32 (-1.0, 0.99, -2.02, 0.0): half 317/2000 rho 1.585e-01 [1.4e-01, 1.8e-01] pfix 1.00 (3s)
torus 32 (-1.0, -0.05, -0.02, 0.0): half 0/20000 rho 0.000e+00 [0.0e+00, 1.9e-04] pfix - (6s)
torus 32 (-1.0, 0.96, -2.03, 0.0): half 307/2000 rho 1.535e-01 [1.4e-01, 1.7e-01] pfix 1.00 (3s)
torus 32 (0.0, -1.02, -1.01, 0.0): half 0/20000 rho 0.000e+00 [0.0e+00, 1.9e-04] pfix - (5s)
torus 32 (0.0, -0.05, -0.02, 0.0): half 8/20000 rho 4.000e-04 [2.0e-04, 7.9e-04] pfix 0.00 (17s)
torus 32 (-1.0, 0.97, -2.03, 0.0): half 312/2000 rho 1.560e-01 [1.4e-01, 1.7e-01] pfix 1.00 (3s)
torus 32 (0.0, -1.03, -1.01, 0.0): half 0/20000 rho 0.000e+00 [0.0e+00, 1.9e-04] pfix - (5s)
torus 32 (0.0, -0.06, -0.03, 0.0): half 7/20000 rho 3.500e-04 [1.7e-04, 7.2e-04] pfix 0.29 (18s)
torus 32 (-1.0, 0.95, -2.04, 0.0): half 306/2000 rho 1.530e-01 [1.4e-01, 1.7e-01] pfix 1.00 (3s)
torus 32 (-1.0, 0.98, -2.04, 0.0): half 339/2000 rho 1.695e-01 [1.5e-01, 1.9e-01] pfix 1.00 (4s)
torus 32 (-1.0, -0.01, -0.03, 0.0): half 0/20000 rho 0.000e+00 [0.0e+00, 1.9e-04] pfix - (6s)
torus 32 (-1.0, -0.01, -0.05, 0.0): half 0/20000 rho 0.000e+00 [0.0e+00, 1.9e-04] pfix - (6s)
torus 32 (-1.0, -0.01, -0.04, 0.0): half 0/20000 rho 0.000e+00 [0.0e+00, 1.9e-04] pfix - (6s)
torus 32 (-1.0, 0.98, -2.05, 0.0): half 306/2000 rho 1.530e-01 [1.4e-01, 1.7e-01] pfix 1.00 (3s)
torus 32 (-1.0, 0.98, -2.06, 0.0): half 335/2000 rho 1.675e-01 [1.5e-01, 1.8e-01] pfix 1.00 (4s)
torus 32 (-1.0, 0.95, -2.03, 0.0): half 292/2000 rho 1.460e-01 [1.3e-01, 1.6e-01] pfix 1.00 (3s)
torus 32 (-1.0, 0.97, -2.05, 0.0): half 332/2000 rho 1.660e-01 [1.5e-01, 1.8e-01] pfix 1.00 (4s)
torus 32 (-1.0, 0.97, -2.06, 0.0): half 332/2000 rho 1.660e-01 [1.5e-01, 1.8e-01] pfix 1.00 (4s)
torus 32 (-1.0, 0.96, -2.04, 0.0): half 331/2000 rho 1.655e-01 [1.5e-01, 1.8e-01] pfix 1.00 (4s)
torus 32 (-1.0, 0.98, -2.07, 0.0): half 343/2000 rho 1.715e-01 [1.6e-01, 1.9e-01] pfix 1.00 (4s)
torus 32 (0.0, -1.04, -1.01, 0.0): half 0/20000 rho 0.000e+00 [0.0e+00, 1.9e-04] pfix - (5s)
torus 32 (-1.0, 0.97, -2.07, 0.0): half 355/2000 rho 1.775e-01 [1.6e-01, 1.9e-01] pfix 1.00 (4s)
torus 32 (0.0, 0.92, -2.03, 0.0): half 421/2000 rho 2.105e-01 [1.9e-01, 2.3e-01] pfix 1.00 (3s)
torus 32 (-1.0, -0.04, -0.02, 0.0): half 0/20000 rho 0.000e+00 [0.0e+00, 1.9e-04] pfix - (6s)
torus 32 (-1.0, -0.06, -0.03, 0.0): half 0/20000 rho 0.000e+00 [0.0e+00, 1.9e-04] pfix - (6s)
torus 32 (-1.0, -0.06, -0.04, 0.0): half 0/20000 rho 0.000e+00 [0.0e+00, 1.9e-04] pfix - (6s)
torus 32 (-1.0, 0.94, -2.05, 0.0): half 295/2000 rho 1.475e-01 [1.3e-01, 1.6e-01] pfix 1.00 (3s)
torus 32 (-1.0, -0.02, -0.03, 0.0): half 0/20000 rho 0.000e+00 [0.0e+00, 1.9e-04] pfix - (6s)
torus 32 (-1.0, -0.02, -0.04, 0.0): half 0/20000 rho 0.000e+00 [0.0e+00, 1.9e-04] pfix - (6s)
torus 32 (-1.0, -0.02, -0.05, 0.0): half 0/20000 rho 0.000e+00 [0.0e+00, 1.9e-04] pfix - (6s)
torus 32 (0.0, 0.9, -2.04, 0.0): half 413/2000 rho 2.065e-01 [1.9e-01, 2.2e-01] pfix 1.00 (3s)
torus 32 (0.0, 0.97, -2.03, 0.0): half 489/2000 rho 2.445e-01 [2.3e-01, 2.6e-01] pfix 1.00 (3s)
torus 32 (-1.0, -1.05, -1.01, 0.0): half 0/20000 rho 0.000e+00 [0.0e+00, 1.9e-04] pfix - (4s)
torus 32 (0.0, 0.9, -2.03, 0.0): half 457/2000 rho 2.285e-01 [2.1e-01, 2.5e-01] pfix 1.00 (3s)
torus 32 (-1.0, -1.1, -1.01, 0.0): half 0/20000 rho 0.000e+00 [0.0e+00, 1.9e-04] pfix - (4s)
torus 32 (-1.0, -2.1, 0.99, 0.0): half 0/20000 rho 0.000e+00 [0.0e+00, 1.9e-04] pfix - (3s)
torus 32 (-1.0, 0.9, -2.03, 0.0): half 268/2000 rho 1.340e-01 [1.2e-01, 1.5e-01] pfix 1.00 (3s)
torus 32 (0.0, -0.04, -0.03, 0.0): half 10/12000 rho 8.334e-04 [4.5e-04, 1.5e-03] pfix 0.50 (12s)
torus 32 (-1.0, -0.1, -0.03, 0.0): half 0/20000 rho 0.000e+00 [0.0e+00, 1.9e-04] pfix - (6s)
torus 32 (0.0, -2.1, 0.99, 0.0): half 0/20000 rho 0.000e+00 [0.0e+00, 1.9e-04] pfix - (3s)
torus 32 (-1.0, -2.1, 0.6, 0.0): half 0/20000 rho 0.000e+00 [0.0e+00, 1.9e-04] pfix - (3s)
torus 32 (-1.0, -1.3, -1.5, 0.0): half 0/20000 rho 0.000e+00 [0.0e+00, 1.9e-04] pfix - (4s)
torus 32 (0.0, -0.1, -0.03, 0.0): half 5/20000 rho 2.500e-04 [1.1e-04, 5.9e-04] pfix 0.00 (13s)
torus 32 (0.0, 0.7, -2.1, 0.0): half 426/2000 rho 2.130e-01 [2.0e-01, 2.3e-01] pfix 1.00 (3s)
torus 32 (-1.0, -1.6, -1.7, 0.0): half 0/20000 rho 0.000e+00 [0.0e+00, 1.9e-04] pfix - (3s)
torus 32 (0.0, 0.4, -2.1, 0.0): half 321/2000 rho 1.605e-01 [1.5e-01, 1.8e-01] pfix 1.00 (3s)
torus 32 (-1.0, -2.4, 0.6, 0.0): half 0/20000 rho 0.000e+00 [0.0e+00, 1.9e-04] pfix - (3s)
torus 32 (-1.0, -2.2, -1.5, 0.0): half 0/20000 rho 0.000e+00 [0.0e+00, 1.9e-04] pfix - (3s)
torus 32 (-1.0, -2.2, 0.6, 0.0): half 0/20000 rho 0.000e+00 [0.0e+00, 1.9e-04] pfix - (3s)
torus 32 (-1.0, -1.6, -1.5, 0.0): half 0/20000 rho 0.000e+00 [0.0e+00, 1.9e-04] pfix - (3s)
torus 32 (-1.0, -2.6, 0.6, 0.0): half 0/20000 rho 0.000e+00 [0.0e+00, 1.9e-04] pfix - (3s)
torus 32 (0.0, -2.4, 0.7, 0.0): half 0/20000 rho 0.000e+00 [0.0e+00, 1.9e-04] pfix - (3s)
torus 32 (-1.0, -2.3, 0.7, 0.0): half 0/20000 rho 0.000e+00 [0.0e+00, 1.9e-04] pfix - (3s)
torus 32 (0.0, -1.1, -1.3, 0.0): half 0/20000 rho 0.000e+00 [0.0e+00, 1.9e-04] pfix - (5s)
torus 32 (0.0, -2.3, 0.7, 0.0): half 0/20000 rho 0.000e+00 [0.0e+00, 1.9e-04] pfix - (3s)
torus 32 (0.0, -2.5, 0.7, 0.0): half 0/20000 rho 0.000e+00 [0.0e+00, 1.9e-04] pfix - (3s)
torus 32 (-1.0, -2.8, 0.7, 0.0): half 0/20000 rho 0.000e+00 [0.0e+00, 1.9e-04] pfix - (3s)
torus 32 (0.0, -1.8, -1.3, 0.0): half 0/20000 rho 0.000e+00 [0.0e+00, 1.9e-04] pfix - (4s)
torus 32 (0.0, -1.4, -1.5, 0.0): half 0/20000 rho 0.000e+00 [0.0e+00, 1.9e-04] pfix - (4s)
torus 32 (0.0, -2.6, 0.7, 0.0): half 0/20000 rho 0.000e+00 [0.0e+00, 1.9e-04] pfix - (3s)
torus 32 (0.0, -1.2, -1.3, 0.0): half 0/20000 rho 0.000e+00 [0.0e+00, 1.9e-04] pfix - (5s)
torus 32 (0.0, -0.8, -0.1, 0.0): half 0/20000 rho 0.000e+00 [0.0e+00, 1.9e-04] pfix - (5s)
torus 32 (0.0, -2.0, -1.4, 0.0): half 0/20000 rho 0.000e+00 [0.0e+00, 1.9e-04] pfix - (3s)
torus 32 (-1.0, -1.8, -1.5, 0.0): half 0/20000 rho 0.000e+00 [0.0e+00, 1.9e-04] pfix - (3s)
torus 32 (0.0, -1.8, -1.5, 0.0): half 0/20000 rho 0.000e+00 [0.0e+00, 1.9e-04] pfix - (4s)
torus 32 (-1.0, -1.8, -1.4, 0.0): half 0/20000 rho 0.000e+00 [0.0e+00, 1.9e-04] pfix - (3s)
torus 32 (-1.0, -1.4, -1.4, 0.0): half 0/20000 rho 0.000e+00 [0.0e+00, 1.9e-04] pfix - (4s)
torus 32 (0.0, 0.9, -2.1, 0.0): half 420/2000 rho 2.100e-01 [1.9e-01, 2.3e-01] pfix 1.00 (3s)
torus 32 (-1.0, -2.2, 0.7, 0.0): half 0/20000 rho 0.000e+00 [0.0e+00, 1.9e-04] pfix - (3s)
torus 32 (0.0, -2.2, 0.7, 0.0): half 0/20000 rho 0.000e+00 [0.0e+00, 1.9e-04] pfix - (3s)
torus 32 (0.0, 0.8, -2.1, 0.0): half 415/2000 rho 2.075e-01 [1.9e-01, 2.3e-01] pfix 1.00 (3s)
torus 32 (-1.0, -2.4, 0.7, 0.0): half 0/20000 rho 0.000e+00 [0.0e+00, 1.9e-04] pfix - (3s)
torus 32 (0.0, 0.2, -2.1, 0.0): half 234/2000 rho 1.170e-01 [1.0e-01, 1.3e-01] pfix 1.00 (2s)
torus 32 (0.0, -0.5, -0.1, 0.0): half 0/20000 rho 0.000e+00 [0.0e+00, 1.9e-04] pfix - (7s)
torus 32 (-1.0, 0.7, -2.1, 0.0): half 234/2000 rho 1.170e-01 [1.0e-01, 1.3e-01] pfix 1.00 (3s)
torus 32 (-1.0, 0.6, -2.1, 0.0): half 197/2000 rho 9.850e-02 [8.6e-02, 1.1e-01] pfix 1.00 (3s)
torus 32 (-1.0, 0.5, -2.1, 0.0): half 167/2000 rho 8.350e-02 [7.2e-02, 9.6e-02] pfix 1.00 (3s)
torus 32 (0.0, -2.2, 0.6, 0.0): half 0/20000 rho 0.000e+00 [0.0e+00, 1.9e-04] pfix - (3s)
torus 32 (-1.0, 0.4, -2.1, 0.0): half 131/2000 rho 6.550e-02 [5.5e-02, 7.7e-02] pfix 1.00 (3s)
torus 32 (0.0, 0.6, -2.1, 0.0): half 369/2000 rho 1.845e-01 [1.7e-01, 2.0e-01] pfix 1.00 (3s)
torus 32 (-1.0, 0.2, -2.1, 0.0): half 65/2000 rho 3.250e-02 [2.6e-02, 4.1e-02] pfix 1.00 (3s)
torus 32 (-1.0, -1.5, -2.2, 0.0): half 0/20000 rho 0.000e+00 [0.0e+00, 1.9e-04] pfix - (4s)
torus 32 (-1.0, -1.2, -1.8, 0.0): half 0/20000 rho 0.000e+00 [0.0e+00, 1.9e-04] pfix - (4s)
torus 32 (-1.0, -0.1, -0.6, 0.0): half 0/20000 rho 0.000e+00 [0.0e+00, 1.9e-04] pfix - (6s)
torus 32 (-1.0, -1.2, -2.0, 0.0): half 0/20000 rho 0.000e+00 [0.0e+00, 1.9e-04] pfix - (4s)
torus 32 (-1.0, -0.1, -0.8, 0.0): half 0/20000 rho 0.000e+00 [0.0e+00, 1.9e-04] pfix - (7s)
torus 32 (-1.0, -1.3, -2.0, 0.0): half 0/20000 rho 0.000e+00 [0.0e+00, 1.9e-04] pfix - (4s)
torus 32 (-1.0, -1.2, -2.2, 0.0): half 0/20000 rho 0.000e+00 [0.0e+00, 1.9e-04] pfix - (4s)
torus 32 (-1.0, -1.3, -2.2, 0.0): half 0/20000 rho 0.000e+00 [0.0e+00, 1.9e-04] pfix - (4s)
torus 32 (-1.0, -2.0, -2.2, 0.0): half 0/20000 rho 0.000e+00 [0.0e+00, 1.9e-04] pfix - (3s)
torus 32 (-1.0, -1.4, -1.8, 0.0): half 0/20000 rho 0.000e+00 [0.0e+00, 1.9e-04] pfix - (4s)
torus 32 (-1.0, -1.2, -2.4, 0.0): half 0/20000 rho 0.000e+00 [0.0e+00, 1.9e-04] pfix - (4s)
torus 32 (0.0, -2.5, 0.4, 0.0): half 0/20000 rho 0.000e+00 [0.0e+00, 1.9e-04] pfix - (3s)
torus 32 (-1.0, -1.3, -2.4, 0.0): half 0/20000 rho 0.000e+00 [0.0e+00, 1.9e-04] pfix - (4s)
torus 32 (-1.0, -2.4, 0.4, 0.0): half 0/20000 rho 0.000e+00 [0.0e+00, 1.9e-04] pfix - (3s)
torus 32 (-1.0, -0.8, -0.6, 0.0): half 0/20000 rho 0.000e+00 [0.0e+00, 1.9e-04] pfix - (4s)
torus 32 (0.0, -0.8, -0.6, 0.0): half 0/20000 rho 0.000e+00 [0.0e+00, 1.9e-04] pfix - (6s)
torus 32 (-1.0, -1.0, -0.8, 0.0): half 0/20000 rho 0.000e+00 [0.0e+00, 1.9e-04] pfix - (4s)
torus 32 (-1.0, -2.8, 0.2, 0.0): half 0/20000 rho 0.000e+00 [0.0e+00, 1.9e-04] pfix - (3s)
torus 32 (-1.0, -0.6, -0.6, 0.0): half 0/20000 rho 0.000e+00 [0.0e+00, 1.9e-04] pfix - (5s)
torus 32 (0.0, -0.6, -0.6, 0.0): half 0/20000 rho 0.000e+00 [0.0e+00, 1.9e-04] pfix - (7s)
torus 32 (-1.0, -0.6, -0.8, 0.0): half 0/20000 rho 0.000e+00 [0.0e+00, 1.9e-04] pfix - (5s)
torus 32 (-1.0, -0.2, -0.6, 0.0): half 0/20000 rho 0.000e+00 [0.0e+00, 1.9e-04] pfix - (6s)
torus 32 (0.0, -1.0, -0.8, 0.0): half 0/20000 rho 0.000e+00 [0.0e+00, 1.9e-04] pfix - (5s)
torus 32 (-1.0, -0.2, -0.8, 0.0): half 0/20000 rho 0.000e+00 [0.0e+00, 1.9e-04] pfix - (6s)
torus 32 (0.0, -2.0, -2.2, 0.0): half 0/20000 rho 0.000e+00 [0.0e+00, 1.9e-04] pfix - (3s)
torus 32 (-1.0, -2.0, -2.0, 0.0): half 0/20000 rho 0.000e+00 [0.0e+00, 1.9e-04] pfix - (3s)
torus 32 (0.0, 0.8, -2.6, 0.0): half 424/2000 rho 2.120e-01 [1.9e-01, 2.3e-01] pfix 1.00 (3s)
torus 32 (-1.0, -2.1, 0.4, 0.0): half 0/20000 rho 0.000e+00 [0.0e+00, 1.9e-04] pfix - (3s)
torus 32 (0.0, 0.7, -2.8, 0.0): half 400/2000 rho 2.000e-01 [1.8e-01, 2.2e-01] pfix 1.00 (2s)
torus 32 (0.0, -0.6, -0.8, 0.0): half 3/20000 rho 1.500e-04 [5.1e-05, 4.4e-04] pfix 1.00 (8s)
torus 32 (-1.0, -2.1, 0.2, 0.0): half 0/20000 rho 0.000e+00 [0.0e+00, 1.9e-04] pfix - (3s)
torus 32 (0.0, 0.6, -2.6, 0.0): half 402/2000 rho 2.010e-01 [1.8e-01, 2.2e-01] pfix 1.00 (3s)
torus 32 (0.0, 0.4, -2.8, 0.0): half 313/2000 rho 1.565e-01 [1.4e-01, 1.7e-01] pfix 1.00 (2s)
torus 32 (0.0, 0.4, -2.6, 0.0): half 328/2000 rho 1.640e-01 [1.5e-01, 1.8e-01] pfix 1.00 (2s)
torus 32 (-1.0, -2.2, 0.4, 0.0): half 0/20000 rho 0.000e+00 [0.0e+00, 1.9e-04] pfix - (3s)
torus 32 (-1.0, -2.2, 0.2, 0.0): half 0/20000 rho 0.000e+00 [0.0e+00, 1.9e-04] pfix - (3s)
torus 32 (-1.0, -2.6, 0.2, 0.0): half 0/20000 rho 0.000e+00 [0.0e+00, 1.9e-04] pfix - (3s)
torus 32 (0.0, 0.2, -3.0, 0.0): half 303/2000 rho 1.515e-01 [1.4e-01, 1.7e-01] pfix 1.00 (2s)
torus 32 (0.0, -2.2, 0.4, 0.0): half 0/20000 rho 0.000e+00 [0.0e+00, 1.9e-04] pfix - (3s)
torus 32 (0.0, -2.4, 0.2, 0.0): half 0/20000 rho 0.000e+00 [0.0e+00, 1.9e-04] pfix - (3s)
torus 32 (0.0, -2.6, 0.2, 0.0): half 0/20000 rho 0.000e+00 [0.0e+00, 1.9e-04] pfix - (3s)
torus 32 (0.0, -2.2, 0.2, 0.0): half 0/20000 rho 0.000e+00 [0.0e+00, 1.9e-04] pfix - (3s)
torus 32 (-1.0, -1.3, -1.6, 0.0): half 0/20000 rho 0.000e+00 [0.0e+00, 1.9e-04] pfix - (4s)
torus 32 (0.0, -1.3, -1.2, 0.0): half 0/20000 rho 0.000e+00 [0.0e+00, 1.9e-04] pfix - (4s)
torus 32 (0.0, -1.4, -1.2, 0.0): half 0/20000 rho 0.000e+00 [0.0e+00, 1.9e-04] pfix - (4s)
torus 32 (0.0, -1.8, -1.2, 0.0): half 0/20000 rho 0.000e+00 [0.0e+00, 1.9e-04] pfix - (4s)
torus 32 (0.0, 0.8, -2.3, 0.0): half 422/2000 rho 2.110e-01 [1.9e-01, 2.3e-01] pfix 1.00 (3s)
torus 32 (-1.0, -2.1, 0.9, 0.0): half 0/20000 rho 0.000e+00 [0.0e+00, 1.9e-04] pfix - (3s)
torus 32 (-1.0, 0.7, -2.4, 0.0): half 252/2000 rho 1.260e-01 [1.1e-01, 1.4e-01] pfix 1.00 (3s)
torus 32 (0.0, 0.7, -2.4, 0.0): half 424/2000 rho 2.120e-01 [1.9e-01, 2.3e-01] pfix 1.00 (3s)
torus 32 (0.0, -2.1, 0.9, 0.0): half 0/20000 rho 0.000e+00 [0.0e+00, 1.9e-04] pfix - (3s)
torus 32 (-1.0, 0.8, -2.3, 0.0): half 273/2000 rho 1.365e-01 [1.2e-01, 1.5e-01] pfix 1.00 (3s)
torus 32 (0.0, 0.9, -2.2, 0.0): half 437/2000 rho 2.185e-01 [2.0e-01, 2.4e-01] pfix 1.00 (3s)
torus 32 (-1.0, -0.3, -0.2, 0.0): half 0/20000 rho 0.000e+00 [0.0e+00, 1.9e-04] pfix - (5s)
torus 32 (-1.0, 0.6, -2.5, 0.0): half 250/2000 rho 1.250e-01 [1.1e-01, 1.4e-01] pfix 1.00 (3s)
torus 32 (-1.0, 0.5, -2.6, 0.0): half 172/2000 rho 8.600e-02 [7.4e-02, 9.9e-02] pfix 1.00 (2s)
torus 32 (0.0, 0.6, -2.3, 0.0): half 363/2000 rho 1.815e-01 [1.7e-01, 2.0e-01] pfix 1.00 (2s)
torus 32 (-1.0, 0.4, -2.3, 0.0): half 150/2000 rho 7.500e-02 [6.4e-02, 8.7e-02] pfix 1.00 (3s)
torus 32 (0.0, -0.3, -0.2, 0.0): half 0/20000 rho 0.000e+00 [0.0e+00, 1.9e-04] pfix - (9s)
torus 32 (0.0, 0.4, -2.4, 0.0): half 329/2000 rho 1.645e-01 [1.5e-01, 1.8e-01] pfix 1.00 (2s)
torus 32 (0.0, 0.4, -2.3, 0.0): half 336/2000 rho 1.680e-01 [1.5e-01, 1.9e-01] pfix 1.00 (3s)
torus 32 (-1.0, -2.2, 0.9, 0.0): half 0/20000 rho 0.000e+00 [0.0e+00, 1.9e-04] pfix - (3s)
torus 32 (-1.0, 0.4, -2.4, 0.0): half 144/2000 rho 7.200e-02 [6.1e-02, 8.4e-02] pfix 1.00 (3s)
torus 32 (-1.0, 0.9, -2.2, 0.0): half 285/2000 rho 1.425e-01 [1.3e-01, 1.6e-01] pfix 1.00 (3s)
torus 32 (-1.0, -0.5, -0.2, 0.0): half 0/20000 rho 0.000e+00 [0.0e+00, 1.9e-04] pfix - (5s)
torus 32 (0.0, -0.5, -0.2, 0.0): half 0/20000 rho 0.000e+00 [0.0e+00, 1.9e-04] pfix - (7s)
torus 32 (-1.0, 0.6, -2.3, 0.0): half 196/2000 rho 9.800e-02 [8.6e-02, 1.1e-01] pfix 1.00 (3s)
torus 32 (0.0, -0.6, -0.3, 0.0): half 0/20000 rho 0.000e+00 [0.0e+00, 1.9e-04] pfix - (6s)
torus 32 (0.0, -1.2, -1.1, 0.0): half 0/20000 rho 0.000e+00 [0.0e+00, 1.9e-04] pfix - (5s)
torus 32 (-1.0, 0.7, -2.3, 0.0): half 241/2000 rho 1.205e-01 [1.1e-01, 1.4e-01] pfix 1.00 (3s)
torus 32 (-1.0, 0.5, -2.4, 0.0): half 219/2000 rho 1.095e-01 [9.7e-02, 1.2e-01] pfix 1.00 (3s)
torus 32 (0.0, -1.3, -1.1, 0.0): half 0/20000 rho 0.000e+00 [0.0e+00, 1.9e-04] pfix - (4s)
torus 32 (-1.0, 0.8, -2.4, 0.0): half 280/2000 rho 1.400e-01 [1.3e-01, 1.6e-01] pfix 1.00 (3s)
torus 32 (-1.0, -0.1, -0.3, 0.0): half 0/20000 rho 0.000e+00 [0.0e+00, 1.9e-04] pfix - (6s)
torus 32 (-1.0, -0.1, -0.5, 0.0): half 0/20000 rho 0.000e+00 [0.0e+00, 1.9e-04] pfix - (6s)
torus 32 (-1.0, -0.1, -0.4, 0.0): half 0/20000 rho 0.000e+00 [0.0e+00, 1.9e-04] pfix - (6s)
torus 32 (-1.0, 0.8, -2.5, 0.0): half 282/2000 rho 1.410e-01 [1.3e-01, 1.6e-01] pfix 1.00 (3s)
torus 32 (-1.0, 0.8, -2.6, 0.0): half 294/2000 rho 1.470e-01 [1.3e-01, 1.6e-01] pfix 1.00 (3s)
torus 32 (-1.0, 0.5, -2.3, 0.0): half 171/2000 rho 8.550e-02 [7.4e-02, 9.9e-02] pfix 1.00 (3s)
torus 32 (-1.0, 0.7, -2.5, 0.0): half 269/2000 rho 1.345e-01 [1.2e-01, 1.5e-01] pfix 1.00 (3s)
torus 32 (-1.0, 0.7, -2.6, 0.0): half 277/2000 rho 1.385e-01 [1.2e-01, 1.5e-01] pfix 1.00 (3s)
torus 32 (-1.0, 0.6, -2.4, 0.0): half 236/2000 rho 1.180e-01 [1.0e-01, 1.3e-01] pfix 1.00 (3s)
torus 32 (-1.0, 0.8, -2.7, 0.0): half 310/2000 rho 1.550e-01 [1.4e-01, 1.7e-01] pfix 1.00 (3s)
torus 32 (-1.0, 0.7, -2.7, 0.0): half 274/2000 rho 1.370e-01 [1.2e-01, 1.5e-01] pfix 1.00 (3s)
torus 32 (0.0, -1.4, -1.1, 0.0): half 0/20000 rho 0.000e+00 [0.0e+00, 1.9e-04] pfix - (4s)
torus 32 (0.0, 0.2, -2.3, 0.0): half 249/2000 rho 1.245e-01 [1.1e-01, 1.4e-01] pfix 1.00 (2s)
torus 32 (-1.0, -0.4, -0.2, 0.0): half 0/20000 rho 0.000e+00 [0.0e+00, 1.9e-04] pfix - (5s)
torus 32 (-1.0, -0.6, -0.3, 0.0): half 0/20000 rho 0.000e+00 [0.0e+00, 1.9e-04] pfix - (5s)
torus 32 (-1.0, -0.6, -0.4, 0.0): half 0/20000 rho 0.000e+00 [0.0e+00, 1.9e-04] pfix - (5s)
torus 32 (-1.0, 0.4, -2.5, 0.0): half 166/2000 rho 8.300e-02 [7.2e-02, 9.6e-02] pfix 1.00 (3s)
torus 32 (-1.0, -0.2, -0.3, 0.0): half 0/20000 rho 0.000e+00 [0.0e+00, 1.9e-04] pfix - (6s)
torus 32 (-1.0, -0.2, -0.5, 0.0): half 0/20000 rho 0.000e+00 [0.0e+00, 1.9e-04] pfix - (6s)
torus 32 (0.0, 0.0, -2.4, 0.0): half 222/2000 rho 1.110e-01 [9.8e-02, 1.3e-01] pfix 1.00 (2s)
torus 32 (-1.0, -0.2, -0.4, 0.0): half 0/20000 rho 0.000e+00 [0.0e+00, 1.9e-04] pfix - (6s)
torus 32 (0.0, 0.7, -2.3, 0.0): half 366/2000 rho 1.830e-01 [1.7e-01, 2.0e-01] pfix 1.00 (2s)
torus 32 (-1.0, -1.5, -1.1, 0.0): half 0/20000 rho 0.000e+00 [0.0e+00, 1.9e-04] pfix - (3s)
torus 32 (0.0, 0.0, -2.3, 0.0): half 205/2000 rho 1.025e-01 [9.0e-02, 1.2e-01] pfix 1.00 (2s)
torus 32 (-1.0, -2.0, -1.1, 0.0): half 0/20000 rho 0.000e+00 [0.0e+00, 1.9e-04] pfix - (3s)
torus 32 (-1.0, 0.0, -2.3, 0.0): half 30/2000 rho 1.500e-02 [1.1e-02, 2.1e-02] pfix 1.00 (2s)
torus 32 (-1.0, -3.0, 0.9, 0.0): half 0/20000 rho 0.000e+00 [0.0e+00, 1.9e-04] pfix - (3s)
torus 32 (0.0, -0.4, -0.3, 0.0): half 0/20000 rho 0.000e+00 [0.0e+00, 1.9e-04] pfix - (8s)
torus 32 (0.0, -3.0, 0.9, 0.0): half 0/20000 rho 0.000e+00 [0.0e+00, 1.9e-04] pfix - (3s)
torus 32 (0.0, -1.0, -0.3, 0.0): half 0/20000 rho 0.000e+00 [0.0e+00, 1.9e-04] pfix - (5s)
torus 32 (-1.0, -1.0, -0.3, 0.0): half 0/20000 rho 0.000e+00 [0.0e+00, 1.9e-04] pfix - (4s)
hypercube 10 (-1.0, -2.01, 0.96, 0.0): half 0/20000 rho 0.000e+00 [0.0e+00, 1.9e-04] pfix - (5s)
hypercube 10 (-1.0, -1.03, -1.05, 0.0): half 0/20000 rho 0.000e+00 [0.0e+00, 1.9e-04] pfix - (7s)
hypercube 10 (-1.0, -1.06, -1.07, 0.0): half 0/20000 rho 0.000e+00 [0.0e+00, 1.9e-04] pfix - (7s)
hypercube 10 (0.0, 0.97, -2.01, 0.0): half 454/2000 rho 2.270e-01 [2.1e-01, 2.5e-01] pfix 1.00 (2s)
hypercube 10 (0.0, 0.94, -2.01, 0.0): half 459/2000 rho 2.295e-01 [2.1e-01, 2.5e-01] pfix 1.00 (2s)
hypercube 10 (-1.0, -2.04, 0.96, 0.0): half 0/20000 rho 0.000e+00 [0.0e+00, 1.9e-04] pfix - (5s)
hypercube 10 (-1.0, -1.12, -1.05, 0.0): half 0/20000 rho 0.000e+00 [0.0e+00, 1.9e-04] pfix - (6s)
hypercube 10 (-1.0, -1.06, -1.05, 0.0): half 0/20000 rho 0.000e+00 [0.0e+00, 1.9e-04] pfix - (6s)
hypercube 10 (-1.0, -2.02, 0.96, 0.0): half 0/20000 rho 0.000e+00 [0.0e+00, 1.9e-04] pfix - (5s)
hypercube 10 (-1.0, -2.06, 0.96, 0.0): half 0/20000 rho 0.000e+00 [0.0e+00, 1.9e-04] pfix - (5s)
hypercube 10 (0.0, -2.04, 0.97, 0.0): half 0/20000 rho 0.000e+00 [0.0e+00, 1.9e-04] pfix - (5s)
hypercube 10 (0.0, -1.01, -1.03, 0.0): half 0/20000 rho 0.000e+00 [0.0e+00, 1.9e-04] pfix - (7s)
hypercube 10 (-1.0, -2.03, 0.97, 0.0): half 0/20000 rho 0.000e+00 [0.0e+00, 1.9e-04] pfix - (5s)
hypercube 10 (0.0, -2.03, 0.97, 0.0): half 0/20000 rho 0.000e+00 [0.0e+00, 1.9e-04] pfix - (5s)
hypercube 10 (0.0, -2.05, 0.97, 0.0): half 0/20000 rho 0.000e+00 [0.0e+00, 1.9e-04] pfix - (5s)
hypercube 10 (0.0, -1.04, -1.05, 0.0): half 0/20000 rho 0.000e+00 [0.0e+00, 1.9e-04] pfix - (7s)
hypercube 10 (0.0, -1.08, -1.03, 0.0): half 0/20000 rho 0.000e+00 [0.0e+00, 1.9e-04] pfix - (7s)
hypercube 10 (-1.0, -2.08, 0.97, 0.0): half 0/20000 rho 0.000e+00 [0.0e+00, 1.9e-04] pfix - (5s)
hypercube 10 (0.0, -2.06, 0.97, 0.0): half 0/20000 rho 0.000e+00 [0.0e+00, 1.9e-04] pfix - (5s)
hypercube 10 (0.0, -1.02, -1.03, 0.0): half 0/20000 rho 0.000e+00 [0.0e+00, 1.9e-04] pfix - (7s)
hypercube 10 (0.0, -1.1, -1.04, 0.0): half 0/20000 rho 0.000e+00 [0.0e+00, 1.9e-04] pfix - (7s)
hypercube 10 (-1.0, -1.08, -1.05, 0.0): half 0/20000 rho 0.000e+00 [0.0e+00, 1.9e-04] pfix - (6s)
hypercube 10 (0.0, -0.08, -0.01, 0.0): half 1/20000 rho 5.000e-05 [8.8e-06, 2.8e-04] pfix 0.00 (15s)
hypercube 10 (0.0, -1.08, -1.05, 0.0): half 0/20000 rho 0.000e+00 [0.0e+00, 1.9e-04] pfix - (7s)
hypercube 10 (-1.0, -1.08, -1.04, 0.0): half 0/20000 rho 0.000e+00 [0.0e+00, 1.9e-04] pfix - (6s)
hypercube 10 (0.0, 0.99, -2.01, 0.0): half 465/2000 rho 2.325e-01 [2.1e-01, 2.5e-01] pfix 1.00 (2s)
hypercube 10 (-1.0, -2.02, 0.97, 0.0): half 0/20000 rho 0.000e+00 [0.0e+00, 1.9e-04] pfix - (5s)
hypercube 10 (-1.0, -1.04, -1.04, 0.0): half 0/20000 rho 0.000e+00 [0.0e+00, 1.9e-04] pfix - (7s)
hypercube 10 (0.0, -2.02, 0.97, 0.0): half 0/20000 rho 0.000e+00 [0.0e+00, 1.9e-04] pfix - (5s)
hypercube 10 (0.0, 0.98, -2.01, 0.0): half 458/2000 rho 2.290e-01 [2.1e-01, 2.5e-01] pfix 1.00 (2s)
hypercube 10 (0.0, 0.92, -2.01, 0.0): half 470/2000 rho 2.350e-01 [2.2e-01, 2.5e-01] pfix 1.00 (2s)
hypercube 10 (-1.0, -2.04, 0.97, 0.0): half 0/20000 rho 0.000e+00 [0.0e+00, 1.9e-04] pfix - (5s)
hypercube 10 (-1.0, 0.97, -2.01, 0.0): half 428/2000 rho 2.140e-01 [2.0e-01, 2.3e-01] pfix 1.00 (3s)
hypercube 10 (-1.0, 0.96, -2.01, 0.0): half 430/2000 rho 2.150e-01 [2.0e-01, 2.3e-01] pfix 1.00 (3s)
hypercube 10 (-1.0, 0.95, -2.01, 0.0): half 420/2000 rho 2.100e-01 [1.9e-01, 2.3e-01] pfix 1.00 (3s)
hypercube 10 (-1.0, 0.94, -2.01, 0.0): half 404/2000 rho 2.020e-01 [1.8e-01, 2.2e-01] pfix 1.00 (3s)
hypercube 10 (0.0, 0.96, -2.01, 0.0): half 476/2000 rho 2.380e-01 [2.2e-01, 2.6e-01] pfix 1.00 (2s)
hypercube 10 (0.0, -2.02, 0.96, 0.0): half 0/20000 rho 0.000e+00 [0.0e+00, 1.9e-04] pfix - (5s)
hypercube 10 (-1.0, 0.92, -2.01, 0.0): half 415/2000 rho 2.075e-01 [1.9e-01, 2.3e-01] pfix 1.00 (3s)
hypercube 10 (0.0, -0.05, -0.01, 0.0): half 0/20000 rho 0.000e+00 [0.0e+00, 1.9e-04] pfix - (18s)
hypercube 10 (-1.0, -1.05, -1.12, 0.0): half 0/20000 rho 0.000e+00 [0.0e+00, 1.9e-04] pfix - (7s)
hypercube 10 (-1.0, -1.02, -1.08, 0.0): half 0/20000 rho 0.000e+00 [0.0e+00, 1.9e-04] pfix - (7s)
hypercube 10 (-1.0, -1.02, -1.1, 0.0): half 0/20000 rho 0.000e+00 [0.0e+00, 1.9e-04] pfix - (7s)
hypercube 10 (-1.0, -0.01, -0.06, 0.0): half 0/20000 rho 0.000e+00 [0.0e+00, 1.9e-04] pfix - (13s)
hypercube 10 (-1.0, -0.01, -0.08, 0.0): half 0/20000 rho 0.000e+00 [0.0e+00, 1.9e-04] pfix - (13s)
hypercube 10 (-1.0, -1.02, -1.12, 0.0): half 0/20000 rho 0.000e+00 [0.0e+00, 1.9e-04] pfix - (7s)
hypercube 10 (-1.0, -1.03, -1.1, 0.0): half 0/20000 rho 0.000e+00 [0.0e+00, 1.9e-04] pfix - (7s)
hypercube 10 (-1.0, -1.03, -1.12, 0.0): half 0/20000 rho 0.000e+00 [0.0e+00, 1.9e-04] pfix - (7s)
hypercube 10 (-1.0, -1.04, -1.08, 0.0): half 0/20000 rho 0.000e+00 [0.0e+00, 1.9e-04] pfix - (6s)
hypercube 10 (-1.0, -1.1, -1.12, 0.0): half 0/20000 rho 0.000e+00 [0.0e+00, 1.9e-04] pfix - (6s)
hypercube 10 (-1.0, -1.02, -1.14, 0.0): half 0/20000 rho 0.000e+00 [0.0e+00, 1.9e-04] pfix - (7s)
hypercube 10 (0.0, -2.05, 0.94, 0.0): half 0/20000 rho 0.000e+00 [0.0e+00, 1.9e-04] pfix - (5s)
hypercube 10 (-1.0, -1.03, -1.14, 0.0): half 0/20000 rho 0.000e+00 [0.0e+00, 1.9e-04] pfix - (7s)
hypercube 10 (-1.0, -2.04, 0.94, 0.0): half 0/20000 rho 0.000e+00 [0.0e+00, 1.9e-04] pfix - (5s)
hypercube 10 (-1.0, -0.08, -0.06, 0.0): half 0/20000 rho 0.000e+00 [0.0e+00, 1.9e-04] pfix - (12s)
hypercube 10 (0.0, -0.08, -0.06, 0.0): half 0/20000 rho 0.000e+00 [0.0e+00, 1.9e-04] pfix - (15s)
hypercube 10 (-1.0, -0.1, -0.08, 0.0): half 0/20000 rho 0.000e+00 [0.0e+00, 1.9e-04] pfix - (12s)
hypercube 10 (-1.0, -2.08, 0.92, 0.0): half 0/20000 rho 0.000e+00 [0.0e+00, 1.9e-04] pfix - (5s)
hypercube 10 (-1.0, -0.06, -0.06, 0.0): half 0/20000 rho 0.000e+00 [0.0e+00, 1.9e-04] pfix - (12s)
hypercube 10 (0.0, -0.06, -0.06, 0.0): half 1/20000 rho 5.000e-05 [8.8e-06, 2.8e-04] pfix 1.00 (17s)
hypercube 10 (-1.0, -0.06, -0.08, 0.0): half 0/20000 rho 0.000e+00 [0.0e+00, 1.9e-04] pfix - (12s)
hypercube 10 (-1.0, -0.02, -0.06, 0.0): half 0/20000 rho 0.000e+00 [0.0e+00, 1.9e-04] pfix - (13s)
hypercube 10 (-1.0, -0.02, -0.08, 0.0): half 0/20000 rho 0.000e+00 [0.0e+00, 1.9e-04] pfix - (13s)
hypercube 10 (0.0, -1.1, -1.12, 0.0): half 0/20000 rho 0.000e+00 [0.0e+00, 1.9e-04] pfix - (7s)
hypercube 10 (0.0, -0.1, -0.08, 0.0): half 0/20000 rho 0.000e+00 [0.0e+00, 1.9e-04] pfix - (16s)
hypercube 10 (-1.0, -1.1, -1.1, 0.0): half 0/20000 rho 0.000e+00 [0.0e+00, 1.9e-04] pfix - (7s)
hypercube 10 (0.0, 0.98, -2.06, 0.0): half 472/2000 rho 2.360e-01 [2.2e-01, 2.6e-01] pfix 1.00 (2s)
hypercube 10 (0.0, 0.97, -2.08, 0.0): half 483/2000 rho 2.415e-01 [2.2e-01, 2.6e-01] pfix 1.00 (2s)
hypercube 10 (-1.0, -2.01, 0.94, 0.0): half 0/20000 rho 0.000e+00 [0.0e+00, 1.9e-04] pfix - (5s)
hypercube 10 (0.0, 0.96, -2.06, 0.0): half 466/2000 rho 2.330e-01 [2.1e-01, 2.5e-01] pfix 1.00 (2s)
hypercube 10 (-1.0, -2.01, 0.92, 0.0): half 0/20000 rho 0.000e+00 [0.0e+00, 1.9e-04] pfix - (5s)
hypercube 10 (0.0, 0.94, -2.08, 0.0): half 421/2000 rho 2.105e-01 [1.9e-01, 2.3e-01] pfix 1.00 (2s)
hypercube 10 (0.0, 0.94, -2.06, 0.0): half 439/2000 rho 2.195e-01 [2.0e-01, 2.4e-01] pfix 1.00 (2s)
hypercube 10 (-1.0, -2.02, 0.94, 0.0): half 0/20000 rho 0.000e+00 [0.0e+00, 1.9e-04] pfix - (6s)
hypercube 10 (0.0, -0.06, -0.08, 0.0): half 1/20000 rho 5.000e-05 [8.8e-06, 2.8e-04] pfix 1.00 (18s)
hypercube 10 (-1.0, -2.02, 0.92, 0.0): half 0/20000 rho 0.000e+00 [0.0e+00, 1.9e-04] pfix - (6s)
hypercube 10 (0.0, 0.92, -2.1, 0.0): half 460/2000 rho 2.300e-01 [2.1e-01, 2.5e-01] pfix 1.00 (3s)
hypercube 10 (-1.0, -2.06, 0.92, 0.0): half 0/20000 rho 0.000e+00 [0.0e+00, 1.9e-04] pfix - (5s)
hypercube 10 (0.0, -2.02, 0.94, 0.0): half 0/20000 rho 0.000e+00 [0.0e+00, 1.9e-04] pfix - (5s)
hypercube 10 (0.0, -2.04, 0.92, 0.0): half 0/20000 rho 0.000e+00 [0.0e+00, 1.9e-04] pfix - (5s)
hypercube 10 (0.0, -2.06, 0.92, 0.0): half 0/20000 rho 0.000e+00 [0.0e+00, 1.9e-04] pfix - (5s)
hypercube 10 (0.0, -2.02, 0.92, 0.0): half 0/20000 rho 0.000e+00 [0.0e+00, 1.9e-04] pfix - (5s)
hypercube 10 (-1.0, -1.03, -1.06, 0.0): half 0/20000 rho 0.000e+00 [0.0e+00, 1.9e-04] pfix - (7s)
hypercube 10 (0.0, -1.03, -1.02, 0.0): half 0/20000 rho 0.000e+00 [0.0e+00, 1.9e-04] pfix - (7s)
hypercube 10 (0.0, -1.04, -1.02, 0.0): half 0/20000 rho 0.000e+00 [0.0e+00, 1.9e-04] pfix - (7s)
hypercube 10 (0.0, 0.98, -2.03, 0.0): half 481/2000 rho 2.405e-01 [2.2e-01, 2.6e-01] pfix 1.00 (2s)
hypercube 10 (0.0, -1.08, -1.02, 0.0): half 0/20000 rho 0.000e+00 [0.0e+00, 1.9e-04] pfix - (7s)
hypercube 10 (-1.0, 0.97, -2.04, 0.0): half 454/2000 rho 2.270e-01 [2.1e-01, 2.5e-01] pfix 1.00 (3s)
hypercube 10 (-1.0, -2.01, 0.99, 0.0): half 0/20000 rho 0.000e+00 [0.0e+00, 1.9e-04] pfix - (5s)
hypercube 10 (0.0, 0.97, -2.04, 0.0): half 499/2000 rho 2.495e-01 [2.3e-01, 2.7e-01] pfix 1.00 (2s)
hypercube 10 (-1.0, 0.98, -2.03, 0.0): half 443/2000 rho 2.215e-01 [2.0e-01, 2.4e-01] pfix 1.00 (3s)
hypercube 10 (0.0, -2.01, 0.99, 0.0): half 0/20000 rho 0.000e+00 [0.0e+00, 1.9e-04] pfix - (5s)
hypercube 10 (0.0, 0.99, -2.02, 0.0): half 480/2000 rho 2.400e-01 [2.2e-01, 2.6e-01] pfix 1.00 (2s)
hypercube 10 (-1.0, 0.96, -2.05, 0.0): half 454/2000 rho 2.270e-01 [2.1e-01, 2.5e-01] pfix 1.00 (3s)
hypercube 10 (-1.0, 0.95, -2.06, 0.0): half 371/2000 rho 1.855e-01 [1.7e-01, 2.0e-01] pfix 1.00 (3s)
hypercube 10 (0.0, 0.96, -2.03, 0.0): half 471/2000 rho 2.355e-01 [2.2e-01, 2.5e-01] pfix 1.00 (2s)
hypercube 10 (-1.0, -0.03, -0.02, 0.0): half 0/20000 rho 0.000e+00 [0.0e+00, 1.9e-04] pfix - (13s)
hypercube 10 (0.0, 0.94, -2.04, 0.0): half 442/2000 rho 2.210e-01 [2.0e-01, 2.4e-01] pfix 1.00 (2s)
hypercube 10 (-1.0, 0.94, -2.03, 0.0): half 419/2000 rho 2.095e-01 [1.9e-01, 2.3e-01] pfix 1.00 (3s)
hypercube 10 (0.0, 0.94, -2.03, 0.0): half 480/2000 rho 2.400e-01 [2.2e-01, 2.6e-01] pfix 1.00 (2s)
hypercube 10 (-1.0, 0.94, -2.04, 0.0): half 399/2000 rho 1.995e-01 [1.8e-01, 2.2e-01] pfix 1.00 (3s)
hypercube 10 (-1.0, -2.02, 0.99, 0.0): half 0/20000 rho 0.000e+00 [0.0e+00, 1.9e-04] pfix - (5s)
hypercube 10 (-1.0, 0.99, -2.02, 0.0): half 381/2000 rho 1.905e-01 [1.7e-01, 2.1e-01] pfix 1.00 (2s)
hypercube 10 (0.0, -0.03, -0.02, 0.0): half 8/20000 rho 4.000e-04 [2.0e-04, 7.9e-04] pfix 0.50 (22s)
hypercube 10 (-1.0, -0.05, -0.02, 0.0): half 0/20000 rho 0.000e+00 [0.0e+00, 1.9e-04] pfix - (12s)
hypercube 10 (-1.0, 0.96, -2.03, 0.0): half 445/2000 rho 2.225e-01 [2.0e-01, 2.4e-01] pfix 1.00 (3s)
hypercube 10 (0.0, -0.05, -0.02, 0.0): half 1/20000 rho 5.000e-05 [8.8e-06, 2.8e-04] pfix 0.00 (18s)
hypercube 10 (-1.0, 0.97, -2.03, 0.0): half 450/2000 rho 2.250e-01 [2.1e-01, 2.4e-01] pfix 1.00 (3s)
hypercube 10 (0.0, -0.06, -0.03, 0.0): half 1/20000 rho 5.000e-05 [8.8e-06, 2.8e-04] pfix 0.00 (17s)
hypercube 10 (0.0, -1.02, -1.01, 0.0): half 0/20000 rho 0.000e+00 [0.0e+00, 1.9e-04] pfix - (7s)
hypercube 10 (-1.0, 0.95, -2.04, 0.0): half 446/2000 rho 2.230e-01 [2.1e-01, 2.4e-01] pfix 1.00 (3s)
hypercube 10 (-1.0, 0.98, -2.04, 0.0): half 408/2000 rho 2.040e-01 [1.9e-01, 2.2e-01] pfix 1.00 (3s)
hypercube 10 (0.0, -1.03, -1.01, 0.0): half 0/20000 rho 0.000e+00 [0.0e+00, 1.9e-04] pfix - (7s)
hypercube 10 (-1.0, -0.01, -0.03, 0.0): half 0/20000 rho 0.000e+00 [0.0e+00, 1.9e-04] pfix - (13s)
hypercube 10 (-1.0, -0.01, -0.05, 0.0): half 0/20000 rho 0.000e+00 [0.0e+00, 1.9e-04] pfix - (13s)
hypercube 10 (-1.0, 0.98, -2.05, 0.0): half 438/2000 rho 2.190e-01 [2.0e-01, 2.4e-01] pfix 1.00 (3s)
hypercube 10 (-1.0, -0.01, -0.04, 0.0): half 0/20000 rho 0.000e+00 [0.0e+00, 1.9e-04] pfix - (13s)
hypercube 10 (-1.0, 0.98, -2.06, 0.0): half 419/2000 rho 2.095e-01 [1.9e-01, 2.3e-01] pfix 1.00 (3s)
hypercube 10 (-1.0, 0.95, -2.03, 0.0): half 427/2000 rho 2.135e-01 [2.0e-01, 2.3e-01] pfix 1.00 (3s)
hypercube 10 (-1.0, 0.97, -2.05, 0.0): half 434/2000 rho 2.170e-01 [2.0e-01, 2.4e-01] pfix 1.00 (3s)
hypercube 10 (-1.0, 0.97, -2.06, 0.0): half 436/2000 rho 2.180e-01 [2.0e-01, 2.4e-01] pfix 1.00 (3s)
hypercube 10 (-1.0, 0.96, -2.04, 0.0): half 402/2000 rho 2.010e-01 [1.8e-01, 2.2e-01] pfix 1.00 (3s)
hypercube 10 (-1.0, 0.98, -2.07, 0.0): half 395/2000 rho 1.975e-01 [1.8e-01, 2.2e-01] pfix 1.00 (3s)
hypercube 10 (-1.0, 0.97, -2.07, 0.0): half 449/2000 rho 2.245e-01 [2.1e-01, 2.4e-01] pfix 1.00 (3s)
hypercube 10 (0.0, -1.04, -1.01, 0.0): half 0/20000 rho 0.000e+00 [0.0e+00, 1.9e-04] pfix - (7s)
hypercube 10 (0.0, 0.92, -2.03, 0.0): half 431/2000 rho 2.155e-01 [2.0e-01, 2.3e-01] pfix 1.00 (2s)
hypercube 10 (-1.0, -0.04, -0.02, 0.0): half 0/20000 rho 0.000e+00 [0.0e+00, 1.9e-04] pfix - (12s)
hypercube 10 (-1.0, -0.06, -0.03, 0.0): half 0/20000 rho 0.000e+00 [0.0e+00, 1.9e-04] pfix - (12s)
hypercube 10 (-1.0, -0.06, -0.04, 0.0): half 0/20000 rho 0.000e+00 [0.0e+00, 1.9e-04] pfix - (12s)
hypercube 10 (-1.0, 0.94, -2.05, 0.0): half 426/2000 rho 2.130e-01 [2.0e-01, 2.3e-01] pfix 1.00 (3s)
hypercube 10 (-1.0, -0.02, -0.03, 0.0): half 0/20000 rho 0.000e+00 [0.0e+00, 1.9e-04] pfix - (13s)
hypercube 10 (-1.0, -0.02, -0.05, 0.0): half 0/20000 rho 0.000e+00 [0.0e+00, 1.9e-04] pfix - (13s)
hypercube 10 (-1.0, -0.02, -0.04, 0.0): half 0/20000 rho 0.000e+00 [0.0e+00, 1.9e-04] pfix - (13s)
hypercube 10 (0.0, 0.9, -2.04, 0.0): half 480/2000 rho 2.400e-01 [2.2e-01, 2.6e-01] pfix 1.00 (3s)
hypercube 10 (0.0, 0.97, -2.03, 0.0): half 461/2000 rho 2.305e-01 [2.1e-01, 2.5e-01] pfix 1.00 (2s)
hypercube 10 (-1.0, -1.05, -1.01, 0.0): half 0/20000 rho 0.000e+00 [0.0e+00, 1.9e-04] pfix - (7s)
hypercube 10 (0.0, 0.9, -2.03, 0.0): half 397/2000 rho 1.985e-01 [1.8e-01, 2.2e-01] pfix 1.00 (2s)
hypercube 10 (-1.0, -1.1, -1.01, 0.0): half 0/20000 rho 0.000e+00 [0.0e+00, 1.9e-04] pfix - (7s)
hypercube 10 (-1.0, 0.9, -2.03, 0.0): half 409/2000 rho 2.045e-01 [1.9e-01, 2.2e-01] pfix 1.00 (3s)
hypercube 10 (-1.0, -2.1, 0.99, 0.0): half 0/20000 rho 0.000e+00 [0.0e+00, 1.9e-04] pfix - (5s)
hypercube 10 (0.0, -0.04, -0.03, 0.0): half 7/20000 rho 3.500e-04 [1.7e-04, 7.2e-04] pfix 0.43 (20s)
hypercube 10 (-1.0, -0.1, -0.03, 0.0): half 0/20000 rho 0.000e+00 [0.0e+00, 1.9e-04] pfix - (12s)
hypercube 10 (0.0, -0.1, -0.03, 0.0): half 0/20000 rho 0.000e+00 [0.0e+00, 1.9e-04] pfix - (15s)
hypercube 10 (0.0, -2.1, 0.99, 0.0): half 0/20000 rho 0.000e+00 [0.0e+00, 1.9e-04] pfix - (5s)
hypercube 10 (-1.0, -2.1, 0.6, 0.0): half 0/20000 rho 0.000e+00 [0.0e+00, 1.9e-04] pfix - (5s)
hypercube 10 (-1.0, -1.3, -1.5, 0.0): half 0/20000 rho 0.000e+00 [0.0e+00, 1.9e-04] pfix - (6s)
hypercube 10 (-1.0, -1.6, -1.7, 0.0): half 0/20000 rho 0.000e+00 [0.0e+00, 1.9e-04] pfix - (6s)
hypercube 10 (0.0, 0.4, -2.1, 0.0): half 209/2000 rho 1.045e-01 [9.2e-02, 1.2e-01] pfix 1.00 (2s)
hypercube 10 (0.0, 0.7, -2.1, 0.0): half 354/2000 rho 1.770e-01 [1.6e-01, 1.9e-01] pfix 1.00 (2s)
hypercube 10 (-1.0, -2.4, 0.6, 0.0): half 0/20000 rho 0.000e+00 [0.0e+00, 1.9e-04] pfix - (5s)
hypercube 10 (-1.0, -2.2, -1.5, 0.0): half 0/20000 rho 0.000e+00 [0.0e+00, 1.9e-04] pfix - (5s)
hypercube 10 (-1.0, -1.6, -1.5, 0.0): half 0/20000 rho 0.000e+00 [0.0e+00, 1.9e-04] pfix - (6s)
hypercube 10 (-1.0, -2.2, 0.6, 0.0): half 0/20000 rho 0.000e+00 [0.0e+00, 1.9e-04] pfix - (5s)
hypercube 10 (-1.0, -2.6, 0.6, 0.0): half 0/20000 rho 0.000e+00 [0.0e+00, 1.9e-04] pfix - (5s)
hypercube 10 (0.0, -2.4, 0.7, 0.0): half 0/20000 rho 0.000e+00 [0.0e+00, 1.9e-04] pfix - (5s)
hypercube 10 (-1.0, -2.3, 0.7, 0.0): half 0/20000 rho 0.000e+00 [0.0e+00, 1.9e-04] pfix - (5s)
hypercube 10 (0.0, -1.1, -1.3, 0.0): half 0/20000 rho 0.000e+00 [0.0e+00, 1.9e-04] pfix - (7s)
hypercube 10 (0.0, -2.3, 0.7, 0.0): half 0/20000 rho 0.000e+00 [0.0e+00, 1.9e-04] pfix - (5s)
hypercube 10 (0.0, -2.5, 0.7, 0.0): half 0/20000 rho 0.000e+00 [0.0e+00, 1.9e-04] pfix - (5s)
hypercube 10 (0.0, -1.4, -1.5, 0.0): half 0/20000 rho 0.000e+00 [0.0e+00, 1.9e-04] pfix - (6s)
hypercube 10 (0.0, -1.8, -1.3, 0.0): half 0/20000 rho 0.000e+00 [0.0e+00, 1.9e-04] pfix - (5s)
hypercube 10 (-1.0, -2.8, 0.7, 0.0): half 0/20000 rho 0.000e+00 [0.0e+00, 1.9e-04] pfix - (5s)
hypercube 10 (0.0, -2.6, 0.7, 0.0): half 0/20000 rho 0.000e+00 [0.0e+00, 1.9e-04] pfix - (5s)
hypercube 10 (0.0, -1.2, -1.3, 0.0): half 0/20000 rho 0.000e+00 [0.0e+00, 1.9e-04] pfix - (6s)
hypercube 10 (0.0, -2.0, -1.4, 0.0): half 0/20000 rho 0.000e+00 [0.0e+00, 1.9e-04] pfix - (5s)
hypercube 10 (0.0, -0.8, -0.1, 0.0): half 0/20000 rho 0.000e+00 [0.0e+00, 1.9e-04] pfix - (7s)
hypercube 10 (-1.0, -1.8, -1.5, 0.0): half 0/20000 rho 0.000e+00 [0.0e+00, 1.9e-04] pfix - (5s)
hypercube 10 (0.0, -1.8, -1.5, 0.0): half 0/20000 rho 0.000e+00 [0.0e+00, 1.9e-04] pfix - (5s)
hypercube 10 (-1.0, -1.8, -1.4, 0.0): half 0/20000 rho 0.000e+00 [0.0e+00, 1.9e-04] pfix - (5s)
hypercube 10 (-1.0, -1.4, -1.4, 0.0): half 0/20000 rho 0.000e+00 [0.0e+00, 1.9e-04] pfix - (6s)
hypercube 10 (0.0, 0.9, -2.1, 0.0): half 429/2000 rho 2.145e-01 [2.0e-01, 2.3e-01] pfix 1.00 (2s)
hypercube 10 (-1.0, -2.2, 0.7, 0.0): half 0/20000 rho 0.000e+00 [0.0e+00, 1.9e-04] pfix - (5s)
hypercube 10 (0.0, -2.2, 0.7, 0.0): half 0/20000 rho 0.000e+00 [0.0e+00, 1.9e-04] pfix - (5s)
hypercube 10 (0.0, 0.8, -2.1, 0.0): half 391/2000 rho 1.955e-01 [1.8e-01, 2.1e-01] pfix 1.00 (2s)
hypercube 10 (0.0, 0.2, -2.1, 0.0): half 155/2000 rho 7.750e-02 [6.7e-02, 9.0e-02] pfix 1.00 (2s)
hypercube 10 (0.0, -0.5, -0.1, 0.0): half 0/20000 rho 0.000e+00 [0.0e+00, 1.9e-04] pfix - (9s)
hypercube 10 (-1.0, -2.4, 0.7, 0.0): half 0/20000 rho 0.000e+00 [0.0e+00, 1.9e-04] pfix - (5s)
hypercube 10 (-1.0, 0.7, -2.1, 0.0): half 314/2000 rho 1.570e-01 [1.4e-01, 1.7e-01] pfix 1.00 (3s)
hypercube 10 (-1.0, 0.6, -2.1, 0.0): half 289/2000 rho 1.445e-01 [1.3e-01, 1.6e-01] pfix 1.00 (3s)
hypercube 10 (-1.0, 0.5, -2.1, 0.0): half 229/2000 rho 1.145e-01 [1.0e-01, 1.3e-01] pfix 1.00 (3s)
hypercube 10 (-1.0, 0.4, -2.1, 0.0): half 177/2000 rho 8.850e-02 [7.7e-02, 1.0e-01] pfix 1.00 (3s)
hypercube 10 (0.0, 0.6, -2.1, 0.0): half 334/2000 rho 1.670e-01 [1.5e-01, 1.8e-01] pfix 1.00 (2s)
hypercube 10 (-1.0, 0.2, -2.1, 0.0): half 80/2000 rho 4.000e-02 [3.2e-02, 5.0e-02] pfix 1.00 (3s)
hypercube 10 (0.0, -2.2, 0.6, 0.0): half 0/20000 rho 0.000e+00 [0.0e+00, 1.9e-04] pfix - (5s)
hypercube 10 (-1.0, -1.5, -2.2, 0.0): half 0/20000 rho 0.000e+00 [0.0e+00, 1.9e-04] pfix - (6s)
hypercube 10 (-1.0, -1.2, -1.8, 0.0): half 0/20000 rho 0.000e+00 [0.0e+00, 1.9e-04] pfix - (6s)
hypercube 10 (-1.0, -1.2, -2.0, 0.0): half 0/20000 rho 0.000e+00 [0.0e+00, 1.9e-04] pfix - (6s)
hypercube 10 (-1.0, -0.1, -0.6, 0.0): half 0/20000 rho 0.000e+00 [0.0e+00, 1.9e-04] pfix - (12s)
hypercube 10 (-1.0, -0.1, -0.8, 0.0): half 0/20000 rho 0.000e+00 [0.0e+00, 1.9e-04] pfix - (12s)
hypercube 10 (-1.0, -1.2, -2.2, 0.0): half 0/20000 rho 0.000e+00 [0.0e+00, 1.9e-04] pfix - (6s)
hypercube 10 (-1.0, -1.3, -2.0, 0.0): half 0/20000 rho 0.000e+00 [0.0e+00, 1.9e-04] pfix - (6s)
hypercube 10 (-1.0, -1.3, -2.2, 0.0): half 0/20000 rho 0.000e+00 [0.0e+00, 1.9e-04] pfix - (6s)
hypercube 10 (-1.0, -2.0, -2.2, 0.0): half 0/20000 rho 0.000e+00 [0.0e+00, 1.9e-04] pfix - (5s)
hypercube 10 (-1.0, -1.4, -1.8, 0.0): half 0/20000 rho 0.000e+00 [0.0e+00, 1.9e-04] pfix - (6s)
hypercube 10 (-1.0, -1.2, -2.4, 0.0): half 0/20000 rho 0.000e+00 [0.0e+00, 1.9e-04] pfix - (6s)
hypercube 10 (0.0, -2.5, 0.4, 0.0): half 0/20000 rho 0.000e+00 [0.0e+00, 1.9e-04] pfix - (5s)
hypercube 10 (-1.0, -1.3, -2.4, 0.0): half 0/20000 rho 0.000e+00 [0.0e+00, 1.9e-04] pfix - (6s)
hypercube 10 (-1.0, -2.4, 0.4, 0.0): half 0/20000 rho 0.000e+00 [0.0e+00, 1.9e-04] pfix - (5s)
hypercube 10 (0.0, -0.8, -0.6, 0.0): half 0/20000 rho 0.000e+00 [0.0e+00, 1.9e-04] pfix - (8s)
hypercube 10 (-1.0, -0.8, -0.6, 0.0): half 0/20000 rho 0.000e+00 [0.0e+00, 1.9e-04] pfix - (7s)
hypercube 10 (-1.0, -1.0, -0.8, 0.0): half 0/20000 rho 0.000e+00 [0.0e+00, 1.9e-04] pfix - (7s)
hypercube 10 (-1.0, -2.8, 0.2, 0.0): half 0/20000 rho 0.000e+00 [0.0e+00, 1.9e-04] pfix - (5s)
hypercube 10 (0.0, -0.6, -0.6, 0.0): half 0/20000 rho 0.000e+00 [0.0e+00, 1.9e-04] pfix - (8s)
hypercube 10 (-1.0, -0.6, -0.6, 0.0): half 0/20000 rho 0.000e+00 [0.0e+00, 1.9e-04] pfix - (8s)
hypercube 10 (-1.0, -0.6, -0.8, 0.0): half 0/20000 rho 0.000e+00 [0.0e+00, 1.9e-04] pfix - (8s)
hypercube 10 (-1.0, -0.2, -0.6, 0.0): half 0/20000 rho 0.000e+00 [0.0e+00, 1.9e-04] pfix - (11s)
hypercube 10 (0.0, -1.0, -0.8, 0.0): half 0/20000 rho 0.000e+00 [0.0e+00, 1.9e-04] pfix - (7s)
hypercube 10 (-1.0, -0.2, -0.8, 0.0): half 0/20000 rho 0.000e+00 [0.0e+00, 1.9e-04] pfix - (10s)
hypercube 10 (0.0, -2.0, -2.2, 0.0): half 0/20000 rho 0.000e+00 [0.0e+00, 1.9e-04] pfix - (5s)
hypercube 10 (-1.0, -2.0, -2.0, 0.0): half 0/20000 rho 0.000e+00 [0.0e+00, 1.9e-04] pfix - (5s)
hypercube 10 (0.0, 0.8, -2.6, 0.0): half 434/2000 rho 2.170e-01 [2.0e-01, 2.4e-01] pfix 1.00 (2s)
hypercube 10 (0.0, 0.7, -2.8, 0.0): half 370/2000 rho 1.850e-01 [1.7e-01, 2.0e-01] pfix 1.00 (2s)
hypercube 10 (-1.0, -2.1, 0.4, 0.0): half 0/20000 rho 0.000e+00 [0.0e+00, 1.9e-04] pfix - (5s)
hypercube 10 (0.0, -0.6, -0.8, 0.0): half 0/20000 rho 0.000e+00 [0.0e+00, 1.9e-04] pfix - (8s)
hypercube 10 (0.0, 0.6, -2.6, 0.0): half 306/2000 rho 1.530e-01 [1.4e-01, 1.7e-01] pfix 1.00 (2s)
hypercube 10 (0.0, 0.4, -2.8, 0.0): half 239/2000 rho 1.195e-01 [1.1e-01, 1.3e-01] pfix 1.00 (2s)
hypercube 10 (-1.0, -2.1, 0.2, 0.0): half 0/20000 rho 0.000e+00 [0.0e+00, 1.9e-04] pfix - (5s)
hypercube 10 (0.0, 0.4, -2.6, 0.0): half 252/2000 rho 1.260e-01 [1.1e-01, 1.4e-01] pfix 1.00 (2s)
hypercube 10 (-1.0, -2.2, 0.4, 0.0): half 0/20000 rho 0.000e+00 [0.0e+00, 1.9e-04] pfix - (5s)
hypercube 10 (-1.0, -2.2, 0.2, 0.0): half 0/20000 rho 0.000e+00 [0.0e+00, 1.9e-04] pfix - (5s)
hypercube 10 (-1.0, -2.6, 0.2, 0.0): half 0/20000 rho 0.000e+00 [0.0e+00, 1.9e-04] pfix - (5s)
hypercube 10 (0.0, 0.2, -3.0, 0.0): half 171/2000 rho 8.550e-02 [7.4e-02, 9.9e-02] pfix 1.00 (2s)
hypercube 10 (0.0, -2.2, 0.4, 0.0): half 0/20000 rho 0.000e+00 [0.0e+00, 1.9e-04] pfix - (5s)
hypercube 10 (0.0, -2.4, 0.2, 0.0): half 0/20000 rho 0.000e+00 [0.0e+00, 1.9e-04] pfix - (5s)
hypercube 10 (0.0, -2.6, 0.2, 0.0): half 0/20000 rho 0.000e+00 [0.0e+00, 1.9e-04] pfix - (5s)
hypercube 10 (0.0, -2.2, 0.2, 0.0): half 0/20000 rho 0.000e+00 [0.0e+00, 1.9e-04] pfix - (5s)
hypercube 10 (-1.0, -1.3, -1.6, 0.0): half 0/20000 rho 0.000e+00 [0.0e+00, 1.9e-04] pfix - (6s)
hypercube 10 (0.0, -1.3, -1.2, 0.0): half 0/20000 rho 0.000e+00 [0.0e+00, 1.9e-04] pfix - (6s)
hypercube 10 (0.0, 0.8, -2.3, 0.0): half 382/2000 rho 1.910e-01 [1.7e-01, 2.1e-01] pfix 1.00 (2s)
hypercube 10 (0.0, -1.4, -1.2, 0.0): half 0/20000 rho 0.000e+00 [0.0e+00, 1.9e-04] pfix - (6s)
hypercube 10 (0.0, -1.8, -1.2, 0.0): half 0/20000 rho 0.000e+00 [0.0e+00, 1.9e-04] pfix - (5s)
hypercube 10 (-1.0, 0.7, -2.4, 0.0): half 333/2000 rho 1.665e-01 [1.5e-01, 1.8e-01] pfix 1.00 (3s)
hypercube 10 (-1.0, -2.1, 0.9, 0.0): half 0/20000 rho 0.000e+00 [0.0e+00, 1.9e-04] pfix - (5s)
hypercube 10 (0.0, 0.7, -2.4, 0.0): half 367/2000 rho 1.835e-01 [1.7e-01, 2.0e-01] pfix 1.00 (2s)
hypercube 10 (-1.0, 0.8, -2.3, 0.0): half 355/2000 rho 1.775e-01 [1.6e-01, 1.9e-01] pfix 1.00 (3s)
hypercube 10 (0.0, -2.1, 0.9, 0.0): half 0/20000 rho 0.000e+00 [0.0e+00, 1.9e-04] pfix - (5s)
hypercube 10 (0.0, 0.9, -2.2, 0.0): half 499/2000 rho 2.495e-01 [2.3e-01, 2.7e-01] pfix 1.00 (3s)
hypercube 10 (-1.0, 0.6, -2.5, 0.0): half 258/2000 rho 1.290e-01 [1.2e-01, 1.4e-01] pfix 1.00 (3s)
hypercube 10 (-1.0, -0.3, -0.2, 0.0): half 0/20000 rho 0.000e+00 [0.0e+00, 1.9e-04] pfix - (9s)
hypercube 10 (-1.0, 0.5, -2.6, 0.0): half 214/2000 rho 1.070e-01 [9.4e-02, 1.2e-01] pfix 1.00 (2s)
hypercube 10 (0.0, 0.6, -2.3, 0.0): half 335/2000 rho 1.675e-01 [1.5e-01, 1.8e-01] pfix 1.00 (2s)
hypercube 10 (-1.0, 0.4, -2.3, 0.0): half 193/2000 rho 9.650e-02 [8.4e-02, 1.1e-01] pfix 1.00 (3s)
hypercube 10 (0.0, 0.4, -2.4, 0.0): half 202/2000 rho 1.010e-01 [8.9e-02, 1.1e-01] pfix 1.00 (2s)
hypercube 10 (0.0, 0.4, -2.3, 0.0): half 222/2000 rho 1.110e-01 [9.8e-02, 1.3e-01] pfix 1.00 (2s)
hypercube 10 (0.0, -0.3, -0.2, 0.0): half 0/20000 rho 0.000e+00 [0.0e+00, 1.9e-04] pfix - (11s)
hypercube 10 (-1.0, 0.4, -2.4, 0.0): half 177/2000 rho 8.850e-02 [7.7e-02, 1.0e-01] pfix 1.00 (3s)
hypercube 10 (-1.0, -2.2, 0.9, 0.0): half 0/20000 rho 0.000e+00 [0.0e+00, 1.9e-04] pfix - (5s)
hypercube 10 (-1.0, 0.9, -2.2, 0.0): half 420/2000 rho 2.100e-01 [1.9e-01, 2.3e-01] pfix 1.00 (3s)
hypercube 10 (0.0, -0.5, -0.2, 0.0): half 0/20000 rho 0.000e+00 [0.0e+00, 1.9e-04] pfix - (9s)
hypercube 10 (-1.0, 0.6, -2.3, 0.0): half 255/2000 rho 1.275e-01 [1.1e-01, 1.4e-01] pfix 1.00 (3s)
hypercube 10 (-1.0, -0.5, -0.2, 0.0): half 0/20000 rho 0.000e+00 [0.0e+00, 1.9e-04] pfix - (8s)
hypercube 10 (0.0, -0.6, -0.3, 0.0): half 0/20000 rho 0.000e+00 [0.0e+00, 1.9e-04] pfix - (8s)
hypercube 10 (-1.0, 0.7, -2.3, 0.0): half 327/2000 rho 1.635e-01 [1.5e-01, 1.8e-01] pfix 1.00 (3s)
hypercube 10 (-1.0, 0.5, -2.4, 0.0): half 216/2000 rho 1.080e-01 [9.5e-02, 1.2e-01] pfix 1.00 (3s)
hypercube 10 (0.0, -1.2, -1.1, 0.0): half 0/20000 rho 0.000e+00 [0.0e+00, 1.9e-04] pfix - (6s)
hypercube 10 (0.0, -1.3, -1.1, 0.0): half 0/20000 rho 0.000e+00 [0.0e+00, 1.9e-04] pfix - (6s)
hypercube 10 (-1.0, 0.8, -2.4, 0.0): half 340/2000 rho 1.700e-01 [1.5e-01, 1.9e-01] pfix 1.00 (3s)
hypercube 10 (-1.0, -0.1, -0.3, 0.0): half 0/20000 rho 0.000e+00 [0.0e+00, 1.9e-04] pfix - (11s)
hypercube 10 (-1.0, -0.1, -0.5, 0.0): half 0/20000 rho 0.000e+00 [0.0e+00, 1.9e-04] pfix - (12s)
hypercube 10 (-1.0, -0.1, -0.4, 0.0): half 0/20000 rho 0.000e+00 [0.0e+00, 1.9e-04] pfix - (12s)
hypercube 10 (-1.0, 0.8, -2.5, 0.0): half 349/2000 rho 1.745e-01 [1.6e-01, 1.9e-01] pfix 1.00 (3s)
hypercube 10 (-1.0, 0.8, -2.6, 0.0): half 363/2000 rho 1.815e-01 [1.7e-01, 2.0e-01] pfix 1.00 (3s)
hypercube 10 (-1.0, 0.5, -2.3, 0.0): half 235/2000 rho 1.175e-01 [1.0e-01, 1.3e-01] pfix 1.00 (3s)
hypercube 10 (-1.0, 0.7, -2.5, 0.0): half 343/2000 rho 1.715e-01 [1.6e-01, 1.9e-01] pfix 1.00 (3s)
hypercube 10 (-1.0, 0.7, -2.6, 0.0): half 277/2000 rho 1.385e-01 [1.2e-01, 1.5e-01] pfix 1.00 (2s)
hypercube 10 (-1.0, 0.6, -2.4, 0.0): half 280/2000 rho 1.400e-01 [1.3e-01, 1.6e-01] pfix 1.00 (3s)
hypercube 10 (-1.0, 0.8, -2.7, 0.0): half 347/2000 rho 1.735e-01 [1.6e-01, 1.9e-01] pfix 1.00 (2s)
hypercube 10 (-1.0, 0.7, -2.7, 0.0): half 305/2000 rho 1.525e-01 [1.4e-01, 1.7e-01] pfix 1.00 (2s)
hypercube 10 (0.0, -1.4, -1.1, 0.0): half 0/20000 rho 0.000e+00 [0.0e+00, 1.9e-04] pfix - (6s)
hypercube 10 (0.0, 0.2, -2.3, 0.0): half 169/2000 rho 8.450e-02 [7.3e-02, 9.8e-02] pfix 1.00 (2s)
hypercube 10 (-1.0, -0.4, -0.2, 0.0): half 0/20000 rho 0.000e+00 [0.0e+00, 1.9e-04] pfix - (9s)
hypercube 10 (-1.0, -0.6, -0.3, 0.0): half 0/20000 rho 0.000e+00 [0.0e+00, 1.9e-04] pfix - (8s)
hypercube 10 (-1.0, -0.6, -0.4, 0.0): half 0/20000 rho 0.000e+00 [0.0e+00, 1.9e-04] pfix - (8s)
hypercube 10 (-1.0, 0.4, -2.5, 0.0): half 182/2000 rho 9.100e-02 [7.9e-02, 1.0e-01] pfix 1.00 (3s)
hypercube 10 (-1.0, -0.2, -0.3, 0.0): half 0/20000 rho 0.000e+00 [0.0e+00, 1.9e-04] pfix - (10s)
hypercube 10 (-1.0, -0.2, -0.5, 0.0): half 0/20000 rho 0.000e+00 [0.0e+00, 1.9e-04] pfix - (10s)
hypercube 10 (0.0, 0.0, -2.4, 0.0): half 76/2000 rho 3.800e-02 [3.0e-02, 4.7e-02] pfix 1.00 (2s)
hypercube 10 (-1.0, -0.2, -0.4, 0.0): half 0/20000 rho 0.000e+00 [0.0e+00, 1.9e-04] pfix - (10s)
hypercube 10 (0.0, 0.7, -2.3, 0.0): half 396/2000 rho 1.980e-01 [1.8e-01, 2.2e-01] pfix 1.00 (2s)
hypercube 10 (-1.0, -1.5, -1.1, 0.0): half 0/20000 rho 0.000e+00 [0.0e+00, 1.9e-04] pfix - (6s)
hypercube 10 (0.0, 0.0, -2.3, 0.0): half 80/2000 rho 4.000e-02 [3.2e-02, 5.0e-02] pfix 1.00 (2s)
hypercube 10 (-1.0, -2.0, -1.1, 0.0): half 0/20000 rho 0.000e+00 [0.0e+00, 1.9e-04] pfix - (5s)
hypercube 10 (0.0, -0.4, -0.3, 0.0): half 0/20000 rho 0.000e+00 [0.0e+00, 1.9e-04] pfix - (9s)
hypercube 10 (-1.0, 0.0, -2.3, 0.0): half 15/4000 rho 3.750e-03 [2.3e-03, 6.2e-03] pfix 1.00 (3s)
hypercube 10 (-1.0, -3.0, 0.9, 0.0): half 0/20000 rho 0.000e+00 [0.0e+00, 1.9e-04] pfix - (5s)
hypercube 10 (0.0, -1.0, -0.3, 0.0): half 0/20000 rho 0.000e+00 [0.0e+00, 1.9e-04] pfix - (7s)
hypercube 10 (0.0, -3.0, 0.9, 0.0): half 0/20000 rho 0.000e+00 [0.0e+00, 1.9e-04] pfix - (5s)
torus 16 (-1.0, -1.03, -1.05, 0.0): half 0/20000 rho 0.000e+00 [0.0e+00, 1.9e-04] pfix - (1s)
hypercube 10 (-1.0, -1.0, -0.3, 0.0): half 0/20000 rho 0.000e+00 [0.0e+00, 1.9e-04] pfix - (7s)
torus 16 (-1.0, -2.01, 0.96, 0.0): half 0/20000 rho 0.000e+00 [0.0e+00, 1.9e-04] pfix - (1s)
torus 16 (0.0, 0.97, -2.01, 0.0): half 444/2000 rho 2.220e-01 [2.0e-01, 2.4e-01] pfix 1.00 (0s)
torus 16 (0.0, 0.94, -2.01, 0.0): half 448/2000 rho 2.240e-01 [2.1e-01, 2.4e-01] pfix 1.00 (0s)
torus 16 (-1.0, -1.06, -1.07, 0.0): half 0/20000 rho 0.000e+00 [0.0e+00, 1.9e-04] pfix - (1s)
torus 16 (-1.0, -2.04, 0.96, 0.0): half 0/20000 rho 0.000e+00 [0.0e+00, 1.9e-04] pfix - (1s)
torus 16 (-1.0, -1.12, -1.05, 0.0): half 0/20000 rho 0.000e+00 [0.0e+00, 1.9e-04] pfix - (1s)
torus 16 (-1.0, -2.02, 0.96, 0.0): half 0/20000 rho 0.000e+00 [0.0e+00, 1.9e-04] pfix - (1s)
torus 16 (-1.0, -1.06, -1.05, 0.0): half 0/20000 rho 0.000e+00 [0.0e+00, 1.9e-04] pfix - (1s)
torus 16 (-1.0, -2.06, 0.96, 0.0): half 0/20000 rho 0.000e+00 [0.0e+00, 1.9e-04] pfix - (1s)
torus 16 (0.0, -2.04, 0.97, 0.0): half 0/20000 rho 0.000e+00 [0.0e+00, 1.9e-04] pfix - (1s)
torus 16 (-1.0, -2.03, 0.97, 0.0): half 0/20000 rho 0.000e+00 [0.0e+00, 1.9e-04] pfix - (1s)
torus 16 (0.0, -1.01, -1.03, 0.0): half 0/20000 rho 0.000e+00 [0.0e+00, 1.9e-04] pfix - (1s)
torus 16 (0.0, -2.03, 0.97, 0.0): half 0/20000 rho 0.000e+00 [0.0e+00, 1.9e-04] pfix - (1s)
torus 16 (0.0, -2.05, 0.97, 0.0): half 0/20000 rho 0.000e+00 [0.0e+00, 1.9e-04] pfix - (1s)
torus 16 (0.0, -1.04, -1.05, 0.0): half 1/20000 rho 5.000e-05 [8.8e-06, 2.8e-04] pfix 1.00 (1s)
torus 16 (0.0, -1.08, -1.03, 0.0): half 0/20000 rho 0.000e+00 [0.0e+00, 1.9e-04] pfix - (1s)
torus 16 (-1.0, -2.08, 0.97, 0.0): half 0/20000 rho 0.000e+00 [0.0e+00, 1.9e-04] pfix - (1s)
torus 16 (0.0, -0.08, -0.01, 0.0): half 16/4000 rho 4.000e-03 [2.5e-03, 6.5e-03] pfix 0.40 (1s)
torus 16 (0.0, -2.06, 0.97, 0.0): half 0/20000 rho 0.000e+00 [0.0e+00, 1.9e-04] pfix - (1s)
torus 16 (0.0, -1.02, -1.03, 0.0): half 0/20000 rho 0.000e+00 [0.0e+00, 1.9e-04] pfix - (1s)
torus 16 (-1.0, -1.08, -1.05, 0.0): half 0/20000 rho 0.000e+00 [0.0e+00, 1.9e-04] pfix - (1s)
torus 16 (0.0, -1.1, -1.04, 0.0): half 0/20000 rho 0.000e+00 [0.0e+00, 1.9e-04] pfix - (1s)
torus 16 (0.0, -1.08, -1.05, 0.0): half 0/20000 rho 0.000e+00 [0.0e+00, 1.9e-04] pfix - (1s)
torus 16 (-1.0, -1.08, -1.04, 0.0): half 0/20000 rho 0.000e+00 [0.0e+00, 1.9e-04] pfix - (1s)
torus 16 (0.0, 0.99, -2.01, 0.0): half 450/2000 rho 2.250e-01 [2.1e-01, 2.4e-01] pfix 1.00 (0s)
torus 16 (-1.0, -1.04, -1.04, 0.0): half 0/20000 rho 0.000e+00 [0.0e+00, 1.9e-04] pfix - (1s)
torus 16 (0.0, -0.05, -0.01, 0.0): half 13/2000 rho 6.500e-03 [3.8e-03, 1.1e-02] pfix 0.40 (0s)
torus 16 (-1.0, -2.02, 0.97, 0.0): half 0/20000 rho 0.000e+00 [0.0e+00, 1.9e-04] pfix - (1s)
torus 16 (0.0, -2.02, 0.97, 0.0): half 0/20000 rho 0.000e+00 [0.0e+00, 1.9e-04] pfix - (1s)
torus 16 (0.0, 0.98, -2.01, 0.0): half 421/2000 rho 2.105e-01 [1.9e-01, 2.3e-01] pfix 1.00 (0s)
torus 16 (0.0, 0.92, -2.01, 0.0): half 451/2000 rho 2.255e-01 [2.1e-01, 2.4e-01] pfix 1.00 (0s)
torus 16 (-1.0, -2.04, 0.97, 0.0): half 0/20000 rho 0.000e+00 [0.0e+00, 1.9e-04] pfix - (1s)
torus 16 (-1.0, 0.97, -2.01, 0.0): half 294/2000 rho 1.470e-01 [1.3e-01, 1.6e-01] pfix 1.00 (1s)
torus 16 (-1.0, 0.96, -2.01, 0.0): half 302/2000 rho 1.510e-01 [1.4e-01, 1.7e-01] pfix 1.00 (1s)
torus 16 (-1.0, 0.95, -2.01, 0.0): half 282/2000 rho 1.410e-01 [1.3e-01, 1.6e-01] pfix 1.00 (1s)
torus 16 (-1.0, 0.94, -2.01, 0.0): half 266/2000 rho 1.330e-01 [1.2e-01, 1.5e-01] pfix 1.00 (0s)
torus 16 (0.0, 0.96, -2.01, 0.0): half 436/2000 rho 2.180e-01 [2.0e-01, 2.4e-01] pfix 1.00 (0s)
torus 16 (-1.0, 0.92, -2.01, 0.0): half 320/2000 rho 1.600e-01 [1.4e-01, 1.8e-01] pfix 1.00 (1s)
torus 16 (0.0, -2.02, 0.96, 0.0): half 0/20000 rho 0.000e+00 [0.0e+00, 1.9e-04] pfix - (1s)
torus 16 (-1.0, -1.05, -1.12, 0.0): half 0/20000 rho 0.000e+00 [0.0e+00, 1.9e-04] pfix - (1s)
torus 16 (-1.0, -1.02, -1.08, 0.0): half 0/20000 rho 0.000e+00 [0.0e+00, 1.9e-04] pfix - (1s)
torus 16 (-1.0, -0.01, -0.06, 0.0): half 0/20000 rho 0.000e+00 [0.0e+00, 1.9e-04] pfix - (2s)
torus 16 (-1.0, -1.02, -1.1, 0.0): half 0/20000 rho 0.000e+00 [0.0e+00, 1.9e-04] pfix - (1s)
torus 16 (-1.0, -0.01, -0.08, 0.0): half 0/20000 rho 0.000e+00 [0.0e+00, 1.9e-04] pfix - (2s)
torus 16 (-1.0, -1.02, -1.12, 0.0): half 0/20000 rho 0.000e+00 [0.0e+00, 1.9e-04] pfix - (1s)
torus 16 (-1.0, -1.03, -1.1, 0.0): half 0/20000 rho 0.000e+00 [0.0e+00, 1.9e-04] pfix - (1s)
torus 16 (-1.0, -1.03, -1.12, 0.0): half 0/20000 rho 0.000e+00 [0.0e+00, 1.9e-04] pfix - (1s)
torus 16 (-1.0, -1.04, -1.08, 0.0): half 0/20000 rho 0.000e+00 [0.0e+00, 1.9e-04] pfix - (1s)
torus 16 (-1.0, -1.1, -1.12, 0.0): half 0/20000 rho 0.000e+00 [0.0e+00, 1.9e-04] pfix - (1s)
torus 16 (-1.0, -1.02, -1.14, 0.0): half 0/20000 rho 0.000e+00 [0.0e+00, 1.9e-04] pfix - (1s)
torus 16 (-1.0, -1.03, -1.14, 0.0): half 0/20000 rho 0.000e+00 [0.0e+00, 1.9e-04] pfix - (1s)
torus 16 (0.0, -2.05, 0.94, 0.0): half 0/20000 rho 0.000e+00 [0.0e+00, 1.9e-04] pfix - (1s)
torus 16 (0.0, -0.08, -0.06, 0.0): half 12/2000 rho 6.000e-03 [3.4e-03, 1.0e-02] pfix 0.20 (0s)
torus 16 (-1.0, -2.04, 0.94, 0.0): half 0/20000 rho 0.000e+00 [0.0e+00, 1.9e-04] pfix - (1s)
torus 16 (0.0, -0.06, -0.06, 0.0): half 11/2000 rho 5.500e-03 [3.1e-03, 9.8e-03] pfix 0.40 (0s)
torus 16 (-1.0, -2.08, 0.92, 0.0): half 0/20000 rho 0.000e+00 [0.0e+00, 1.9e-04] pfix - (1s)
torus 16 (-1.0, -0.08, -0.06, 0.0): half 0/20000 rho 0.000e+00 [0.0e+00, 1.9e-04] pfix - (2s)
torus 16 (-1.0, -0.1, -0.08, 0.0): half 0/20000 rho 0.000e+00 [0.0e+00, 1.9e-04] pfix - (2s)
torus 16 (-1.0, -0.06, -0.08, 0.0): half 0/20000 rho 0.000e+00 [0.0e+00, 1.9e-04] pfix - (2s)
torus 16 (-1.0, -0.06, -0.06, 0.0): half 0/20000 rho 0.000e+00 [0.0e+00, 1.9e-04] pfix - (2s)
torus 16 (0.0, -0.1, -0.08, 0.0): half 18/2000 rho 9.000e-03 [5.7e-03, 1.4e-02] pfix 0.10 (0s)
torus 16 (-1.0, -0.02, -0.06, 0.0): half 0/20000 rho 0.000e+00 [0.0e+00, 1.9e-04] pfix - (2s)
torus 16 (-1.0, -1.1, -1.1, 0.0): half 0/20000 rho 0.000e+00 [0.0e+00, 1.9e-04] pfix - (1s)
torus 16 (0.0, -1.1, -1.12, 0.0): half 1/20000 rho 5.000e-05 [8.8e-06, 2.8e-04] pfix 1.00 (1s)
torus 16 (-1.0, -0.02, -0.08, 0.0): half 0/20000 rho 0.000e+00 [0.0e+00, 1.9e-04] pfix - (2s)
torus 16 (0.0, -0.06, -0.08, 0.0): half 15/2000 rho 7.500e-03 [4.6e-03, 1.2e-02] pfix 0.56 (0s)
torus 16 (0.0, 0.98, -2.06, 0.0): half 436/2000 rho 2.180e-01 [2.0e-01, 2.4e-01] pfix 1.00 (0s)
torus 16 (0.0, 0.97, -2.08, 0.0): half 444/2000 rho 2.220e-01 [2.0e-01, 2.4e-01] pfix 1.00 (0s)
torus 16 (-1.0, -2.01, 0.94, 0.0): half 0/20000 rho 0.000e+00 [0.0e+00, 1.9e-04] pfix - (1s)
torus 16 (0.0, 0.96, -2.06, 0.0): half 445/2000 rho 2.225e-01 [2.0e-01, 2.4e-01] pfix 1.00 (0s)
torus 16 (-1.0, -2.01, 0.92, 0.0): half 0/20000 rho 0.000e+00 [0.0e+00, 1.9e-04] pfix - (1s)
torus 16 (0.0, 0.94, -2.08, 0.0): half 463/2000 rho 2.315e-01 [2.1e-01, 2.5e-01] pfix 1.00 (0s)
torus 16 (0.0, 0.94, -2.06, 0.0): half 432/2000 rho 2.160e-01 [2.0e-01, 2.3e-01] pfix 1.00 (0s)
torus 16 (-1.0, -2.02, 0.94, 0.0): half 0/20000 rho 0.000e+00 [0.0e+00, 1.9e-04] pfix - (1s)
torus 16 (-1.0, -2.02, 0.92, 0.0): half 0/20000 rho 0.000e+00 [0.0e+00, 1.9e-04] pfix - (1s)
torus 16 (-1.0, -2.06, 0.92, 0.0): half 0/20000 rho 0.000e+00 [0.0e+00, 1.9e-04] pfix - (1s)
torus 16 (0.0, 0.92, -2.1, 0.0): half 448/2000 rho 2.240e-01 [2.1e-01, 2.4e-01] pfix 1.00 (0s)
torus 16 (0.0, -2.02, 0.94, 0.0): half 0/20000 rho 0.000e+00 [0.0e+00, 1.9e-04] pfix - (1s)
torus 16 (0.0, -2.04, 0.92, 0.0): half 0/20000 rho 0.000e+00 [0.0e+00, 1.9e-04] pfix - (1s)
torus 16 (0.0, -2.06, 0.92, 0.0): half 0/20000 rho 0.000e+00 [0.0e+00, 1.9e-04] pfix - (1s)
torus 16 (0.0, -2.02, 0.92, 0.0): half 0/20000 rho 0.000e+00 [0.0e+00, 1.9e-04] pfix - (1s)
torus 16 (-1.0, -1.03, -1.06, 0.0): half 0/20000 rho 0.000e+00 [0.0e+00, 1.9e-04] pfix - (1s)
torus 16 (0.0, -1.03, -1.02, 0.0): half 1/20000 rho 5.000e-05 [8.8e-06, 2.8e-04] pfix 0.00 (1s)
torus 16 (0.0, -1.04, -1.02, 0.0): half 0/20000 rho 0.000e+00 [0.0e+00, 1.9e-04] pfix - (1s)
torus 16 (0.0, 0.98, -2.03, 0.0): half 480/2000 rho 2.400e-01 [2.2e-01, 2.6e-01] pfix 1.00 (0s)
torus 16 (0.0, -1.08, -1.02, 0.0): half 0/20000 rho 0.000e+00 [0.0e+00, 1.9e-04] pfix - (1s)
torus 16 (-1.0, 0.97, -2.04, 0.0): half 321/2000 rho 1.605e-01 [1.5e-01, 1.8e-01] pfix 1.00 (1s)
torus 16 (-1.0, -2.01, 0.99, 0.0): half 0/20000 rho 0.000e+00 [0.0e+00, 1.9e-04] pfix - (1s)
torus 16 (0.0, 0.97, -2.04, 0.0): half 479/2000 rho 2.395e-01 [2.2e-01, 2.6e-01] pfix 1.00 (0s)
torus 16 (-1.0, 0.98, -2.03, 0.0): half 335/2000 rho 1.675e-01 [1.5e-01, 1.8e-01] pfix 1.00 (1s)
torus 16 (0.0, -2.01, 0.99, 0.0): half 0/20000 rho 0.000e+00 [0.0e+00, 1.9e-04] pfix - (1s)
torus 16 (0.0, 0.99, -2.02, 0.0): half 449/2000 rho 2.245e-01 [2.1e-01, 2.4e-01] pfix 1.00 (0s)
torus 16 (0.0, -0.03, -0.02, 0.0): half 15/2000 rho 7.500e-03 [4.6e-03, 1.2e-02] pfix 0.50 (0s)
torus 16 (-1.0, 0.96, -2.05, 0.0): half 318/2000 rho 1.590e-01 [1.4e-01, 1.8e-01] pfix 1.00 (1s)
torus 16 (-1.0, 0.95, -2.06, 0.0): half 317/2000 rho 1.585e-01 [1.4e-01, 1.8e-01] pfix 1.00 (1s)
torus 16 (-1.0, -0.03, -0.02, 0.0): half 0/20000 rho 0.000e+00 [0.0e+00, 1.9e-04] pfix - (2s)
torus 16 (0.0, 0.96, -2.03, 0.0): half 407/2000 rho 2.035e-01 [1.9e-01, 2.2e-01] pfix 1.00 (0s)
torus 16 (0.0, 0.94, -2.04, 0.0): half 451/2000 rho 2.255e-01 [2.1e-01, 2.4e-01] pfix 1.00 (0s)
torus 16 (-1.0, 0.94, -2.03, 0.0): half 303/2000 rho 1.515e-01 [1.4e-01, 1.7e-01] pfix 1.00 (1s)
torus 16 (0.0, 0.94, -2.03, 0.0): half 461/2000 rho 2.305e-01 [2.1e-01, 2.5e-01] pfix 1.00 (0s)
torus 16 (-1.0, 0.94, -2.04, 0.0): half 297/2000 rho 1.485e-01 [1.3e-01, 1.6e-01] pfix 1.00 (1s)
torus 16 (0.0, -0.05, -0.02, 0.0): half 13/2000 rho 6.500e-03 [3.8e-03, 1.1e-02] pfix 0.22 (0s)
torus 16 (-1.0, -2.02, 0.99, 0.0): half 0/20000 rho 0.000e+00 [0.0e+00, 1.9e-04] pfix - (1s)
torus 16 (0.0, -0.06, -0.03, 0.0): half 13/2000 rho 6.500e-03 [3.8e-03, 1.1e-02] pfix 0.22 (0s)
torus 16 (-1.0, 0.99, -2.02, 0.0): half 313/2000 rho 1.565e-01 [1.4e-01, 1.7e-01] pfix 1.00 (1s)
torus 16 (-1.0, 0.96, -2.03, 0.0): half 299/2000 rho 1.495e-01 [1.3e-01, 1.7e-01] pfix 1.00 (1s)
torus 16 (-1.0, 0.97, -2.03, 0.0): half 309/2000 rho 1.545e-01 [1.4e-01, 1.7e-01] pfix 1.00 (1s)
torus 16 (-1.0, -0.05, -0.02, 0.0): half 0/20000 rho 0.000e+00 [0.0e+00, 1.9e-04] pfix - (2s)
torus 16 (0.0, -1.02, -1.01, 0.0): half 0/20000 rho 0.000e+00 [0.0e+00, 1.9e-04] pfix - (1s)
torus 16 (-1.0, 0.95, -2.04, 0.0): half 326/2000 rho 1.630e-01 [1.5e-01, 1.8e-01] pfix 1.00 (1s)
torus 16 (-1.0, 0.98, -2.04, 0.0): half 320/2000 rho 1.600e-01 [1.4e-01, 1.8e-01] pfix 1.00 (1s)
torus 16 (0.0, -1.03, -1.01, 0.0): half 0/20000 rho 0.000e+00 [0.0e+00, 1.9e-04] pfix - (1s)
torus 16 (-1.0, -0.01, -0.03, 0.0): half 0/20000 rho 0.000e+00 [0.0e+00, 1.9e-04] pfix - (2s)
torus 16 (-1.0, -0.01, -0.05, 0.0): half 0/20000 rho 0.000e+00 [0.0e+00, 1.9e-04] pfix - (2s)
torus 16 (-1.0, 0.98, -2.05, 0.0): half 289/2000 rho 1.445e-01 [1.3e-01, 1.6e-01] pfix 1.00 (0s)
torus 16 (-1.0, -0.01, -0.04, 0.0): half 0/20000 rho 0.000e+00 [0.0e+00, 1.9e-04] pfix - (2s)
torus 16 (-1.0, 0.98, -2.06, 0.0): half 311/2000 rho 1.555e-01 [1.4e-01, 1.7e-01] pfix 1.00 (1s)
torus 16 (-1.0, 0.95, -2.03, 0.0): half 347/2000 rho 1.735e-01 [1.6e-01, 1.9e-01] pfix 1.00 (1s)
torus 16 (-1.0, 0.97, -2.05, 0.0): half 303/2000 rho 1.515e-01 [1.4e-01, 1.7e-01] pfix 1.00 (1s)
torus 16 (-1.0, 0.97, -2.06, 0.0): half 320/2000 rho 1.600e-01 [1.4e-01, 1.8e-01] pfix 1.00 (1s)
torus 16 (-1.0, 0.96, -2.04, 0.0): half 319/2000 rho 1.595e-01 [1.4e-01, 1.8e-01] pfix 1.00 (1s)
torus 16 (-1.0, 0.98, -2.07, 0.0): half 337/2000 rho 1.685e-01 [1.5e-01, 1.9e-01] pfix 1.00 (1s)
torus 16 (-1.0, 0.97, -2.07, 0.0): half 296/2000 rho 1.480e-01 [1.3e-01, 1.6e-01] pfix 1.00 (1s)
torus 16 (0.0, -1.04, -1.01, 0.0): half 0/20000 rho 0.000e+00 [0.0e+00, 1.9e-04] pfix - (1s)
torus 16 (0.0, 0.92, -2.03, 0.0): half 459/2000 rho 2.295e-01 [2.1e-01, 2.5e-01] pfix 1.00 (0s)
torus 16 (-1.0, -0.04, -0.02, 0.0): half 0/20000 rho 0.000e+00 [0.0e+00, 1.9e-04] pfix - (2s)
torus 16 (-1.0, 0.94, -2.05, 0.0): half 285/2000 rho 1.425e-01 [1.3e-01, 1.6e-01] pfix 1.00 (1s)
torus 16 (-1.0, -0.06, -0.03, 0.0): half 0/20000 rho 0.000e+00 [0.0e+00, 1.9e-04] pfix - (2s)
torus 16 (-1.0, -0.06, -0.04, 0.0): half 0/20000 rho 0.000e+00 [0.0e+00, 1.9e-04] pfix - (2s)
torus 16 (-1.0, -0.02, -0.03, 0.0): half 0/20000 rho 0.000e+00 [0.0e+00, 1.9e-04] pfix - (2s)
torus 16 (-1.0, -0.02, -0.05, 0.0): half 0/20000 rho 0.000e+00 [0.0e+00, 1.9e-04] pfix - (2s)
torus 16 (-1.0, -0.02, -0.04, 0.0): half 0/20000 rho 0.000e+00 [0.0e+00, 1.9e-04] pfix - (2s)
torus 16 (0.0, 0.9, -2.04, 0.0): half 415/2000 rho 2.075e-01 [1.9e-01, 2.3e-01] pfix 1.00 (0s)
torus 16 (0.0, 0.97, -2.03, 0.0): half 466/2000 rho 2.330e-01 [2.1e-01, 2.5e-01] pfix 1.00 (0s)
torus 16 (0.0, -0.04, -0.03, 0.0): half 11/2000 rho 5.500e-03 [3.1e-03, 9.8e-03] pfix 0.56 (0s)
torus 16 (-1.0, -1.05, -1.01, 0.0): half 0/20000 rho 0.000e+00 [0.0e+00, 1.9e-04] pfix - (1s)
torus 16 (0.0, 0.9, -2.03, 0.0): half 443/2000 rho 2.215e-01 [2.0e-01, 2.4e-01] pfix 1.00 (0s)
torus 16 (-1.0, 0.9, -2.03, 0.0): half 288/2000 rho 1.440e-01 [1.3e-01, 1.6e-01] pfix 1.00 (1s)
torus 16 (-1.0, -1.1, -1.01, 0.0): half 0/20000 rho 0.000e+00 [0.0e+00, 1.9e-04] pfix - (1s)
torus 16 (-1.0, -2.1, 0.99, 0.0): half 0/20000 rho 0.000e+00 [0.0e+00, 1.9e-04] pfix - (1s)
torus 16 (0.0, -0.1, -0.03, 0.0): half 15/6000 rho 2.500e-03 [1.5e-03, 4.1e-03] pfix 0.40 (1s)
torus 16 (0.0, -2.1, 0.99, 0.0): half 0/20000 rho 0.000e+00 [0.0e+00, 1.9e-04] pfix - (1s)
torus 16 (-1.0, -0.1, -0.03, 0.0): half 0/20000 rho 0.000e+00 [0.0e+00, 1.9e-04] pfix - (2s)
torus 16 (-1.0, -2.1, 0.6, 0.0): half 0/20000 rho 0.000e+00 [0.0e+00, 1.9e-04] pfix - (1s)
torus 16 (-1.0, -1.3, -1.5, 0.0): half 0/20000 rho 0.000e+00 [0.0e+00, 1.9e-04] pfix - (1s)
torus 16 (0.0, 0.7, -2.1, 0.0): half 375/2000 rho 1.875e-01 [1.7e-01, 2.1e-01] pfix 1.00 (0s)
torus 16 (0.0, 0.4, -2.1, 0.0): half 322/2000 rho 1.610e-01 [1.5e-01, 1.8e-01] pfix 1.00 (0s)
torus 16 (-1.0, -1.6, -1.7, 0.0): half 0/20000 rho 0.000e+00 [0.0e+00, 1.9e-04] pfix - (1s)
torus 16 (-1.0, -2.4, 0.6, 0.0): half 0/20000 rho 0.000e+00 [0.0e+00, 1.9e-04] pfix - (1s)
torus 16 (-1.0, -2.2, -1.5, 0.0): half 0/20000 rho 0.000e+00 [0.0e+00, 1.9e-04] pfix - (1s)
torus 16 (-1.0, -1.6, -1.5, 0.0): half 0/20000 rho 0.000e+00 [0.0e+00, 1.9e-04] pfix - (1s)
torus 16 (-1.0, -2.2, 0.6, 0.0): half 0/20000 rho 0.000e+00 [0.0e+00, 1.9e-04] pfix - (1s)
torus 16 (-1.0, -2.6, 0.6, 0.0): half 0/20000 rho 0.000e+00 [0.0e+00, 1.9e-04] pfix - (1s)
torus 16 (0.0, -2.4, 0.7, 0.0): half 0/20000 rho 0.000e+00 [0.0e+00, 1.9e-04] pfix - (1s)
torus 16 (-1.0, -2.3, 0.7, 0.0): half 0/20000 rho 0.000e+00 [0.0e+00, 1.9e-04] pfix - (1s)
torus 16 (0.0, -2.3, 0.7, 0.0): half 0/20000 rho 0.000e+00 [0.0e+00, 1.9e-04] pfix - (1s)
torus 16 (0.0, -1.1, -1.3, 0.0): half 3/20000 rho 1.500e-04 [5.1e-05, 4.4e-04] pfix 0.33 (1s)
torus 16 (0.0, -2.5, 0.7, 0.0): half 0/20000 rho 0.000e+00 [0.0e+00, 1.9e-04] pfix - (1s)
torus 16 (-1.0, -2.8, 0.7, 0.0): half 0/20000 rho 0.000e+00 [0.0e+00, 1.9e-04] pfix - (1s)
torus 16 (0.0, -1.8, -1.3, 0.0): half 0/20000 rho 0.000e+00 [0.0e+00, 1.9e-04] pfix - (1s)
torus 16 (0.0, -1.4, -1.5, 0.0): half 0/20000 rho 0.000e+00 [0.0e+00, 1.9e-04] pfix - (1s)
torus 16 (0.0, -2.6, 0.7, 0.0): half 0/20000 rho 0.000e+00 [0.0e+00, 1.9e-04] pfix - (1s)
torus 16 (0.0, -1.2, -1.3, 0.0): half 1/20000 rho 5.000e-05 [8.8e-06, 2.8e-04] pfix 1.00 (1s)
torus 16 (0.0, -0.8, -0.1, 0.0): half 0/20000 rho 0.000e+00 [0.0e+00, 1.9e-04] pfix - (1s)
torus 16 (0.0, -2.0, -1.4, 0.0): half 0/20000 rho 0.000e+00 [0.0e+00, 1.9e-04] pfix - (1s)
torus 16 (-1.0, -1.8, -1.5, 0.0): half 0/20000 rho 0.000e+00 [0.0e+00, 1.9e-04] pfix - (1s)
torus 16 (0.0, -1.8, -1.5, 0.0): half 0/20000 rho 0.000e+00 [0.0e+00, 1.9e-04] pfix - (1s)
torus 16 (-1.0, -1.8, -1.4, 0.0): half 0/20000 rho 0.000e+00 [0.0e+00, 1.9e-04] pfix - (1s)
torus 16 (0.0, 0.9, -2.1, 0.0): half 445/2000 rho 2.225e-01 [2.0e-01, 2.4e-01] pfix 1.00 (0s)
torus 16 (-1.0, -1.4, -1.4, 0.0): half 0/20000 rho 0.000e+00 [0.0e+00, 1.9e-04] pfix - (1s)
torus 16 (-1.0, -2.2, 0.7, 0.0): half 0/20000 rho 0.000e+00 [0.0e+00, 1.9e-04] pfix - (1s)
torus 16 (0.0, -2.2, 0.7, 0.0): half 0/20000 rho 0.000e+00 [0.0e+00, 1.9e-04] pfix - (1s)
torus 16 (0.0, 0.8, -2.1, 0.0): half 422/2000 rho 2.110e-01 [1.9e-01, 2.3e-01] pfix 1.00 (0s)
torus 16 (0.0, 0.2, -2.1, 0.0): half 247/2000 rho 1.235e-01 [1.1e-01, 1.4e-01] pfix 1.00 (0s)
torus 16 (-1.0, -2.4, 0.7, 0.0): half 0/20000 rho 0.000e+00 [0.0e+00, 1.9e-04] pfix - (1s)
torus 16 (-1.0, 0.7, -2.1, 0.0): half 202/2000 rho 1.010e-01 [8.9e-02, 1.1e-01] pfix 1.00 (0s)
torus 16 (0.0, -0.5, -0.1, 0.0): half 0/20000 rho 0.000e+00 [0.0e+00, 1.9e-04] pfix - (2s)
torus 16 (-1.0, 0.6, -2.1, 0.0): half 178/2000 rho 8.900e-02 [7.7e-02, 1.0e-01] pfix 1.00 (0s)
torus 16 (-1.0, 0.5, -2.1, 0.0): half 148/2000 rho 7.400e-02 [6.3e-02, 8.6e-02] pfix 1.00 (0s)
torus 16 (-1.0, 0.4, -2.1, 0.0): half 124/2000 rho 6.200e-02 [5.2e-02, 7.3e-02] pfix 1.00 (0s)
torus 16 (0.0, 0.6, -2.1, 0.0): half 362/2000 rho 1.810e-01 [1.6e-01, 2.0e-01] pfix 1.00 (0s)
torus 16 (0.0, -2.2, 0.6, 0.0): half 0/20000 rho 0.000e+00 [0.0e+00, 1.9e-04] pfix - (1s)
torus 16 (-1.0, 0.2, -2.1, 0.0): half 66/2000 rho 3.300e-02 [2.6e-02, 4.2e-02] pfix 1.00 (0s)
torus 16 (-1.0, -1.5, -2.2, 0.0): half 0/20000 rho 0.000e+00 [0.0e+00, 1.9e-04] pfix - (1s)
torus 16 (-1.0, -1.2, -1.8, 0.0): half 0/20000 rho 0.000e+00 [0.0e+00, 1.9e-04] pfix - (1s)
torus 16 (-1.0, -0.1, -0.6, 0.0): half 0/20000 rho 0.000e+00 [0.0e+00, 1.9e-04] pfix - (2s)
torus 16 (-1.0, -1.2, -2.0, 0.0): half 0/20000 rho 0.000e+00 [0.0e+00, 1.9e-04] pfix - (1s)
torus 16 (-1.0, -0.1, -0.8, 0.0): half 0/20000 rho 0.000e+00 [0.0e+00, 1.9e-04] pfix - (2s)
torus 16 (-1.0, -1.2, -2.2, 0.0): half 0/20000 rho 0.000e+00 [0.0e+00, 1.9e-04] pfix - (1s)
torus 16 (-1.0, -1.3, -2.0, 0.0): half 0/20000 rho 0.000e+00 [0.0e+00, 1.9e-04] pfix - (1s)
torus 16 (-1.0, -1.3, -2.2, 0.0): half 0/20000 rho 0.000e+00 [0.0e+00, 1.9e-04] pfix - (1s)
torus 16 (-1.0, -1.4, -1.8, 0.0): half 0/20000 rho 0.000e+00 [0.0e+00, 1.9e-04] pfix - (1s)
torus 16 (-1.0, -2.0, -2.2, 0.0): half 0/20000 rho 0.000e+00 [0.0e+00, 1.9e-04] pfix - (1s)
torus 16 (0.0, -2.5, 0.4, 0.0): half 0/20000 rho 0.000e+00 [0.0e+00, 1.9e-04] pfix - (1s)
torus 16 (-1.0, -1.2, -2.4, 0.0): half 0/20000 rho 0.000e+00 [0.0e+00, 1.9e-04] pfix - (1s)
torus 16 (-1.0, -1.3, -2.4, 0.0): half 0/20000 rho 0.000e+00 [0.0e+00, 1.9e-04] pfix - (1s)
torus 16 (-1.0, -2.4, 0.4, 0.0): half 0/20000 rho 0.000e+00 [0.0e+00, 1.9e-04] pfix - (1s)
torus 16 (-1.0, -0.8, -0.6, 0.0): half 0/20000 rho 0.000e+00 [0.0e+00, 1.9e-04] pfix - (1s)
torus 16 (0.0, -0.8, -0.6, 0.0): half 1/20000 rho 5.000e-05 [8.8e-06, 2.8e-04] pfix 1.00 (1s)
torus 16 (-1.0, -1.0, -0.8, 0.0): half 0/20000 rho 0.000e+00 [0.0e+00, 1.9e-04] pfix - (1s)
torus 16 (-1.0, -2.8, 0.2, 0.0): half 0/20000 rho 0.000e+00 [0.0e+00, 1.9e-04] pfix - (1s)
torus 16 (-1.0, -0.6, -0.6, 0.0): half 0/20000 rho 0.000e+00 [0.0e+00, 1.9e-04] pfix - (1s)
torus 16 (0.0, -0.6, -0.6, 0.0): half 5/20000 rho 2.500e-04 [1.1e-04, 5.9e-04] pfix 0.80 (2s)
torus 16 (-1.0, -0.6, -0.8, 0.0): half 0/20000 rho 0.000e+00 [0.0e+00, 1.9e-04] pfix - (1s)
torus 16 (-1.0, -0.2, -0.6, 0.0): half 0/20000 rho 0.000e+00 [0.0e+00, 1.9e-04] pfix - (2s)
torus 16 (0.0, -1.0, -0.8, 0.0): half 0/20000 rho 0.000e+00 [0.0e+00, 1.9e-04] pfix - (1s)
torus 16 (-1.0, -0.2, -0.8, 0.0): half 0/20000 rho 0.000e+00 [0.0e+00, 1.9e-04] pfix - (2s)
torus 16 (0.0, -0.6, -0.8, 0.0): half 10/6000 rho 1.667e-03 [9.1e-04, 3.1e-03] pfix 1.00 (1s)
torus 16 (0.0, -2.0, -2.2, 0.0): half 0/20000 rho 0.000e+00 [0.0e+00, 1.9e-04] pfix - (1s)
torus 16 (-1.0, -2.0, -2.0, 0.0): half 0/20000 rho 0.000e+00 [0.0e+00, 1.9e-04] pfix - (1s)
torus 16 (0.0, 0.8, -2.6, 0.0): half 435/2000 rho 2.175e-01 [2.0e-01, 2.4e-01] pfix 1.00 (0s)
torus 16 (0.0, 0.7, -2.8, 0.0): half 432/2000 rho 2.160e-01 [2.0e-01, 2.3e-01] pfix 1.00 (0s)
torus 16 (-1.0, -2.1, 0.4, 0.0): half 0/20000 rho 0.000e+00 [0.0e+00, 1.9e-04] pfix - (1s)
torus 16 (0.0, 0.6, -2.6, 0.0): half 357/2000 rho 1.785e-01 [1.6e-01, 2.0e-01] pfix 1.00 (0s)
torus 16 (-1.0, -2.1, 0.2, 0.0): half 0/20000 rho 0.000e+00 [0.0e+00, 1.9e-04] pfix - (1s)
torus 16 (0.0, 0.4, -2.8, 0.0): half 340/2000 rho 1.700e-01 [1.5e-01, 1.9e-01] pfix 1.00 (0s)
torus 16 (0.0, 0.4, -2.6, 0.0): half 339/2000 rho 1.695e-01 [1.5e-01, 1.9e-01] pfix 1.00 (0s)
torus 16 (-1.0, -2.2, 0.4, 0.0): half 0/20000 rho 0.000e+00 [0.0e+00, 1.9e-04] pfix - (1s)
torus 16 (-1.0, -2.2, 0.2, 0.0): half 0/20000 rho 0.000e+00 [0.0e+00, 1.9e-04] pfix - (1s)
torus 16 (-1.0, -2.6, 0.2, 0.0): half 0/20000 rho 0.000e+00 [0.0e+00, 1.9e-04] pfix - (1s)
torus 16 (0.0, 0.2, -3.0, 0.0): half 284/2000 rho 1.420e-01 [1.3e-01, 1.6e-01] pfix 1.00 (0s)
torus 16 (0.0, -2.2, 0.4, 0.0): half 0/20000 rho 0.000e+00 [0.0e+00, 1.9e-04] pfix - (1s)
torus 16 (0.0, -2.4, 0.2, 0.0): half 0/20000 rho 0.000e+00 [0.0e+00, 1.9e-04] pfix - (1s)
torus 16 (0.0, -2.6, 0.2, 0.0): half 0/20000 rho 0.000e+00 [0.0e+00, 1.9e-04] pfix - (1s)
torus 16 (0.0, -2.2, 0.2, 0.0): half 0/20000 rho 0.000e+00 [0.0e+00, 1.9e-04] pfix - (1s)
torus 16 (-1.0, -1.3, -1.6, 0.0): half 0/20000 rho 0.000e+00 [0.0e+00, 1.9e-04] pfix - (1s)
torus 16 (0.0, -1.3, -1.2, 0.0): half 0/20000 rho 0.000e+00 [0.0e+00, 1.9e-04] pfix - (1s)
torus 16 (0.0, 0.8, -2.3, 0.0): half 380/2000 rho 1.900e-01 [1.7e-01, 2.1e-01] pfix 1.00 (0s)
torus 16 (0.0, -1.4, -1.2, 0.0): half 0/20000 rho 0.000e+00 [0.0e+00, 1.9e-04] pfix - (1s)
torus 16 (0.0, -1.8, -1.2, 0.0): half 0/20000 rho 0.000e+00 [0.0e+00, 1.9e-04] pfix - (1s)
torus 16 (0.0, 0.7, -2.4, 0.0): half 395/2000 rho 1.975e-01 [1.8e-01, 2.2e-01] pfix 1.00 (0s)
torus 16 (-1.0, 0.7, -2.4, 0.0): half 242/2000 rho 1.210e-01 [1.1e-01, 1.4e-01] pfix 1.00 (0s)
torus 16 (-1.0, -2.1, 0.9, 0.0): half 0/20000 rho 0.000e+00 [0.0e+00, 1.9e-04] pfix - (1s)
torus 16 (-1.0, 0.8, -2.3, 0.0): half 288/2000 rho 1.440e-01 [1.3e-01, 1.6e-01] pfix 1.00 (1s)
torus 16 (0.0, -2.1, 0.9, 0.0): half 0/20000 rho 0.000e+00 [0.0e+00, 1.9e-04] pfix - (1s)
torus 16 (0.0, 0.9, -2.2, 0.0): half 458/2000 rho 2.290e-01 [2.1e-01, 2.5e-01] pfix 1.00 (0s)
torus 16 (-1.0, 0.6, -2.5, 0.0): half 225/2000 rho 1.125e-01 [9.9e-02, 1.3e-01] pfix 1.00 (0s)
torus 16 (-1.0, -0.3, -0.2, 0.0): half 0/20000 rho 0.000e+00 [0.0e+00, 1.9e-04] pfix - (1s)
torus 16 (0.0, -0.3, -0.2, 0.0): half 10/10000 rho 1.000e-03 [5.4e-04, 1.8e-03] pfix 0.20 (1s)
torus 16 (-1.0, 0.5, -2.6, 0.0): half 203/2000 rho 1.015e-01 [8.9e-02, 1.2e-01] pfix 1.00 (0s)
torus 16 (0.0, 0.6, -2.3, 0.0): half 388/2000 rho 1.940e-01 [1.8e-01, 2.1e-01] pfix 1.00 (0s)
torus 16 (0.0, 0.4, -2.4, 0.0): half 327/2000 rho 1.635e-01 [1.5e-01, 1.8e-01] pfix 1.00 (0s)
torus 16 (0.0, 0.4, -2.3, 0.0): half 310/2000 rho 1.550e-01 [1.4e-01, 1.7e-01] pfix 1.00 (0s)
torus 16 (-1.0, 0.4, -2.3, 0.0): half 139/2000 rho 6.950e-02 [5.9e-02, 8.1e-02] pfix 1.00 (0s)
torus 16 (-1.0, 0.4, -2.4, 0.0): half 149/2000 rho 7.450e-02 [6.4e-02, 8.7e-02] pfix 1.00 (0s)
torus 16 (-1.0, -2.2, 0.9, 0.0): half 0/20000 rho 0.000e+00 [0.0e+00, 1.9e-04] pfix - (1s)
torus 16 (-1.0, 0.9, -2.2, 0.0): half 286/2000 rho 1.430e-01 [1.3e-01, 1.6e-01] pfix 1.00 (0s)
torus 16 (0.0, -0.5, -0.2, 0.0): half 2/20000 rho 1.000e-04 [2.7e-05, 3.6e-04] pfix 0.00 (2s)
torus 16 (-1.0, -0.5, -0.2, 0.0): half 0/20000 rho 0.000e+00 [0.0e+00, 1.9e-04] pfix - (1s)
torus 16 (-1.0, 0.6, -2.3, 0.0): half 218/2000 rho 1.090e-01 [9.6e-02, 1.2e-01] pfix 1.00 (1s)
torus 16 (0.0, -0.6, -0.3, 0.0): half 0/20000 rho 0.000e+00 [0.0e+00, 1.9e-04] pfix - (2s)
torus 16 (-1.0, 0.7, -2.3, 0.0): half 237/2000 rho 1.185e-01 [1.1e-01, 1.3e-01] pfix 1.00 (1s)
torus 16 (0.0, -1.2, -1.1, 0.0): half 0/20000 rho 0.000e+00 [0.0e+00, 1.9e-04] pfix - (1s)
torus 16 (-1.0, 0.5, -2.4, 0.0): half 186/2000 rho 9.300e-02 [8.1e-02, 1.1e-01] pfix 1.00 (0s)
torus 16 (-1.0, 0.8, -2.4, 0.0): half 291/2000 rho 1.455e-01 [1.3e-01, 1.6e-01] pfix 1.00 (1s)
torus 16 (0.0, -1.3, -1.1, 0.0): half 0/20000 rho 0.000e+00 [0.0e+00, 1.9e-04] pfix - (1s)
torus 16 (-1.0, -0.1, -0.3, 0.0): half 0/20000 rho 0.000e+00 [0.0e+00, 1.9e-04] pfix - (2s)
torus 16 (-1.0, -0.1, -0.5, 0.0): half 0/20000 rho 0.000e+00 [0.0e+00, 1.9e-04] pfix - (2s)
torus 16 (-1.0, -0.1, -0.4, 0.0): half 0/20000 rho 0.000e+00 [0.0e+00, 1.9e-04] pfix - (2s)
torus 16 (-1.0, 0.8, -2.5, 0.0): half 285/2000 rho 1.425e-01 [1.3e-01, 1.6e-01] pfix 1.00 (0s)
torus 16 (-1.0, 0.5, -2.3, 0.0): half 167/2000 rho 8.350e-02 [7.2e-02, 9.6e-02] pfix 1.00 (0s)
torus 16 (-1.0, 0.8, -2.6, 0.0): half 305/2000 rho 1.525e-01 [1.4e-01, 1.7e-01] pfix 1.00 (1s)
torus 16 (-1.0, 0.7, -2.5, 0.0): half 258/2000 rho 1.290e-01 [1.2e-01, 1.4e-01] pfix 1.00 (0s)
torus 16 (-1.0, 0.6, -2.4, 0.0): half 188/2000 rho 9.400e-02 [8.2e-02, 1.1e-01] pfix 1.00 (0s)
torus 16 (-1.0, 0.7, -2.6, 0.0): half 310/2000 rho 1.550e-01 [1.4e-01, 1.7e-01] pfix 1.00 (1s)
torus 16 (-1.0, 0.8, -2.7, 0.0): half 290/2000 rho 1.450e-01 [1.3e-01, 1.6e-01] pfix 1.00 (0s)
torus 16 (-1.0, 0.7, -2.7, 0.0): half 257/2000 rho 1.285e-01 [1.1e-01, 1.4e-01] pfix 1.00 (0s)
torus 16 (0.0, -1.4, -1.1, 0.0): half 0/20000 rho 0.000e+00 [0.0e+00, 1.9e-04] pfix - (1s)
torus 16 (0.0, 0.2, -2.3, 0.0): half 261/2000 rho 1.305e-01 [1.2e-01, 1.5e-01] pfix 1.00 (0s)
torus 16 (-1.0, -0.4, -0.2, 0.0): half 0/20000 rho 0.000e+00 [0.0e+00, 1.9e-04] pfix - (1s)
torus 16 (-1.0, -0.6, -0.3, 0.0): half 0/20000 rho 0.000e+00 [0.0e+00, 1.9e-04] pfix - (1s)
torus 16 (-1.0, -0.6, -0.4, 0.0): half 0/20000 rho 0.000e+00 [0.0e+00, 1.9e-04] pfix - (1s)
torus 16 (-1.0, 0.4, -2.5, 0.0): half 170/2000 rho 8.500e-02 [7.4e-02, 9.8e-02] pfix 1.00 (0s)
torus 16 (-1.0, -0.2, -0.3, 0.0): half 0/20000 rho 0.000e+00 [0.0e+00, 1.9e-04] pfix - (1s)
torus 16 (-1.0, -0.2, -0.5, 0.0): half 0/20000 rho 0.000e+00 [0.0e+00, 1.9e-04] pfix - (1s)
torus 16 (0.0, 0.0, -2.4, 0.0): half 231/2000 rho 1.155e-01 [1.0e-01, 1.3e-01] pfix 1.00 (0s)
torus 16 (-1.0, -0.2, -0.4, 0.0): half 0/20000 rho 0.000e+00 [0.0e+00, 1.9e-04] pfix - (1s)
torus 16 (0.0, 0.7, -2.3, 0.0): half 409/2000 rho 2.045e-01 [1.9e-01, 2.2e-01] pfix 1.00 (0s)
torus 16 (-1.0, -1.5, -1.1, 0.0): half 0/20000 rho 0.000e+00 [0.0e+00, 1.9e-04] pfix - (1s)
torus 16 (0.0, 0.0, -2.3, 0.0): half 177/2000 rho 8.850e-02 [7.7e-02, 1.0e-01] pfix 1.00 (0s)
torus 16 (-1.0, -2.0, -1.1, 0.0): half 0/20000 rho 0.000e+00 [0.0e+00, 1.9e-04] pfix - (1s)
torus 16 (-1.0, 0.0, -2.3, 0.0): half 28/2000 rho 1.400e-02 [9.7e-03, 2.0e-02] pfix 1.00 (0s)
torus 16 (-1.0, -3.0, 0.9, 0.0): half 0/20000 rho 0.000e+00 [0.0e+00, 1.9e-04] pfix - (1s)
torus 16 (0.0, -0.4, -0.3, 0.0): half 8/20000 rho 4.000e-04 [2.0e-04, 7.9e-04] pfix 0.12 (2s)
torus 16 (0.0, -1.0, -0.3, 0.0): half 0/20000 rho 0.000e+00 [0.0e+00, 1.9e-04] pfix - (1s)
torus 16 (0.0, -3.0, 0.9, 0.0): half 0/20000 rho 0.000e+00 [0.0e+00, 1.9e-04] pfix - (1s)
torus 16 (-1.0, -1.0, -0.3, 0.0): half 0/20000 rho 0.000e+00 [0.0e+00, 1.9e-04] pfix - (1s)
hypercube 8 (-1.0, -2.01, 0.96, 0.0): half 0/20000 rho 0.000e+00 [0.0e+00, 1.9e-04] pfix - (1s)
hypercube 8 (-1.0, -1.03, -1.05, 0.0): half 0/20000 rho 0.000e+00 [0.0e+00, 1.9e-04] pfix - (1s)
hypercube 8 (-1.0, -1.06, -1.07, 0.0): half 0/20000 rho 0.000e+00 [0.0e+00, 1.9e-04] pfix - (1s)
hypercube 8 (0.0, 0.97, -2.01, 0.0): half 480/2000 rho 2.400e-01 [2.2e-01, 2.6e-01] pfix 1.00 (0s)
hypercube 8 (0.0, 0.94, -2.01, 0.0): half 465/2000 rho 2.325e-01 [2.1e-01, 2.5e-01] pfix 1.00 (0s)
hypercube 8 (-1.0, -2.04, 0.96, 0.0): half 0/20000 rho 0.000e+00 [0.0e+00, 1.9e-04] pfix - (1s)
hypercube 8 (-1.0, -1.12, -1.05, 0.0): half 0/20000 rho 0.000e+00 [0.0e+00, 1.9e-04] pfix - (1s)
hypercube 8 (-1.0, -1.06, -1.05, 0.0): half 0/20000 rho 0.000e+00 [0.0e+00, 1.9e-04] pfix - (1s)
hypercube 8 (-1.0, -2.02, 0.96, 0.0): half 0/20000 rho 0.000e+00 [0.0e+00, 1.9e-04] pfix - (1s)
hypercube 8 (-1.0, -2.06, 0.96, 0.0): half 0/20000 rho 0.000e+00 [0.0e+00, 1.9e-04] pfix - (1s)
hypercube 8 (0.0, -2.04, 0.97, 0.0): half 0/20000 rho 0.000e+00 [0.0e+00, 1.9e-04] pfix - (1s)
hypercube 8 (-1.0, -2.03, 0.97, 0.0): half 0/20000 rho 0.000e+00 [0.0e+00, 1.9e-04] pfix - (1s)
hypercube 8 (0.0, -1.01, -1.03, 0.0): half 0/20000 rho 0.000e+00 [0.0e+00, 1.9e-04] pfix - (1s)
hypercube 8 (0.0, -2.03, 0.97, 0.0): half 0/20000 rho 0.000e+00 [0.0e+00, 1.9e-04] pfix - (1s)
hypercube 8 (0.0, -2.05, 0.97, 0.0): half 0/20000 rho 0.000e+00 [0.0e+00, 1.9e-04] pfix - (1s)
hypercube 8 (0.0, -1.04, -1.05, 0.0): half 0/20000 rho 0.000e+00 [0.0e+00, 1.9e-04] pfix - (1s)
hypercube 8 (0.0, -1.08, -1.03, 0.0): half 0/20000 rho 0.000e+00 [0.0e+00, 1.9e-04] pfix - (1s)
hypercube 8 (-1.0, -2.08, 0.97, 0.0): half 0/20000 rho 0.000e+00 [0.0e+00, 1.9e-04] pfix - (1s)
hypercube 8 (0.0, -2.06, 0.97, 0.0): half 0/20000 rho 0.000e+00 [0.0e+00, 1.9e-04] pfix - (1s)
hypercube 8 (0.0, -1.02, -1.03, 0.0): half 0/20000 rho 0.000e+00 [0.0e+00, 1.9e-04] pfix - (1s)
hypercube 8 (0.0, -0.08, -0.01, 0.0): half 11/6000 rho 1.833e-03 [1.0e-03, 3.3e-03] pfix 0.20 (1s)
hypercube 8 (0.0, -1.1, -1.04, 0.0): half 0/20000 rho 0.000e+00 [0.0e+00, 1.9e-04] pfix - (1s)
hypercube 8 (-1.0, -1.08, -1.05, 0.0): half 0/20000 rho 0.000e+00 [0.0e+00, 1.9e-04] pfix - (1s)
hypercube 8 (0.0, -1.08, -1.05, 0.0): half 0/20000 rho 0.000e+00 [0.0e+00, 1.9e-04] pfix - (1s)
hypercube 8 (0.0, 0.99, -2.01, 0.0): half 493/2000 rho 2.465e-01 [2.3e-01, 2.7e-01] pfix 1.00 (0s)
hypercube 8 (-1.0, -1.08, -1.04, 0.0): half 0/20000 rho 0.000e+00 [0.0e+00, 1.9e-04] pfix - (1s)
hypercube 8 (-1.0, -1.04, -1.04, 0.0): half 0/20000 rho 0.000e+00 [0.0e+00, 1.9e-04] pfix - (1s)
hypercube 8 (0.0, -0.05, -0.01, 0.0): half 10/2000 rho 5.000e-03 [2.7e-03, 9.2e-03] pfix 0.40 (0s)
hypercube 8 (-1.0, -2.02, 0.97, 0.0): half 0/20000 rho 0.000e+00 [0.0e+00, 1.9e-04] pfix - (1s)
hypercube 8 (0.0, 0.98, -2.01, 0.0): half 483/2000 rho 2.415e-01 [2.2e-01, 2.6e-01] pfix 1.00 (0s)
hypercube 8 (0.0, -2.02, 0.97, 0.0): half 0/20000 rho 0.000e+00 [0.0e+00, 1.9e-04] pfix - (1s)
hypercube 8 (0.0, 0.92, -2.01, 0.0): half 433/2000 rho 2.165e-01 [2.0e-01, 2.4e-01] pfix 1.00 (0s)
hypercube 8 (-1.0, 0.97, -2.01, 0.0): half 424/2000 rho 2.120e-01 [1.9e-01, 2.3e-01] pfix 1.00 (0s)
hypercube 8 (-1.0, -2.04, 0.97, 0.0): half 0/20000 rho 0.000e+00 [0.0e+00, 1.9e-04] pfix - (1s)
hypercube 8 (-1.0, 0.96, -2.01, 0.0): half 397/2000 rho 1.985e-01 [1.8e-01, 2.2e-01] pfix 1.00 (0s)
hypercube 8 (-1.0, 0.95, -2.01, 0.0): half 410/2000 rho 2.050e-01 [1.9e-01, 2.2e-01] pfix 1.00 (0s)
hypercube 8 (-1.0, 0.94, -2.01, 0.0): half 405/2000 rho 2.025e-01 [1.9e-01, 2.2e-01] pfix 1.00 (0s)
hypercube 8 (0.0, 0.96, -2.01, 0.0): half 495/2000 rho 2.475e-01 [2.3e-01, 2.7e-01] pfix 1.00 (0s)
hypercube 8 (-1.0, 0.92, -2.01, 0.0): half 361/2000 rho 1.805e-01 [1.6e-01, 2.0e-01] pfix 1.00 (0s)
hypercube 8 (0.0, -2.02, 0.96, 0.0): half 0/20000 rho 0.000e+00 [0.0e+00, 1.9e-04] pfix - (1s)
hypercube 8 (-1.0, -1.05, -1.12, 0.0): half 0/20000 rho 0.000e+00 [0.0e+00, 1.9e-04] pfix - (1s)
hypercube 8 (-1.0, -1.02, -1.08, 0.0): half 0/20000 rho 0.000e+00 [0.0e+00, 1.9e-04] pfix - (1s)
hypercube 8 (-1.0, -1.02, -1.1, 0.0): half 0/20000 rho 0.000e+00 [0.0e+00, 1.9e-04] pfix - (1s)
hypercube 8 (-1.0, -0.01, -0.06, 0.0): half 0/20000 rho 0.000e+00 [0.0e+00, 1.9e-04] pfix - (3s)
hypercube 8 (-1.0, -0.01, -0.08, 0.0): half 0/20000 rho 0.000e+00 [0.0e+00, 1.9e-04] pfix - (3s)
hypercube 8 (-1.0, -1.02, -1.12, 0.0): half 0/20000 rho 0.000e+00 [0.0e+00, 1.9e-04] pfix - (1s)
hypercube 8 (-1.0, -1.03, -1.1, 0.0): half 0/20000 rho 0.000e+00 [0.0e+00, 1.9e-04] pfix - (1s)
hypercube 8 (-1.0, -1.03, -1.12, 0.0): half 0/20000 rho 0.000e+00 [0.0e+00, 1.9e-04] pfix - (1s)
hypercube 8 (-1.0, -1.04, -1.08, 0.0): half 0/20000 rho 0.000e+00 [0.0e+00, 1.9e-04] pfix - (1s)
hypercube 8 (-1.0, -1.1, -1.12, 0.0): half 0/20000 rho 0.000e+00 [0.0e+00, 1.9e-04] pfix - (1s)
hypercube 8 (-1.0, -1.02, -1.14, 0.0): half 0/20000 rho 0.000e+00 [0.0e+00, 1.9e-04] pfix - (1s)
hypercube 8 (0.0, -2.05, 0.94, 0.0): half 0/20000 rho 0.000e+00 [0.0e+00, 1.9e-04] pfix - (1s)
hypercube 8 (-1.0, -1.03, -1.14, 0.0): half 0/20000 rho 0.000e+00 [0.0e+00, 1.9e-04] pfix - (1s)
hypercube 8 (-1.0, -2.04, 0.94, 0.0): half 0/20000 rho 0.000e+00 [0.0e+00, 1.9e-04] pfix - (1s)
hypercube 8 (0.0, -0.08, -0.06, 0.0): half 12/6000 rho 2.000e-03 [1.1e-03, 3.5e-03] pfix 0.40 (1s)
hypercube 8 (0.0, -0.06, -0.06, 0.0): half 11/2000 rho 5.500e-03 [3.1e-03, 9.8e-03] pfix 0.40 (0s)
hypercube 8 (-1.0, -0.08, -0.06, 0.0): half 0/20000 rho 0.000e+00 [0.0e+00, 1.9e-04] pfix - (2s)
hypercube 8 (-1.0, -2.08, 0.92, 0.0): half 0/20000 rho 0.000e+00 [0.0e+00, 1.9e-04] pfix - (1s)
hypercube 8 (-1.0, -0.1, -0.08, 0.0): half 0/20000 rho 0.000e+00 [0.0e+00, 1.9e-04] pfix - (2s)
hypercube 8 (-1.0, -0.06, -0.06, 0.0): half 0/20000 rho 0.000e+00 [0.0e+00, 1.9e-04] pfix - (3s)
hypercube 8 (-1.0, -0.06, -0.08, 0.0): half 0/20000 rho 0.000e+00 [0.0e+00, 1.9e-04] pfix - (3s)
hypercube 8 (-1.0, -0.02, -0.06, 0.0): half 0/20000 rho 0.000e+00 [0.0e+00, 1.9e-04] pfix - (3s)
hypercube 8 (0.0, -0.1, -0.08, 0.0): half 12/6000 rho 2.000e-03 [1.1e-03, 3.5e-03] pfix 0.50 (1s)
hypercube 8 (-1.0, -1.1, -1.1, 0.0): half 0/20000 rho 0.000e+00 [0.0e+00, 1.9e-04] pfix - (1s)
hypercube 8 (0.0, -1.1, -1.12, 0.0): half 0/20000 rho 0.000e+00 [0.0e+00, 1.9e-04] pfix - (1s)
hypercube 8 (-1.0, -0.02, -0.08, 0.0): half 0/20000 rho 0.000e+00 [0.0e+00, 1.9e-04] pfix - (3s)
hypercube 8 (0.0, 0.98, -2.06, 0.0): half 472/2000 rho 2.360e-01 [2.2e-01, 2.6e-01] pfix 1.00 (0s)
hypercube 8 (0.0, -0.06, -0.08, 0.0): half 10/4000 rho 2.500e-03 [1.4e-03, 4.6e-03] pfix 0.70 (1s)
hypercube 8 (0.0, 0.97, -2.08, 0.0): half 469/2000 rho 2.345e-01 [2.2e-01, 2.5e-01] pfix 1.00 (0s)
hypercube 8 (0.0, 0.96, -2.06, 0.0): half 458/2000 rho 2.290e-01 [2.1e-01, 2.5e-01] pfix 1.00 (0s)
hypercube 8 (-1.0, -2.01, 0.94, 0.0): half 0/20000 rho 0.000e+00 [0.0e+00, 1.9e-04] pfix - (1s)
hypercube 8 (0.0, 0.94, -2.08, 0.0): half 486/2000 rho 2.430e-01 [2.2e-01, 2.6e-01] pfix 1.00 (0s)
hypercube 8 (0.0, 0.94, -2.06, 0.0): half 445/2000 rho 2.225e-01 [2.0e-01, 2.4e-01] pfix 1.00 (0s)
hypercube 8 (-1.0, -2.01, 0.92, 0.0): half 0/20000 rho 0.000e+00 [0.0e+00, 1.9e-04] pfix - (1s)
hypercube 8 (-1.0, -2.02, 0.94, 0.0): half 0/20000 rho 0.000e+00 [0.0e+00, 1.9e-04] pfix - (1s)
hypercube 8 (-1.0, -2.02, 0.92, 0.0): half 0/20000 rho 0.000e+00 [0.0e+00, 1.9e-04] pfix - (1s)
hypercube 8 (-1.0, -2.06, 0.92, 0.0): half 0/20000 rho 0.000e+00 [0.0e+00, 1.9e-04] pfix - (1s)
hypercube 8 (0.0, 0.92, -2.1, 0.0): half 447/2000 rho 2.235e-01 [2.1e-01, 2.4e-01] pfix 1.00 (0s)
hypercube 8 (0.0, -2.02, 0.94, 0.0): half 0/20000 rho 0.000e+00 [0.0e+00, 1.9e-04] pfix - (1s)
hypercube 8 (0.0, -2.04, 0.92, 0.0): half 0/20000 rho 0.000e+00 [0.0e+00, 1.9e-04] pfix - (1s)
hypercube 8 (0.0, -2.06, 0.92, 0.0): half 0/20000 rho 0.000e+00 [0.0e+00, 1.9e-04] pfix - (1s)
hypercube 8 (0.0, -2.02, 0.92, 0.0): half 0/20000 rho 0.000e+00 [0.0e+00, 1.9e-04] pfix - (1s)
hypercube 8 (-1.0, -1.03, -1.06, 0.0): half 0/20000 rho 0.000e+00 [0.0e+00, 1.9e-04] pfix - (1s)
hypercube 8 (0.0, -1.03, -1.02, 0.0): half 0/20000 rho 0.000e+00 [0.0e+00, 1.9e-04] pfix - (1s)
hypercube 8 (0.0, 0.98, -2.03, 0.0): half 475/2000 rho 2.375e-01 [2.2e-01, 2.6e-01] pfix 1.00 (0s)
hypercube 8 (0.0, -1.04, -1.02, 0.0): half 0/20000 rho 0.000e+00 [0.0e+00, 1.9e-04] pfix - (1s)
hypercube 8 (0.0, -1.08, -1.02, 0.0): half 0/20000 rho 0.000e+00 [0.0e+00, 1.9e-04] pfix - (1s)
hypercube 8 (-1.0, 0.97, -2.04, 0.0): half 403/2000 rho 2.015e-01 [1.8e-01, 2.2e-01] pfix 1.00 (0s)
hypercube 8 (-1.0, -2.01, 0.99, 0.0): half 0/20000 rho 0.000e+00 [0.0e+00, 1.9e-04] pfix - (1s)
hypercube 8 (0.0, 0.97, -2.04, 0.0): half 472/2000 rho 2.360e-01 [2.2e-01, 2.6e-01] pfix 1.00 (0s)
hypercube 8 (-1.0, 0.98, -2.03, 0.0): half 415/2000 rho 2.075e-01 [1.9e-01, 2.3e-01] pfix 1.00 (0s)
hypercube 8 (0.0, -2.01, 0.99, 0.0): half 0/20000 rho 0.000e+00 [0.0e+00, 1.9e-04] pfix - (1s)
hypercube 8 (0.0, 0.99, -2.02, 0.0): half 516/2000 rho 2.580e-01 [2.4e-01, 2.8e-01] pfix 1.00 (0s)
hypercube 8 (-1.0, 0.96, -2.05, 0.0): half 378/2000 rho 1.890e-01 [1.7e-01, 2.1e-01] pfix 1.00 (0s)
hypercube 8 (0.0, -0.03, -0.02, 0.0): half 16/4000 rho 4.000e-03 [2.5e-03, 6.5e-03] pfix 0.30 (1s)
hypercube 8 (-1.0, 0.95, -2.06, 0.0): half 414/2000 rho 2.070e-01 [1.9e-01, 2.3e-01] pfix 1.00 (0s)
hypercube 8 (0.0, 0.96, -2.03, 0.0): half 444/2000 rho 2.220e-01 [2.0e-01, 2.4e-01] pfix 1.00 (0s)
hypercube 8 (-1.0, 0.94, -2.03, 0.0): half 386/2000 rho 1.930e-01 [1.8e-01, 2.1e-01] pfix 1.00 (0s)
hypercube 8 (0.0, 0.94, -2.04, 0.0): half 507/2000 rho 2.535e-01 [2.3e-01, 2.7e-01] pfix 1.00 (0s)
hypercube 8 (-1.0, -0.03, -0.02, 0.0): half 0/20000 rho 0.000e+00 [0.0e+00, 1.9e-04] pfix - (3s)
hypercube 8 (0.0, 0.94, -2.03, 0.0): half 459/2000 rho 2.295e-01 [2.1e-01, 2.5e-01] pfix 1.00 (0s)
hypercube 8 (-1.0, 0.94, -2.04, 0.0): half 405/2000 rho 2.025e-01 [1.9e-01, 2.2e-01] pfix 1.00 (0s)
hypercube 8 (0.0, -0.05, -0.02, 0.0): half 10/4000 rho 2.500e-03 [1.4e-03, 4.6e-03] pfix 0.30 (1s)
hypercube 8 (-1.0, -2.02, 0.99, 0.0): half 0/20000 rho 0.000e+00 [0.0e+00, 1.9e-04] pfix - (1s)
hypercube 8 (-1.0, 0.99, -2.02, 0.0): half 419/2000 rho 2.095e-01 [1.9e-01, 2.3e-01] pfix 1.00 (0s)
hypercube 8 (0.0, -0.06, -0.03, 0.0): half 12/2000 rho 6.000e-03 [3.4e-03, 1.0e-02] pfix 0.40 (0s)
hypercube 8 (-1.0, 0.96, -2.03, 0.0): half 417/2000 rho 2.085e-01 [1.9e-01, 2.3e-01] pfix 1.00 (0s)
hypercube 8 (-1.0, 0.97, -2.03, 0.0): half 399/2000 rho 1.995e-01 [1.8e-01, 2.2e-01] pfix 1.00 (0s)
hypercube 8 (0.0, -1.02, -1.01, 0.0): half 0/20000 rho 0.000e+00 [0.0e+00, 1.9e-04] pfix - (1s)
hypercube 8 (-1.0, 0.95, -2.04, 0.0): half 375/2000 rho 1.875e-01 [1.7e-01, 2.1e-01] pfix 1.00 (0s)
hypercube 8 (-1.0, -0.05, -0.02, 0.0): half 0/20000 rho 0.000e+00 [0.0e+00, 1.9e-04] pfix - (3s)
hypercube 8 (0.0, -1.03, -1.01, 0.0): half 0/20000 rho 0.000e+00 [0.0e+00, 1.9e-04] pfix - (1s)
hypercube 8 (-1.0, 0.98, -2.04, 0.0): half 417/2000 rho 2.085e-01 [1.9e-01, 2.3e-01] pfix 1.00 (0s)
hypercube 8 (-1.0, -0.01, -0.03, 0.0): half 0/20000 rho 0.000e+00 [0.0e+00, 1.9e-04] pfix - (3s)
hypercube 8 (-1.0, -0.01, -0.05, 0.0): half 0/20000 rho 0.000e+00 [0.0e+00, 1.9e-04] pfix - (3s)
hypercube 8 (-1.0, -0.01, -0.04, 0.0): half 0/20000 rho 0.000e+00 [0.0e+00, 1.9e-04] pfix - (3s)
hypercube 8 (-1.0, 0.98, -2.05, 0.0): half 431/2000 rho 2.155e-01 [2.0e-01, 2.3e-01] pfix 1.00 (1s)
hypercube 8 (-1.0, 0.98, -2.06, 0.0): half 392/2000 rho 1.960e-01 [1.8e-01, 2.1e-01] pfix 1.00 (0s)
hypercube 8 (-1.0, 0.95, -2.03, 0.0): half 407/2000 rho 2.035e-01 [1.9e-01, 2.2e-01] pfix 1.00 (0s)
hypercube 8 (-1.0, 0.97, -2.05, 0.0): half 402/2000 rho 2.010e-01 [1.8e-01, 2.2e-01] pfix 1.00 (0s)
hypercube 8 (-1.0, 0.97, -2.06, 0.0): half 374/2000 rho 1.870e-01 [1.7e-01, 2.0e-01] pfix 1.00 (0s)
hypercube 8 (-1.0, 0.96, -2.04, 0.0): half 429/2000 rho 2.145e-01 [2.0e-01, 2.3e-01] pfix 1.00 (0s)
hypercube 8 (-1.0, 0.98, -2.07, 0.0): half 445/2000 rho 2.225e-01 [2.0e-01, 2.4e-01] pfix 1.00 (0s)
hypercube 8 (-1.0, 0.97, -2.07, 0.0): half 390/2000 rho 1.950e-01 [1.8e-01, 2.1e-01] pfix 1.00 (0s)
hypercube 8 (0.0, 0.92, -2.03, 0.0): half 466/2000 rho 2.330e-01 [2.1e-01, 2.5e-01] pfix 1.00 (0s)
hypercube 8 (0.0, -1.04, -1.01, 0.0): half 0/20000 rho 0.000e+00 [0.0e+00, 1.9e-04] pfix - (1s)
hypercube 8 (-1.0, -0.04, -0.02, 0.0): half 0/20000 rho 0.000e+00 [0.0e+00, 1.9e-04] pfix - (3s)
hypercube 8 (-1.0, 0.94, -2.05, 0.0): half 377/2000 rho 1.885e-01 [1.7e-01, 2.1e-01] pfix 1.00 (0s)
hypercube 8 (-1.0, -0.06, -0.03, 0.0): half 0/20000 rho 0.000e+00 [0.0e+00, 1.9e-04] pfix - (3s)
hypercube 8 (-1.0, -0.06, -0.04, 0.0): half 0/20000 rho 0.000e+00 [0.0e+00, 1.9e-04] pfix - (3s)
hypercube 8 (-1.0, -0.02, -0.03, 0.0): half 0/20000 rho 0.000e+00 [0.0e+00, 1.9e-04] pfix - (3s)
hypercube 8 (-1.0, -0.02, -0.05, 0.0): half 0/20000 rho 0.000e+00 [0.0e+00, 1.9e-04] pfix - (3s)
hypercube 8 (0.0, 0.9, -2.04, 0.0): half 428/2000 rho 2.140e-01 [2.0e-01, 2.3e-01] pfix 1.00 (0s)
hypercube 8 (-1.0, -0.02, -0.04, 0.0): half 0/20000 rho 0.000e+00 [0.0e+00, 1.9e-04] pfix - (3s)
hypercube 8 (0.0, 0.97, -2.03, 0.0): half 475/2000 rho 2.375e-01 [2.2e-01, 2.6e-01] pfix 1.00 (0s)
hypercube 8 (0.0, -0.04, -0.03, 0.0): half 16/4000 rho 4.000e-03 [2.5e-03, 6.5e-03] pfix 0.40 (1s)
hypercube 8 (-1.0, -1.05, -1.01, 0.0): half 0/20000 rho 0.000e+00 [0.0e+00, 1.9e-04] pfix - (1s)
hypercube 8 (0.0, 0.9, -2.03, 0.0): half 415/2000 rho 2.075e-01 [1.9e-01, 2.3e-01] pfix 1.00 (0s)
hypercube 8 (-1.0, 0.9, -2.03, 0.0): half 393/2000 rho 1.965e-01 [1.8e-01, 2.1e-01] pfix 1.00 (1s)
hypercube 8 (-1.0, -1.1, -1.01, 0.0): half 0/20000 rho 0.000e+00 [0.0e+00, 1.9e-04] pfix - (1s)
hypercube 8 (-1.0, -2.1, 0.99, 0.0): half 0/20000 rho 0.000e+00 [0.0e+00, 1.9e-04] pfix - (1s)
hypercube 8 (0.0, -0.1, -0.03, 0.0): half 10/8000 rho 1.250e-03 [6.8e-04, 2.3e-03] pfix 0.20 (1s)
hypercube 8 (0.0, -2.1, 0.99, 0.0): half 0/20000 rho 0.000e+00 [0.0e+00, 1.9e-04] pfix - (1s)
hypercube 8 (-1.0, -0.1, -0.03, 0.0): half 0/20000 rho 0.000e+00 [0.0e+00, 1.9e-04] pfix - (2s)
hypercube 8 (-1.0, -1.3, -1.5, 0.0): half 0/20000 rho 0.000e+00 [0.0e+00, 1.9e-04] pfix - (1s)
hypercube 8 (-1.0, -2.1, 0.6, 0.0): half 0/20000 rho 0.000e+00 [0.0e+00, 1.9e-04] pfix - (1s)
hypercube 8 (0.0, 0.7, -2.1, 0.0): half 354/2000 rho 1.770e-01 [1.6e-01, 1.9e-01] pfix 1.00 (0s)
hypercube 8 (0.0, 0.4, -2.1, 0.0): half 245/2000 rho 1.225e-01 [1.1e-01, 1.4e-01] pfix 1.00 (0s)
hypercube 8 (-1.0, -1.6, -1.7, 0.0): half 0/20000 rho 0.000e+00 [0.0e+00, 1.9e-04] pfix - (1s)
hypercube 8 (-1.0, -2.4, 0.6, 0.0): half 0/20000 rho 0.000e+00 [0.0e+00, 1.9e-04] pfix - (1s)
hypercube 8 (-1.0, -2.2, -1.5, 0.0): half 0/20000 rho 0.000e+00 [0.0e+00, 1.9e-04] pfix - (1s)
hypercube 8 (-1.0, -1.6, -1.5, 0.0): half 0/20000 rho 0.000e+00 [0.0e+00, 1.9e-04] pfix - (1s)
hypercube 8 (-1.0, -2.2, 0.6, 0.0): half 0/20000 rho 0.000e+00 [0.0e+00, 1.9e-04] pfix - (1s)
hypercube 8 (-1.0, -2.6, 0.6, 0.0): half 0/20000 rho 0.000e+00 [0.0e+00, 1.9e-04] pfix - (1s)
hypercube 8 (0.0, -2.4, 0.7, 0.0): half 0/20000 rho 0.000e+00 [0.0e+00, 1.9e-04] pfix - (1s)
hypercube 8 (-1.0, -2.3, 0.7, 0.0): half 0/20000 rho 0.000e+00 [0.0e+00, 1.9e-04] pfix - (1s)
hypercube 8 (0.0, -1.1, -1.3, 0.0): half 0/20000 rho 0.000e+00 [0.0e+00, 1.9e-04] pfix - (1s)
hypercube 8 (0.0, -2.3, 0.7, 0.0): half 0/20000 rho 0.000e+00 [0.0e+00, 1.9e-04] pfix - (1s)
hypercube 8 (0.0, -2.5, 0.7, 0.0): half 0/20000 rho 0.000e+00 [0.0e+00, 1.9e-04] pfix - (1s)
hypercube 8 (0.0, -1.4, -1.5, 0.0): half 0/20000 rho 0.000e+00 [0.0e+00, 1.9e-04] pfix - (1s)
hypercube 8 (0.0, -1.8, -1.3, 0.0): half 0/20000 rho 0.000e+00 [0.0e+00, 1.9e-04] pfix - (1s)
hypercube 8 (-1.0, -2.8, 0.7, 0.0): half 0/20000 rho 0.000e+00 [0.0e+00, 1.9e-04] pfix - (1s)
hypercube 8 (0.0, -2.6, 0.7, 0.0): half 0/20000 rho 0.000e+00 [0.0e+00, 1.9e-04] pfix - (1s)
hypercube 8 (0.0, -1.2, -1.3, 0.0): half 0/20000 rho 0.000e+00 [0.0e+00, 1.9e-04] pfix - (1s)
hypercube 8 (0.0, -0.8, -0.1, 0.0): half 0/20000 rho 0.000e+00 [0.0e+00, 1.9e-04] pfix - (2s)
hypercube 8 (0.0, -2.0, -1.4, 0.0): half 0/20000 rho 0.000e+00 [0.0e+00, 1.9e-04] pfix - (1s)
hypercube 8 (-1.0, -1.8, -1.5, 0.0): half 0/20000 rho 0.000e+00 [0.0e+00, 1.9e-04] pfix - (1s)
hypercube 8 (0.0, -1.8, -1.5, 0.0): half 0/20000 rho 0.000e+00 [0.0e+00, 1.9e-04] pfix - (1s)
hypercube 8 (-1.0, -1.8, -1.4, 0.0): half 0/20000 rho 0.000e+00 [0.0e+00, 1.9e-04] pfix - (1s)
hypercube 8 (0.0, 0.9, -2.1, 0.0): half 452/2000 rho 2.260e-01 [2.1e-01, 2.4e-01] pfix 1.00 (0s)
hypercube 8 (-1.0, -1.4, -1.4, 0.0): half 0/20000 rho 0.000e+00 [0.0e+00, 1.9e-04] pfix - (1s)
hypercube 8 (-1.0, -2.2, 0.7, 0.0): half 0/20000 rho 0.000e+00 [0.0e+00, 1.9e-04] pfix - (1s)
hypercube 8 (0.0, -2.2, 0.7, 0.0): half 0/20000 rho 0.000e+00 [0.0e+00, 1.9e-04] pfix - (1s)
hypercube 8 (0.0, 0.8, -2.1, 0.0): half 406/2000 rho 2.030e-01 [1.9e-01, 2.2e-01] pfix 1.00 (0s)
hypercube 8 (0.0, 0.2, -2.1, 0.0): half 173/2000 rho 8.650e-02 [7.5e-02, 1.0e-01] pfix 1.00 (0s)
hypercube 8 (0.0, -0.5, -0.1, 0.0): half 0/20000 rho 0.000e+00 [0.0e+00, 1.9e-04] pfix - (2s)
hypercube 8 (-1.0, -2.4, 0.7, 0.0): half 0/20000 rho 0.000e+00 [0.0e+00, 1.9e-04] pfix - (1s)
hypercube 8 (-1.0, 0.7, -2.1, 0.0): half 314/2000 rho 1.570e-01 [1.4e-01, 1.7e-01] pfix 1.00 (0s)
hypercube 8 (-1.0, 0.6, -2.1, 0.0): half 273/2000 rho 1.365e-01 [1.2e-01, 1.5e-01] pfix 1.00 (0s)
hypercube 8 (-1.0, 0.5, -2.1, 0.0): half 220/2000 rho 1.100e-01 [9.7e-02, 1.2e-01] pfix 1.00 (0s)
hypercube 8 (-1.0, 0.4, -2.1, 0.0): half 172/2000 rho 8.600e-02 [7.4e-02, 9.9e-02] pfix 1.00 (0s)
hypercube 8 (0.0, 0.6, -2.1, 0.0): half 317/2000 rho 1.585e-01 [1.4e-01, 1.8e-01] pfix 1.00 (0s)
hypercube 8 (-1.0, 0.2, -2.1, 0.0): half 94/2000 rho 4.700e-02 [3.9e-02, 5.7e-02] pfix 1.00 (0s)
hypercube 8 (0.0, -2.2, 0.6, 0.0): half 0/20000 rho 0.000e+00 [0.0e+00, 1.9e-04] pfix - (1s)
hypercube 8 (-1.0, -1.5, -2.2, 0.0): half 0/20000 rho 0.000e+00 [0.0e+00, 1.9e-04] pfix - (1s)
hypercube 8 (-1.0, -1.2, -1.8, 0.0): half 0/20000 rho 0.000e+00 [0.0e+00, 1.9e-04] pfix - (1s)
hypercube 8 (-1.0, -1.2, -2.0, 0.0): half 0/20000 rho 0.000e+00 [0.0e+00, 1.9e-04] pfix - (1s)
hypercube 8 (-1.0, -0.1, -0.6, 0.0): half 0/20000 rho 0.000e+00 [0.0e+00, 1.9e-04] pfix - (2s)
hypercube 8 (-1.0, -0.1, -0.8, 0.0): half 0/20000 rho 0.000e+00 [0.0e+00, 1.9e-04] pfix - (3s)
hypercube 8 (-1.0, -1.2, -2.2, 0.0): half 0/20000 rho 0.000e+00 [0.0e+00, 1.9e-04] pfix - (1s)
hypercube 8 (-1.0, -1.3, -2.0, 0.0): half 0/20000 rho 0.000e+00 [0.0e+00, 1.9e-04] pfix - (1s)
hypercube 8 (-1.0, -1.3, -2.2, 0.0): half 0/20000 rho 0.000e+00 [0.0e+00, 1.9e-04] pfix - (1s)
hypercube 8 (-1.0, -1.4, -1.8, 0.0): half 0/20000 rho 0.000e+00 [0.0e+00, 1.9e-04] pfix - (1s)
hypercube 8 (-1.0, -2.0, -2.2, 0.0): half 0/20000 rho 0.000e+00 [0.0e+00, 1.9e-04] pfix - (1s)
hypercube 8 (-1.0, -1.2, -2.4, 0.0): half 0/20000 rho 0.000e+00 [0.0e+00, 1.9e-04] pfix - (1s)
hypercube 8 (0.0, -2.5, 0.4, 0.0): half 0/20000 rho 0.000e+00 [0.0e+00, 1.9e-04] pfix - (1s)
hypercube 8 (-1.0, -1.3, -2.4, 0.0): half 0/20000 rho 0.000e+00 [0.0e+00, 1.9e-04] pfix - (1s)
hypercube 8 (-1.0, -2.4, 0.4, 0.0): half 0/20000 rho 0.000e+00 [0.0e+00, 1.9e-04] pfix - (1s)
hypercube 8 (0.0, -0.8, -0.6, 0.0): half 0/20000 rho 0.000e+00 [0.0e+00, 1.9e-04] pfix - (2s)
hypercube 8 (-1.0, -0.8, -0.6, 0.0): half 0/20000 rho 0.000e+00 [0.0e+00, 1.9e-04] pfix - (2s)
hypercube 8 (-1.0, -1.0, -0.8, 0.0): half 0/20000 rho 0.000e+00 [0.0e+00, 1.9e-04] pfix - (1s)
hypercube 8 (-1.0, -2.8, 0.2, 0.0): half 0/20000 rho 0.000e+00 [0.0e+00, 1.9e-04] pfix - (1s)
hypercube 8 (0.0, -0.6, -0.6, 0.0): half 0/20000 rho 0.000e+00 [0.0e+00, 1.9e-04] pfix - (2s)
hypercube 8 (-1.0, -0.6, -0.6, 0.0): half 0/20000 rho 0.000e+00 [0.0e+00, 1.9e-04] pfix - (2s)
hypercube 8 (-1.0, -0.6, -0.8, 0.0): half 0/20000 rho 0.000e+00 [0.0e+00, 1.9e-04] pfix - (2s)
hypercube 8 (-1.0, -0.2, -0.6, 0.0): half 0/20000 rho 0.000e+00 [0.0e+00, 1.9e-04] pfix - (2s)
hypercube 8 (0.0, -1.0, -0.8, 0.0): half 0/20000 rho 0.000e+00 [0.0e+00, 1.9e-04] pfix - (1s)
hypercube 8 (-1.0, -0.2, -0.8, 0.0): half 0/20000 rho 0.000e+00 [0.0e+00, 1.9e-04] pfix - (2s)
hypercube 8 (0.0, -2.0, -2.2, 0.0): half 0/20000 rho 0.000e+00 [0.0e+00, 1.9e-04] pfix - (1s)
hypercube 8 (-1.0, -2.0, -2.0, 0.0): half 0/20000 rho 0.000e+00 [0.0e+00, 1.9e-04] pfix - (1s)
hypercube 8 (0.0, 0.8, -2.6, 0.0): half 427/2000 rho 2.135e-01 [2.0e-01, 2.3e-01] pfix 1.00 (0s)
hypercube 8 (0.0, 0.7, -2.8, 0.0): half 394/2000 rho 1.970e-01 [1.8e-01, 2.2e-01] pfix 1.00 (0s)
hypercube 8 (-1.0, -2.1, 0.4, 0.0): half 0/20000 rho 0.000e+00 [0.0e+00, 1.9e-04] pfix - (1s)
hypercube 8 (0.0, -0.6, -0.8, 0.0): half 0/20000 rho 0.000e+00 [0.0e+00, 1.9e-04] pfix - (2s)
hypercube 8 (0.0, 0.6, -2.6, 0.0): half 342/2000 rho 1.710e-01 [1.6e-01, 1.9e-01] pfix 1.00 (0s)
hypercube 8 (0.0, 0.4, -2.8, 0.0): half 279/2000 rho 1.395e-01 [1.3e-01, 1.6e-01] pfix 1.00 (0s)
hypercube 8 (-1.0, -2.1, 0.2, 0.0): half 0/20000 rho 0.000e+00 [0.0e+00, 1.9e-04] pfix - (1s)
hypercube 8 (0.0, 0.4, -2.6, 0.0): half 286/2000 rho 1.430e-01 [1.3e-01, 1.6e-01] pfix 1.00 (0s)
hypercube 8 (-1.0, -2.2, 0.4, 0.0): half 0/20000 rho 0.000e+00 [0.0e+00, 1.9e-04] pfix - (1s)
hypercube 8 (-1.0, -2.2, 0.2, 0.0): half 0/20000 rho 0.000e+00 [0.0e+00, 1.9e-04] pfix - (1s)
hypercube 8 (-1.0, -2.6, 0.2, 0.0): half 0/20000 rho 0.000e+00 [0.0e+00, 1.9e-04] pfix - (1s)
hypercube 8 (0.0, 0.2, -3.0, 0.0): half 198/2000 rho 9.900e-02 [8.7e-02, 1.1e-01] pfix 1.00 (0s)
hypercube 8 (0.0, -2.2, 0.4, 0.0): half 0/20000 rho 0.000e+00 [0.0e+00, 1.9e-04] pfix - (1s)
hypercube 8 (0.0, -2.4, 0.2, 0.0): half 0/20000 rho 0.000e+00 [0.0e+00, 1.9e-04] pfix - (1s)
hypercube 8 (0.0, -2.6, 0.2, 0.0): half 0/20000 rho 0.000e+00 [0.0e+00, 1.9e-04] pfix - (1s)
hypercube 8 (0.0, -2.2, 0.2, 0.0): half 0/20000 rho 0.000e+00 [0.0e+00, 1.9e-04] pfix - (1s)
hypercube 8 (-1.0, -1.3, -1.6, 0.0): half 0/20000 rho 0.000e+00 [0.0e+00, 1.9e-04] pfix - (1s)
hypercube 8 (0.0, -1.3, -1.2, 0.0): half 0/20000 rho 0.000e+00 [0.0e+00, 1.9e-04] pfix - (1s)
hypercube 8 (0.0, 0.8, -2.3, 0.0): half 413/2000 rho 2.065e-01 [1.9e-01, 2.2e-01] pfix 1.00 (0s)
hypercube 8 (0.0, -1.4, -1.2, 0.0): half 0/20000 rho 0.000e+00 [0.0e+00, 1.9e-04] pfix - (1s)
hypercube 8 (0.0, -1.8, -1.2, 0.0): half 0/20000 rho 0.000e+00 [0.0e+00, 1.9e-04] pfix - (1s)
hypercube 8 (-1.0, 0.7, -2.4, 0.0): half 305/2000 rho 1.525e-01 [1.4e-01, 1.7e-01] pfix 1.00 (0s)
hypercube 8 (-1.0, -2.1, 0.9, 0.0): half 0/20000 rho 0.000e+00 [0.0e+00, 1.9e-04] pfix - (1s)
hypercube 8 (0.0, 0.7, -2.4, 0.0): half 392/2000 rho 1.960e-01 [1.8e-01, 2.1e-01] pfix 1.00 (0s)
hypercube 8 (-1.0, 0.8, -2.3, 0.0): half 348/2000 rho 1.740e-01 [1.6e-01, 1.9e-01] pfix 1.00 (0s)
hypercube 8 (0.0, 0.9, -2.2, 0.0): half 475/2000 rho 2.375e-01 [2.2e-01, 2.6e-01] pfix 1.00 (0s)
hypercube 8 (0.0, -2.1, 0.9, 0.0): half 0/20000 rho 0.000e+00 [0.0e+00, 1.9e-04] pfix - (1s)
hypercube 8 (-1.0, 0.6, -2.5, 0.0): half 258/2000 rho 1.290e-01 [1.2e-01, 1.4e-01] pfix 1.00 (0s)
hypercube 8 (-1.0, 0.5, -2.6, 0.0): half 224/2000 rho 1.120e-01 [9.9e-02, 1.3e-01] pfix 1.00 (0s)
hypercube 8 (-1.0, -0.3, -0.2, 0.0): half 0/20000 rho 0.000e+00 [0.0e+00, 1.9e-04] pfix - (2s)
hypercube 8 (0.0, 0.6, -2.3, 0.0): half 364/2000 rho 1.820e-01 [1.7e-01, 2.0e-01] pfix 1.00 (0s)
hypercube 8 (-1.0, 0.4, -2.3, 0.0): half 184/2000 rho 9.200e-02 [8.0e-02, 1.1e-01] pfix 1.00 (0s)
hypercube 8 (0.0, 0.4, -2.4, 0.0): half 278/2000 rho 1.390e-01 [1.2e-01, 1.5e-01] pfix 1.00 (0s)
hypercube 8 (0.0, 0.4, -2.3, 0.0): half 266/2000 rho 1.330e-01 [1.2e-01, 1.5e-01] pfix 1.00 (0s)
hypercube 8 (0.0, -0.3, -0.2, 0.0): half 2/20000 rho 1.000e-04 [2.7e-05, 3.6e-04] pfix 0.00 (2s)
hypercube 8 (-1.0, 0.4, -2.4, 0.0): half 169/2000 rho 8.450e-02 [7.3e-02, 9.8e-02] pfix 1.00 (0s)
hypercube 8 (-1.0, 0.9, -2.2, 0.0): half 384/2000 rho 1.920e-01 [1.8e-01, 2.1e-01] pfix 1.00 (0s)
hypercube 8 (-1.0, -2.2, 0.9, 0.0): half 0/20000 rho 0.000e+00 [0.0e+00, 1.9e-04] pfix - (1s)
hypercube 8 (0.0, -0.5, -0.2, 0.0): half 0/20000 rho 0.000e+00 [0.0e+00, 1.9e-04] pfix - (2s)
hypercube 8 (-1.0, -0.5, -0.2, 0.0): half 0/20000 rho 0.000e+00 [0.0e+00, 1.9e-04] pfix - (2s)
hypercube 8 (-1.0, 0.6, -2.3, 0.0): half 261/2000 rho 1.305e-01 [1.2e-01, 1.5e-01] pfix 1.00 (0s)
hypercube 8 (0.0, -0.6, -0.3, 0.0): half 0/20000 rho 0.000e+00 [0.0e+00, 1.9e-04] pfix - (2s)
hypercube 8 (-1.0, 0.7, -2.3, 0.0): half 302/2000 rho 1.510e-01 [1.4e-01, 1.7e-01] pfix 1.00 (0s)
hypercube 8 (-1.0, 0.5, -2.4, 0.0): half 198/2000 rho 9.900e-02 [8.7e-02, 1.1e-01] pfix 1.00 (0s)
hypercube 8 (0.0, -1.2, -1.1, 0.0): half 0/20000 rho 0.000e+00 [0.0e+00, 1.9e-04] pfix - (1s)
hypercube 8 (0.0, -1.3, -1.1, 0.0): half 0/20000 rho 0.000e+00 [0.0e+00, 1.9e-04] pfix - (1s)
hypercube 8 (-1.0, 0.8, -2.4, 0.0): half 375/2000 rho 1.875e-01 [1.7e-01, 2.1e-01] pfix 1.00 (0s)
hypercube 8 (-1.0, -0.1, -0.3, 0.0): half 0/20000 rho 0.000e+00 [0.0e+00, 1.9e-04] pfix - (2s)
hypercube 8 (-1.0, -0.1, -0.5, 0.0): half 0/20000 rho 0.000e+00 [0.0e+00, 1.9e-04] pfix - (2s)
hypercube 8 (-1.0, -0.1, -0.4, 0.0): half 0/20000 rho 0.000e+00 [0.0e+00, 1.9e-04] pfix - (2s)
hypercube 8 (-1.0, 0.8, -2.5, 0.0): half 367/2000 rho 1.835e-01 [1.7e-01, 2.0e-01] pfix 1.00 (0s)
hypercube 8 (-1.0, 0.8, -2.6, 0.0): half 385/2000 rho 1.925e-01 [1.8e-01, 2.1e-01] pfix 1.00 (0s)
hypercube 8 (-1.0, 0.5, -2.3, 0.0): half 237/2000 rho 1.185e-01 [1.1e-01, 1.3e-01] pfix 1.00 (0s)
hypercube 8 (-1.0, 0.7, -2.5, 0.0): half 312/2000 rho 1.560e-01 [1.4e-01, 1.7e-01] pfix 1.00 (0s)
hypercube 8 (-1.0, 0.6, -2.4, 0.0): half 249/2000 rho 1.245e-01 [1.1e-01, 1.4e-01] pfix 1.00 (0s)
hypercube 8 (-1.0, 0.7, -2.6, 0.0): half 330/2000 rho 1.650e-01 [1.5e-01, 1.8e-01] pfix 1.00 (0s)
hypercube 8 (-1.0, 0.8, -2.7, 0.0): half 363/2000 rho 1.815e-01 [1.7e-01, 2.0e-01] pfix 1.00 (0s)
hypercube 8 (-1.0, 0.7, -2.7, 0.0): half 320/2000 rho 1.600e-01 [1.4e-01, 1.8e-01] pfix 1.00 (0s)
hypercube 8 (0.0, 0.2, -2.3, 0.0): half 183/2000 rho 9.150e-02 [8.0e-02, 1.0e-01] pfix 1.00 (0s)
hypercube 8 (0.0, -1.4, -1.1, 0.0): half 0/20000 rho 0.000e+00 [0.0e+00, 1.9e-04] pfix - (1s)
hypercube 8 (-1.0, -0.4, -0.2, 0.0): half 0/20000 rho 0.000e+00 [0.0e+00, 1.9e-04] pfix - (2s)
hypercube 8 (-1.0, -0.6, -0.3, 0.0): half 0/20000 rho 0.000e+00 [0.0e+00, 1.9e-04] pfix - (2s)
hypercube 8 (-1.0, 0.4, -2.5, 0.0): half 205/2000 rho 1.025e-01 [9.0e-02, 1.2e-01] pfix 1.00 (0s)
hypercube 8 (-1.0, -0.6, -0.4, 0.0): half 0/20000 rho 0.000e+00 [0.0e+00, 1.9e-04] pfix - (2s)
hypercube 8 (-1.0, -0.2, -0.3, 0.0): half 0/20000 rho 0.000e+00 [0.0e+00, 1.9e-04] pfix - (2s)
hypercube 8 (-1.0, -0.2, -0.5, 0.0): half 0/20000 rho 0.000e+00 [0.0e+00, 1.9e-04] pfix - (2s)
hypercube 8 (0.0, 0.0, -2.4, 0.0): half 89/2000 rho 4.450e-02 [3.6e-02, 5.4e-02] pfix 1.00 (0s)
hypercube 8 (-1.0, -0.2, -0.4, 0.0): half 0/20000 rho 0.000e+00 [0.0e+00, 1.9e-04] pfix - (2s)
hypercube 8 (0.0, 0.7, -2.3, 0.0): half 380/2000 rho 1.900e-01 [1.7e-01, 2.1e-01] pfix 1.00 (0s)
hypercube 8 (-1.0, -1.5, -1.1, 0.0): half 0/20000 rho 0.000e+00 [0.0e+00, 1.9e-04] pfix - (1s)
hypercube 8 (0.0, 0.0, -2.3, 0.0): half 102/2000 rho 5.100e-02 [4.2e-02, 6.2e-02] pfix 1.00 (0s)
hypercube 8 (-1.0, -2.0, -1.1, 0.0): half 0/20000 rho 0.000e+00 [0.0e+00, 1.9e-04] pfix - (1s)
hypercube 8 (-1.0, 0.0, -2.3, 0.0): half 32/2000 rho 1.600e-02 [1.1e-02, 2.2e-02] pfix 1.00 (0s)
hypercube 8 (0.0, -0.4, -0.3, 0.0): half 0/20000 rho 0.000e+00 [0.0e+00, 1.9e-04] pfix - (2s)
hypercube 8 (-1.0, -3.0, 0.9, 0.0): half 0/20000 rho 0.000e+00 [0.0e+00, 1.9e-04] pfix - (1s)
hypercube 8 (0.0, -1.0, -0.3, 0.0): half 0/20000 rho 0.000e+00 [0.0e+00, 1.9e-04] pfix - (1s)
hypercube 8 (0.0, -3.0, 0.9, 0.0): half 0/20000 rho 0.000e+00 [0.0e+00, 1.9e-04] pfix - (1s)
hypercube 6 (-1.0, -1.03, -1.05, 0.0): half 2/20000 rho 1.000e-04 [2.7e-05, 3.6e-04] pfix 0.00 (0s)
hypercube 8 (-1.0, -1.0, -0.3, 0.0): half 0/20000 rho 0.000e+00 [0.0e+00, 1.9e-04] pfix - (1s)
hypercube 6 (-1.0, -2.01, 0.96, 0.0): half 0/20000 rho 0.000e+00 [0.0e+00, 1.9e-04] pfix - (0s)
hypercube 6 (0.0, 0.97, -2.01, 0.0): half 447/2000 rho 2.235e-01 [2.1e-01, 2.4e-01] pfix 1.00 (0s)
hypercube 6 (0.0, 0.94, -2.01, 0.0): half 496/2000 rho 2.480e-01 [2.3e-01, 2.7e-01] pfix 1.00 (0s)
hypercube 6 (-1.0, -1.06, -1.07, 0.0): half 2/20000 rho 1.000e-04 [2.7e-05, 3.6e-04] pfix 0.00 (0s)
hypercube 6 (-1.0, -2.04, 0.96, 0.0): half 0/20000 rho 0.000e+00 [0.0e+00, 1.9e-04] pfix - (0s)
hypercube 6 (-1.0, -1.12, -1.05, 0.0): half 1/20000 rho 5.000e-05 [8.8e-06, 2.8e-04] pfix 0.00 (0s)
hypercube 6 (-1.0, -2.02, 0.96, 0.0): half 0/20000 rho 0.000e+00 [0.0e+00, 1.9e-04] pfix - (0s)
hypercube 6 (-1.0, -1.06, -1.05, 0.0): half 2/20000 rho 1.000e-04 [2.7e-05, 3.6e-04] pfix 0.00 (0s)
hypercube 6 (-1.0, -2.06, 0.96, 0.0): half 0/20000 rho 0.000e+00 [0.0e+00, 1.9e-04] pfix - (0s)
hypercube 6 (0.0, -1.01, -1.03, 0.0): half 13/6000 rho 2.167e-03 [1.3e-03, 3.7e-03] pfix 0.50 (0s)
hypercube 6 (0.0, -2.04, 0.97, 0.0): half 0/20000 rho 0.000e+00 [0.0e+00, 1.9e-04] pfix - (0s)
hypercube 6 (-1.0, -2.03, 0.97, 0.0): half 0/20000 rho 0.000e+00 [0.0e+00, 1.9e-04] pfix - (0s)
hypercube 6 (0.0, -2.03, 0.97, 0.0): half 0/20000 rho 0.000e+00 [0.0e+00, 1.9e-04] pfix - (0s)
hypercube 6 (0.0, -1.04, -1.05, 0.0): half 11/6000 rho 1.833e-03 [1.0e-03, 3.3e-03] pfix 0.30 (0s)
hypercube 6 (0.0, -2.05, 0.97, 0.0): half 0/20000 rho 0.000e+00 [0.0e+00, 1.9e-04] pfix - (0s)
hypercube 6 (0.0, -1.08, -1.03, 0.0): half 11/6000 rho 1.833e-03 [1.0e-03, 3.3e-03] pfix 0.40 (0s)
hypercube 6 (0.0, -1.02, -1.03, 0.0): half 12/6000 rho 2.000e-03 [1.1e-03, 3.5e-03] pfix 0.50 (0s)
hypercube 6 (0.0, -0.08, -0.01, 0.0): half 46/2000 rho 2.300e-02 [1.7e-02, 3.1e-02] pfix 0.30 (0s)
hypercube 6 (-1.0, -2.08, 0.97, 0.0): half 0/20000 rho 0.000e+00 [0.0e+00, 1.9e-04] pfix - (0s)
hypercube 6 (0.0, -1.1, -1.04, 0.0): half 10/4000 rho 2.500e-03 [1.4e-03, 4.6e-03] pfix 0.40 (0s)
hypercube 6 (0.0, -2.06, 0.97, 0.0): half 0/20000 rho 0.000e+00 [0.0e+00, 1.9e-04] pfix - (0s)
hypercube 6 (0.0, -1.08, -1.05, 0.0): half 10/6000 rho 1.667e-03 [9.1e-04, 3.1e-03] pfix 0.50 (0s)
hypercube 6 (-1.0, -1.08, -1.05, 0.0): half 1/20000 rho 5.000e-05 [8.8e-06, 2.8e-04] pfix 0.00 (0s)
hypercube 6 (-1.0, -1.08, -1.04, 0.0): half 1/20000 rho 5.000e-05 [8.8e-06, 2.8e-04] pfix 0.00 (0s)
hypercube 6 (0.0, 0.99, -2.01, 0.0): half 466/2000 rho 2.330e-01 [2.1e-01, 2.5e-01] pfix 1.00 (0s)
hypercube 6 (-1.0, -1.04, -1.04, 0.0): half 2/20000 rho 1.000e-04 [2.7e-05, 3.6e-04] pfix 0.00 (0s)
hypercube 6 (0.0, -0.05, -0.01, 0.0): half 51/2000 rho 2.550e-02 [1.9e-02, 3.3e-02] pfix 0.50 (0s)
hypercube 6 (0.0, 0.98, -2.01, 0.0): half 472/2000 rho 2.360e-01 [2.2e-01, 2.6e-01] pfix 1.00 (0s)
hypercube 6 (-1.0, -2.02, 0.97, 0.0): half 0/20000 rho 0.000e+00 [0.0e+00, 1.9e-04] pfix - (0s)
hypercube 6 (0.0, -2.02, 0.97, 0.0): half 0/20000 rho 0.000e+00 [0.0e+00, 1.9e-04] pfix - (0s)
hypercube 6 (0.0, 0.92, -2.01, 0.0): half 448/2000 rho 2.240e-01 [2.1e-01, 2.4e-01] pfix 1.00 (0s)
hypercube 6 (-1.0, 0.97, -2.01, 0.0): half 361/2000 rho 1.805e-01 [1.6e-01, 2.0e-01] pfix 1.00 (0s)
hypercube 6 (-1.0, 0.96, -2.01, 0.0): half 377/2000 rho 1.885e-01 [1.7e-01, 2.1e-01] pfix 1.00 (0s)
hypercube 6 (-1.0, 0.95, -2.01, 0.0): half 364/2000 rho 1.820e-01 [1.7e-01, 2.0e-01] pfix 1.00 (0s)
hypercube 6 (-1.0, -2.04, 0.97, 0.0): half 0/20000 rho 0.000e+00 [0.0e+00, 1.9e-04] pfix - (0s)
hypercube 6 (-1.0, 0.94, -2.01, 0.0): half 331/2000 rho 1.655e-01 [1.5e-01, 1.8e-01] pfix 1.00 (0s)
hypercube 6 (0.0, 0.96, -2.01, 0.0): half 478/2000 rho 2.390e-01 [2.2e-01, 2.6e-01] pfix 1.00 (0s)
hypercube 6 (-1.0, 0.92, -2.01, 0.0): half 337/2000 rho 1.685e-01 [1.5e-01, 1.9e-01] pfix 1.00 (0s)
hypercube 6 (0.0, -2.02, 0.96, 0.0): half 0/20000 rho 0.000e+00 [0.0e+00, 1.9e-04] pfix - (0s)
hypercube 6 (-1.0, -0.01, -0.06, 0.0): half 18/4000 rho 4.500e-03 [2.8e-03, 7.1e-03] pfix 0.00 (0s)
hypercube 6 (-1.0, -1.05, -1.12, 0.0): half 2/20000 rho 1.000e-04 [2.7e-05, 3.6e-04] pfix 0.00 (0s)
hypercube 6 (-1.0, -1.02, -1.08, 0.0): half 2/20000 rho 1.000e-04 [2.7e-05, 3.6e-04] pfix 0.00 (0s)
hypercube 6 (-1.0, -0.01, -0.08, 0.0): half 22/4000 rho 5.500e-03 [3.6e-03, 8.3e-03] pfix 0.00 (0s)
hypercube 6 (-1.0, -1.02, -1.1, 0.0): half 2/20000 rho 1.000e-04 [2.7e-05, 3.6e-04] pfix 0.00 (0s)
hypercube 6 (-1.0, -1.02, -1.12, 0.0): half 4/20000 rho 2.000e-04 [7.8e-05, 5.1e-04] pfix 0.00 (0s)
hypercube 6 (-1.0, -1.03, -1.1, 0.0): half 2/20000 rho 1.000e-04 [2.7e-05, 3.6e-04] pfix 0.00 (0s)
hypercube 6 (-1.0, -1.03, -1.12, 0.0): half 3/20000 rho 1.500e-04 [5.1e-05, 4.4e-04] pfix 0.00 (0s)
hypercube 6 (-1.0, -1.04, -1.08, 0.0): half 2/20000 rho 1.000e-04 [2.7e-05, 3.6e-04] pfix 0.00 (0s)
hypercube 6 (-1.0, -1.1, -1.12, 0.0): half 1/20000 rho 5.000e-05 [8.8e-06, 2.8e-04] pfix 0.00 (0s)
hypercube 6 (0.0, -2.05, 0.94, 0.0): half 0/20000 rho 0.000e+00 [0.0e+00, 1.9e-04] pfix - (0s)
hypercube 6 (-1.0, -1.02, -1.14, 0.0): half 4/20000 rho 2.000e-04 [7.8e-05, 5.1e-04] pfix 0.00 (0s)
hypercube 6 (-1.0, -1.03, -1.14, 0.0): half 3/20000 rho 1.500e-04 [5.1e-05, 4.4e-04] pfix 0.00 (0s)
hypercube 6 (0.0, -0.08, -0.06, 0.0): half 37/2000 rho 1.850e-02 [1.3e-02, 2.5e-02] pfix 0.30 (0s)
hypercube 6 (-1.0, -0.08, -0.06, 0.0): half 12/4000 rho 3.000e-03 [1.7e-03, 5.2e-03] pfix 0.00 (0s)
hypercube 6 (0.0, -0.06, -0.06, 0.0): half 40/2000 rho 2.000e-02 [1.5e-02, 2.7e-02] pfix 0.80 (0s)
hypercube 6 (-1.0, -2.04, 0.94, 0.0): half 0/20000 rho 0.000e+00 [0.0e+00, 1.9e-04] pfix - (0s)
hypercube 6 (-1.0, -0.1, -0.08, 0.0): half 15/6000 rho 2.500e-03 [1.5e-03, 4.1e-03] pfix 0.00 (0s)
hypercube 6 (-1.0, -0.06, -0.06, 0.0): half 13/4000 rho 3.250e-03 [1.9e-03, 5.6e-03] pfix 0.00 (0s)
hypercube 6 (-1.0, -0.06, -0.08, 0.0): half 20/4000 rho 5.000e-03 [3.2e-03, 7.7e-03] pfix 0.00 (0s)
hypercube 6 (-1.0, -0.02, -0.06, 0.0): half 15/4000 rho 3.750e-03 [2.3e-03, 6.2e-03] pfix 0.00 (0s)
hypercube 6 (-1.0, -2.08, 0.92, 0.0): half 0/20000 rho 0.000e+00 [0.0e+00, 1.9e-04] pfix - (0s)
hypercube 6 (-1.0, -0.02, -0.08, 0.0): half 15/4000 rho 3.750e-03 [2.3e-03, 6.2e-03] pfix 0.00 (0s)
hypercube 6 (0.0, -0.1, -0.08, 0.0): half 47/2000 rho 2.350e-02 [1.8e-02, 3.1e-02] pfix 0.30 (0s)
hypercube 6 (0.0, -0.06, -0.08, 0.0): half 48/2000 rho 2.400e-02 [1.8e-02, 3.2e-02] pfix 0.70 (0s)
hypercube 6 (0.0, -1.1, -1.12, 0.0): half 11/8000 rho 1.375e-03 [7.7e-04, 2.5e-03] pfix 0.80 (0s)
hypercube 6 (0.0, 0.98, -2.06, 0.0): half 458/2000 rho 2.290e-01 [2.1e-01, 2.5e-01] pfix 1.00 (0s)
hypercube 6 (0.0, 0.97, -2.08, 0.0): half 454/2000 rho 2.270e-01 [2.1e-01, 2.5e-01] pfix 1.00 (0s)
hypercube 6 (-1.0, -1.1, -1.1, 0.0): half 1/20000 rho 5.000e-05 [8.8e-06, 2.8e-04] pfix 0.00 (0s)
hypercube 6 (-1.0, -2.01, 0.94, 0.0): half 0/20000 rho 0.000e+00 [0.0e+00, 1.9e-04] pfix - (0s)
hypercube 6 (0.0, 0.96, -2.06, 0.0): half 461/2000 rho 2.305e-01 [2.1e-01, 2.5e-01] pfix 1.00 (0s)
hypercube 6 (0.0, 0.94, -2.08, 0.0): half 440/2000 rho 2.200e-01 [2.0e-01, 2.4e-01] pfix 1.00 (0s)
hypercube 6 (0.0, 0.94, -2.06, 0.0): half 463/2000 rho 2.315e-01 [2.1e-01, 2.5e-01] pfix 1.00 (0s)
hypercube 6 (-1.0, -2.01, 0.92, 0.0): half 0/20000 rho 0.000e+00 [0.0e+00, 1.9e-04] pfix - (0s)
hypercube 6 (-1.0, -2.02, 0.94, 0.0): half 0/20000 rho 0.000e+00 [0.0e+00, 1.9e-04] pfix - (0s)
hypercube 6 (-1.0, -2.02, 0.92, 0.0): half 0/20000 rho 0.000e+00 [0.0e+00, 1.9e-04] pfix - (0s)
hypercube 6 (-1.0, -2.06, 0.92, 0.0): half 0/20000 rho 0.000e+00 [0.0e+00, 1.9e-04] pfix - (0s)
hypercube 6 (0.0, 0.92, -2.1, 0.0): half 461/2000 rho 2.305e-01 [2.1e-01, 2.5e-01] pfix 1.00 (0s)
hypercube 6 (0.0, -2.02, 0.94, 0.0): half 0/20000 rho 0.000e+00 [0.0e+00, 1.9e-04] pfix - (0s)
hypercube 6 (0.0, -2.04, 0.92, 0.0): half 0/20000 rho 0.000e+00 [0.0e+00, 1.9e-04] pfix - (0s)
hypercube 6 (0.0, -2.06, 0.92, 0.0): half 0/20000 rho 0.000e+00 [0.0e+00, 1.9e-04] pfix - (0s)
hypercube 6 (0.0, -1.03, -1.02, 0.0): half 11/6000 rho 1.833e-03 [1.0e-03, 3.3e-03] pfix 0.30 (0s)
hypercube 6 (0.0, -2.02, 0.92, 0.0): half 0/20000 rho 0.000e+00 [0.0e+00, 1.9e-04] pfix - (0s)
hypercube 6 (0.0, -1.04, -1.02, 0.0): half 11/6000 rho 1.833e-03 [1.0e-03, 3.3e-03] pfix 0.40 (0s)
hypercube 6 (0.0, 0.98, -2.03, 0.0): half 443/2000 rho 2.215e-01 [2.0e-01, 2.4e-01] pfix 1.00 (0s)
hypercube 6 (0.0, -1.08, -1.02, 0.0): half 11/6000 rho 1.833e-03 [1.0e-03, 3.3e-03] pfix 0.40 (0s)
hypercube 6 (-1.0, -1.03, -1.06, 0.0): half 2/20000 rho 1.000e-04 [2.7e-05, 3.6e-04] pfix 0.00 (0s)
hypercube 6 (-1.0, 0.97, -2.04, 0.0): half 390/2000 rho 1.950e-01 [1.8e-01, 2.1e-01] pfix 1.00 (0s)
hypercube 6 (0.0, 0.97, -2.04, 0.0): half 503/2000 rho 2.515e-01 [2.3e-01, 2.7e-01] pfix 1.00 (0s)
hypercube 6 (-1.0, 0.98, -2.03, 0.0): half 385/2000 rho 1.925e-01 [1.8e-01, 2.1e-01] pfix 1.00 (0s)
hypercube 6 (-1.0, -2.01, 0.99, 0.0): half 0/20000 rho 0.000e+00 [0.0e+00, 1.9e-04] pfix - (0s)
hypercube 6 (0.0, 0.99, -2.02, 0.0): half 477/2000 rho 2.385e-01 [2.2e-01, 2.6e-01] pfix 1.00 (0s)
hypercube 6 (-1.0, -0.03, -0.02, 0.0): half 13/4000 rho 3.250e-03 [1.9e-03, 5.6e-03] pfix 0.00 (0s)
hypercube 6 (0.0, -2.01, 0.99, 0.0): half 0/20000 rho 0.000e+00 [0.0e+00, 1.9e-04] pfix - (0s)
hypercube 6 (0.0, -0.03, -0.02, 0.0): half 53/2000 rho 2.650e-02 [2.0e-02, 3.4e-02] pfix 0.70 (0s)
hypercube 6 (-1.0, 0.96, -2.05, 0.0): half 372/2000 rho 1.860e-01 [1.7e-01, 2.0e-01] pfix 1.00 (0s)
hypercube 6 (-1.0, 0.95, -2.06, 0.0): half 405/2000 rho 2.025e-01 [1.9e-01, 2.2e-01] pfix 1.00 (0s)
hypercube 6 (0.0, 0.96, -2.03, 0.0): half 461/2000 rho 2.305e-01 [2.1e-01, 2.5e-01] pfix 1.00 (0s)
hypercube 6 (-1.0, 0.94, -2.03, 0.0): half 360/2000 rho 1.800e-01 [1.6e-01, 2.0e-01] pfix 1.00 (0s)
hypercube 6 (0.0, 0.94, -2.04, 0.0): half 471/2000 rho 2.355e-01 [2.2e-01, 2.5e-01] pfix 1.00 (0s)
hypercube 6 (0.0, 0.94, -2.03, 0.0): half 465/2000 rho 2.325e-01 [2.1e-01, 2.5e-01] pfix 1.00 (0s)
hypercube 6 (-1.0, 0.94, -2.04, 0.0): half 324/2000 rho 1.620e-01 [1.5e-01, 1.8e-01] pfix 1.00 (0s)
hypercube 6 (0.0, -0.05, -0.02, 0.0): half 49/2000 rho 2.450e-02 [1.9e-02, 3.2e-02] pfix 0.50 (0s)
hypercube 6 (-1.0, 0.99, -2.02, 0.0): half 382/2000 rho 1.910e-01 [1.7e-01, 2.1e-01] pfix 1.00 (0s)
hypercube 6 (-1.0, -0.05, -0.02, 0.0): half 16/4000 rho 4.000e-03 [2.5e-03, 6.5e-03] pfix 0.00 (0s)
hypercube 6 (0.0, -0.06, -0.03, 0.0): half 40/2000 rho 2.000e-02 [1.5e-02, 2.7e-02] pfix 0.50 (0s)
hypercube 6 (-1.0, -2.02, 0.99, 0.0): half 0/20000 rho 0.000e+00 [0.0e+00, 1.9e-04] pfix - (0s)
hypercube 6 (-1.0, 0.96, -2.03, 0.0): half 364/2000 rho 1.820e-01 [1.7e-01, 2.0e-01] pfix 1.00 (0s)
hypercube 6 (-1.0, 0.97, -2.03, 0.0): half 363/2000 rho 1.815e-01 [1.7e-01, 2.0e-01] pfix 1.00 (0s)
hypercube 6 (0.0, -1.02, -1.01, 0.0): half 11/6000 rho 1.833e-03 [1.0e-03, 3.3e-03] pfix 0.30 (0s)
hypercube 6 (-1.0, 0.95, -2.04, 0.0): half 385/2000 rho 1.925e-01 [1.8e-01, 2.1e-01] pfix 1.00 (0s)
hypercube 6 (0.0, -1.03, -1.01, 0.0): half 11/6000 rho 1.833e-03 [1.0e-03, 3.3e-03] pfix 0.30 (0s)
hypercube 6 (-1.0, 0.98, -2.04, 0.0): half 377/2000 rho 1.885e-01 [1.7e-01, 2.1e-01] pfix 1.00 (0s)
hypercube 6 (-1.0, -0.01, -0.03, 0.0): half 19/4000 rho 4.750e-03 [3.0e-03, 7.4e-03] pfix 0.00 (0s)
hypercube 6 (-1.0, -0.01, -0.05, 0.0): half 18/4000 rho 4.500e-03 [2.8e-03, 7.1e-03] pfix 0.00 (0s)
hypercube 6 (-1.0, -0.01, -0.04, 0.0): half 18/4000 rho 4.500e-03 [2.8e-03, 7.1e-03] pfix 0.00 (0s)
hypercube 6 (-1.0, 0.98, -2.05, 0.0): half 387/2000 rho 1.935e-01 [1.8e-01, 2.1e-01] pfix 1.00 (0s)
hypercube 6 (-1.0, 0.98, -2.06, 0.0): half 395/2000 rho 1.975e-01 [1.8e-01, 2.2e-01] pfix 1.00 (0s)
hypercube 6 (-1.0, 0.95, -2.03, 0.0): half 369/2000 rho 1.845e-01 [1.7e-01, 2.0e-01] pfix 1.00 (0s)
hypercube 6 (-1.0, 0.97, -2.05, 0.0): half 395/2000 rho 1.975e-01 [1.8e-01, 2.2e-01] pfix 1.00 (0s)
hypercube 6 (-1.0, 0.97, -2.06, 0.0): half 405/2000 rho 2.025e-01 [1.9e-01, 2.2e-01] pfix 1.00 (0s)
hypercube 6 (-1.0, 0.96, -2.04, 0.0): half 379/2000 rho 1.895e-01 [1.7e-01, 2.1e-01] pfix 1.00 (0s)
hypercube 6 (-1.0, 0.98, -2.07, 0.0): half 397/2000 rho 1.985e-01 [1.8e-01, 2.2e-01] pfix 1.00 (0s)
hypercube 6 (0.0, -1.04, -1.01, 0.0): half 11/6000 rho 1.833e-03 [1.0e-03, 3.3e-03] pfix 0.30 (0s)
hypercube 6 (-1.0, 0.97, -2.07, 0.0): half 372/2000 rho 1.860e-01 [1.7e-01, 2.0e-01] pfix 1.00 (0s)
hypercube 6 (0.0, 0.92, -2.03, 0.0): half 452/2000 rho 2.260e-01 [2.1e-01, 2.4e-01] pfix 1.00 (0s)
hypercube 6 (-1.0, -0.04, -0.02, 0.0): half 15/4000 rho 3.750e-03 [2.3e-03, 6.2e-03] pfix 0.00 (0s)
hypercube 6 (-1.0, -0.06, -0.03, 0.0): half 13/4000 rho 3.250e-03 [1.9e-03, 5.6e-03] pfix 0.00 (0s)
hypercube 6 (-1.0, 0.94, -2.05, 0.0): half 335/2000 rho 1.675e-01 [1.5e-01, 1.8e-01] pfix 1.00 (0s)
hypercube 6 (-1.0, -0.06, -0.04, 0.0): half 13/4000 rho 3.250e-03 [1.9e-03, 5.6e-03] pfix 0.00 (0s)
hypercube 6 (-1.0, -0.02, -0.03, 0.0): half 20/4000 rho 5.000e-03 [3.2e-03, 7.7e-03] pfix 0.00 (0s)
hypercube 6 (-1.0, -0.02, -0.05, 0.0): half 16/4000 rho 4.000e-03 [2.5e-03, 6.5e-03] pfix 0.00 (0s)
hypercube 6 (-1.0, -0.02, -0.04, 0.0): half 18/4000 rho 4.500e-03 [2.8e-03, 7.1e-03] pfix 0.00 (0s)
hypercube 6 (0.0, 0.9, -2.04, 0.0): half 454/2000 rho 2.270e-01 [2.1e-01, 2.5e-01] pfix 1.00 (0s)
hypercube 6 (0.0, 0.97, -2.03, 0.0): half 451/2000 rho 2.255e-01 [2.1e-01, 2.4e-01] pfix 1.00 (0s)
hypercube 6 (0.0, -0.04, -0.03, 0.0): half 52/2000 rho 2.600e-02 [2.0e-02, 3.4e-02] pfix 0.60 (0s)
hypercube 6 (0.0, 0.9, -2.03, 0.0): half 486/2000 rho 2.430e-01 [2.2e-01, 2.6e-01] pfix 1.00 (0s)
hypercube 6 (-1.0, 0.9, -2.03, 0.0): half 368/2000 rho 1.840e-01 [1.7e-01, 2.0e-01] pfix 1.00 (0s)
hypercube 6 (-1.0, -1.05, -1.01, 0.0): half 2/20000 rho 1.000e-04 [2.7e-05, 3.6e-04] pfix 0.00 (0s)
hypercube 6 (-1.0, -1.1, -1.01, 0.0): half 1/20000 rho 5.000e-05 [8.8e-06, 2.8e-04] pfix 0.00 (0s)
hypercube 6 (0.0, -0.1, -0.03, 0.0): half 45/2000 rho 2.250e-02 [1.7e-02, 3.0e-02] pfix 0.30 (0s)
hypercube 6 (-1.0, -2.1, 0.99, 0.0): half 0/20000 rho 0.000e+00 [0.0e+00, 1.9e-04] pfix - (0s)
hypercube 6 (-1.0, -0.1, -0.03, 0.0): half 10/4000 rho 2.500e-03 [1.4e-03, 4.6e-03] pfix 0.00 (0s)
hypercube 6 (0.0, -2.1, 0.99, 0.0): half 0/20000 rho 0.000e+00 [0.0e+00, 1.9e-04] pfix - (0s)
hypercube 6 (-1.0, -2.1, 0.6, 0.0): half 0/20000 rho 0.000e+00 [0.0e+00, 1.9e-04] pfix - (0s)
hypercube 6 (-1.0, -1.3, -1.5, 0.0): half 1/20000 rho 5.000e-05 [8.8e-06, 2.8e-04] pfix 0.00 (0s)
hypercube 6 (0.0, 0.7, -2.1, 0.0): half 413/2000 rho 2.065e-01 [1.9e-01, 2.2e-01] pfix 1.00 (0s)
hypercube 6 (0.0, 0.4, -2.1, 0.0): half 293/2000 rho 1.465e-01 [1.3e-01, 1.6e-01] pfix 1.00 (0s)
hypercube 6 (-1.0, -1.6, -1.7, 0.0): half 0/20000 rho 0.000e+00 [0.0e+00, 1.9e-04] pfix - (0s)
hypercube 6 (-1.0, -2.4, 0.6, 0.0): half 0/20000 rho 0.000e+00 [0.0e+00, 1.9e-04] pfix - (0s)
hypercube 6 (-1.0, -2.2, -1.5, 0.0): half 0/20000 rho 0.000e+00 [0.0e+00, 1.9e-04] pfix - (0s)
hypercube 6 (-1.0, -1.6, -1.5, 0.0): half 0/20000 rho 0.000e+00 [0.0e+00, 1.9e-04] pfix - (0s)
hypercube 6 (-1.0, -2.2, 0.6, 0.0): half 0/20000 rho 0.000e+00 [0.0e+00, 1.9e-04] pfix - (0s)
hypercube 6 (-1.0, -2.6, 0.6, 0.0): half 0/20000 rho 0.000e+00 [0.0e+00, 1.9e-04] pfix - (0s)
hypercube 6 (0.0, -2.4, 0.7, 0.0): half 0/20000 rho 0.000e+00 [0.0e+00, 1.9e-04] pfix - (0s)
hypercube 6 (0.0, -1.1, -1.3, 0.0): half 11/10000 rho 1.100e-03 [6.1e-04, 2.0e-03] pfix 0.70 (0s)
hypercube 6 (-1.0, -2.3, 0.7, 0.0): half 0/20000 rho 0.000e+00 [0.0e+00, 1.9e-04] pfix - (0s)
hypercube 6 (0.0, -2.3, 0.7, 0.0): half 0/20000 rho 0.000e+00 [0.0e+00, 1.9e-04] pfix - (0s)
hypercube 6 (0.0, -2.5, 0.7, 0.0): half 0/20000 rho 0.000e+00 [0.0e+00, 1.9e-04] pfix - (0s)
hypercube 6 (0.0, -1.4, -1.5, 0.0): half 7/20000 rho 3.500e-04 [1.7e-04, 7.2e-04] pfix 1.00 (0s)
hypercube 6 (-1.0, -2.8, 0.7, 0.0): half 0/20000 rho 0.000e+00 [0.0e+00, 1.9e-04] pfix - (0s)
hypercube 6 (0.0, -1.8, -1.3, 0.0): half 1/20000 rho 5.000e-05 [8.8e-06, 2.8e-04] pfix 1.00 (0s)
hypercube 6 (0.0, -1.2, -1.3, 0.0): half 11/14000 rho 7.857e-04 [4.4e-04, 1.4e-03] pfix 0.60 (0s)
hypercube 6 (0.0, -0.8, -0.1, 0.0): half 10/8000 rho 1.250e-03 [6.8e-04, 2.3e-03] pfix 0.00 (0s)
hypercube 6 (0.0, -2.6, 0.7, 0.0): half 0/20000 rho 0.000e+00 [0.0e+00, 1.9e-04] pfix - (0s)
hypercube 6 (0.0, -2.0, -1.4, 0.0): half 0/20000 rho 0.000e+00 [0.0e+00, 1.9e-04] pfix - (0s)
hypercube 6 (-1.0, -1.8, -1.5, 0.0): half 0/20000 rho 0.000e+00 [0.0e+00, 1.9e-04] pfix - (0s)
hypercube 6 (0.0, -1.8, -1.5, 0.0): half 0/20000 rho 0.000e+00 [0.0e+00, 1.9e-04] pfix - (0s)
hypercube 6 (0.0, 0.9, -2.1, 0.0): half 445/2000 rho 2.225e-01 [2.0e-01, 2.4e-01] pfix 1.00 (0s)
hypercube 6 (-1.0, -1.8, -1.4, 0.0): half 0/20000 rho 0.000e+00 [0.0e+00, 1.9e-04] pfix - (0s)
hypercube 6 (-1.0, -1.4, -1.4, 0.0): half 0/20000 rho 0.000e+00 [0.0e+00, 1.9e-04] pfix - (0s)
hypercube 6 (0.0, -0.5, -0.1, 0.0): half 12/2000 rho 6.000e-03 [3.4e-03, 1.0e-02] pfix 0.50 (0s)
hypercube 6 (-1.0, -2.2, 0.7, 0.0): half 0/20000 rho 0.000e+00 [0.0e+00, 1.9e-04] pfix - (0s)
hypercube 6 (0.0, 0.8, -2.1, 0.0): half 418/2000 rho 2.090e-01 [1.9e-01, 2.3e-01] pfix 1.00 (0s)
hypercube 6 (0.0, 0.2, -2.1, 0.0): half 224/2000 rho 1.120e-01 [9.9e-02, 1.3e-01] pfix 1.00 (0s)
hypercube 6 (0.0, -2.2, 0.7, 0.0): half 0/20000 rho 0.000e+00 [0.0e+00, 1.9e-04] pfix - (0s)
hypercube 6 (-1.0, 0.7, -2.1, 0.0): half 292/2000 rho 1.460e-01 [1.3e-01, 1.6e-01] pfix 1.00 (0s)
hypercube 6 (-1.0, 0.6, -2.1, 0.0): half 251/2000 rho 1.255e-01 [1.1e-01, 1.4e-01] pfix 1.00 (0s)
hypercube 6 (-1.0, -2.4, 0.7, 0.0): half 0/20000 rho 0.000e+00 [0.0e+00, 1.9e-04] pfix - (0s)
hypercube 6 (-1.0, 0.5, -2.1, 0.0): half 220/2000 rho 1.100e-01 [9.7e-02, 1.2e-01] pfix 1.00 (0s)
hypercube 6 (-1.0, 0.4, -2.1, 0.0): half 196/2000 rho 9.800e-02 [8.6e-02, 1.1e-01] pfix 0.90 (0s)
hypercube 6 (0.0, 0.6, -2.1, 0.0): half 336/2000 rho 1.680e-01 [1.5e-01, 1.9e-01] pfix 1.00 (0s)
hypercube 6 (-1.0, 0.2, -2.1, 0.0): half 121/2000 rho 6.050e-02 [5.1e-02, 7.2e-02] pfix 0.90 (0s)
hypercube 6 (0.0, -2.2, 0.6, 0.0): half 0/20000 rho 0.000e+00 [0.0e+00, 1.9e-04] pfix - (0s)
hypercube 6 (-1.0, -0.1, -0.6, 0.0): half 15/2000 rho 7.500e-03 [4.6e-03, 1.2e-02] pfix 0.00 (0s)
hypercube 6 (-1.0, -0.1, -0.8, 0.0): half 10/2000 rho 5.000e-03 [2.7e-03, 9.2e-03] pfix 0.00 (0s)
hypercube 6 (-1.0, -1.5, -2.2, 0.0): half 2/20000 rho 1.000e-04 [2.7e-05, 3.6e-04] pfix 0.00 (0s)
hypercube 6 (-1.0, -1.2, -1.8, 0.0): half 1/20000 rho 5.000e-05 [8.8e-06, 2.8e-04] pfix 0.00 (0s)
hypercube 6 (-1.0, -1.2, -2.0, 0.0): half 1/20000 rho 5.000e-05 [8.8e-06, 2.8e-04] pfix 0.00 (0s)
hypercube 6 (-1.0, -1.2, -2.2, 0.0): half 6/20000 rho 3.000e-04 [1.4e-04, 6.5e-04] pfix 0.33 (0s)
hypercube 6 (-1.0, -1.3, -2.0, 0.0): half 1/20000 rho 5.000e-05 [8.8e-06, 2.8e-04] pfix 0.00 (0s)
hypercube 6 (-1.0, -1.4, -1.8, 0.0): half 0/20000 rho 0.000e+00 [0.0e+00, 1.9e-04] pfix - (0s)
hypercube 6 (-1.0, -1.3, -2.2, 0.0): half 4/20000 rho 2.000e-04 [7.8e-05, 5.1e-04] pfix 0.00 (0s)
hypercube 6 (-1.0, -2.0, -2.2, 0.0): half 0/20000 rho 0.000e+00 [0.0e+00, 1.9e-04] pfix - (0s)
hypercube 6 (0.0, -2.5, 0.4, 0.0): half 0/20000 rho 0.000e+00 [0.0e+00, 1.9e-04] pfix - (0s)
hypercube 6 (-1.0, -1.3, -2.4, 0.0): half 5/20000 rho 2.500e-04 [1.1e-04, 5.9e-04] pfix 0.20 (0s)
hypercube 6 (-1.0, -1.2, -2.4, 0.0): half 8/20000 rho 4.000e-04 [2.0e-04, 7.9e-04] pfix 0.50 (0s)
hypercube 6 (0.0, -0.8, -0.6, 0.0): half 15/6000 rho 2.500e-03 [1.5e-03, 4.1e-03] pfix 0.30 (0s)
hypercube 6 (-1.0, -2.4, 0.4, 0.0): half 0/20000 rho 0.000e+00 [0.0e+00, 1.9e-04] pfix - (0s)
hypercube 6 (0.0, -0.6, -0.6, 0.0): half 25/4000 rho 6.250e-03 [4.2e-03, 9.2e-03] pfix 0.50 (0s)
hypercube 6 (-1.0, -0.8, -0.6, 0.0): half 1/20000 rho 5.000e-05 [8.8e-06, 2.8e-04] pfix 0.00 (0s)
hypercube 6 (-1.0, -1.0, -0.8, 0.0): half 4/20000 rho 2.000e-04 [7.8e-05, 5.1e-04] pfix 0.00 (0s)
hypercube 6 (-1.0, -2.8, 0.2, 0.0): half 0/20000 rho 0.000e+00 [0.0e+00, 1.9e-04] pfix - (0s)
hypercube 6 (-1.0, -0.2, -0.6, 0.0): half 15/4000 rho 3.750e-03 [2.3e-03, 6.2e-03] pfix 0.00 (0s)
hypercube 6 (-1.0, -0.6, -0.6, 0.0): half 11/14000 rho 7.857e-04 [4.4e-04, 1.4e-03] pfix 0.00 (0s)
hypercube 6 (-1.0, -0.2, -0.8, 0.0): half 20/4000 rho 5.000e-03 [3.2e-03, 7.7e-03] pfix 0.00 (0s)
hypercube 6 (-1.0, -0.6, -0.8, 0.0): half 11/14000 rho 7.857e-04 [4.4e-04, 1.4e-03] pfix 0.00 (0s)
hypercube 6 (0.0, -1.0, -0.8, 0.0): half 12/6000 rho 2.000e-03 [1.1e-03, 3.5e-03] pfix 0.20 (0s)
hypercube 6 (0.0, -0.6, -0.8, 0.0): half 14/2000 rho 7.000e-03 [4.2e-03, 1.2e-02] pfix 0.60 (0s)
hypercube 6 (0.0, 0.8, -2.6, 0.0): half 407/2000 rho 2.035e-01 [1.9e-01, 2.2e-01] pfix 1.00 (0s)
hypercube 6 (0.0, -2.0, -2.2, 0.0): half 0/20000 rho 0.000e+00 [0.0e+00, 1.9e-04] pfix - (0s)
hypercube 6 (-1.0, -2.0, -2.0, 0.0): half 0/20000 rho 0.000e+00 [0.0e+00, 1.9e-04] pfix - (0s)
hypercube 6 (0.0, 0.7, -2.8, 0.0): half 369/2000 rho 1.845e-01 [1.7e-01, 2.0e-01] pfix 1.00 (0s)
hypercube 6 (0.0, 0.6, -2.6, 0.0): half 382/2000 rho 1.910e-01 [1.7e-01, 2.1e-01] pfix 1.00 (0s)
hypercube 6 (-1.0, -2.1, 0.4, 0.0): half 0/20000 rho 0.000e+00 [0.0e+00, 1.9e-04] pfix - (0s)
hypercube 6 (0.0, 0.4, -2.8, 0.0): half 326/2000 rho 1.630e-01 [1.5e-01, 1.8e-01] pfix 1.00 (0s)
hypercube 6 (0.0, 0.4, -2.6, 0.0): half 284/2000 rho 1.420e-01 [1.3e-01, 1.6e-01] pfix 1.00 (0s)
hypercube 6 (-1.0, -2.1, 0.2, 0.0): half 0/20000 rho 0.000e+00 [0.0e+00, 1.9e-04] pfix - (0s)
hypercube 6 (-1.0, -2.2, 0.4, 0.0): half 0/20000 rho 0.000e+00 [0.0e+00, 1.9e-04] pfix - (0s)
hypercube 6 (-1.0, -2.2, 0.2, 0.0): half 0/20000 rho 0.000e+00 [0.0e+00, 1.9e-04] pfix - (0s)
hypercube 6 (0.0, 0.2, -3.0, 0.0): half 219/2000 rho 1.095e-01 [9.7e-02, 1.2e-01] pfix 1.00 (0s)
hypercube 6 (-1.0, -2.6, 0.2, 0.0): half 0/20000 rho 0.000e+00 [0.0e+00, 1.9e-04] pfix - (0s)
hypercube 6 (0.0, -2.2, 0.4, 0.0): half 0/20000 rho 0.000e+00 [0.0e+00, 1.9e-04] pfix - (0s)
hypercube 6 (0.0, -2.4, 0.2, 0.0): half 0/20000 rho 0.000e+00 [0.0e+00, 1.9e-04] pfix - (0s)
hypercube 6 (0.0, -2.6, 0.2, 0.0): half 0/20000 rho 0.000e+00 [0.0e+00, 1.9e-04] pfix - (0s)
hypercube 6 (0.0, -2.2, 0.2, 0.0): half 0/20000 rho 0.000e+00 [0.0e+00, 1.9e-04] pfix - (0s)
hypercube 6 (0.0, -1.3, -1.2, 0.0): half 10/18000 rho 5.556e-04 [3.0e-04, 1.0e-03] pfix 0.60 (0s)
hypercube 6 (-1.0, -1.3, -1.6, 0.0): half 1/20000 rho 5.000e-05 [8.8e-06, 2.8e-04] pfix 0.00 (0s)
hypercube 6 (0.0, 0.8, -2.3, 0.0): half 418/2000 rho 2.090e-01 [1.9e-01, 2.3e-01] pfix 1.00 (0s)
hypercube 6 (0.0, -1.4, -1.2, 0.0): half 4/20000 rho 2.000e-04 [7.8e-05, 5.1e-04] pfix 0.50 (0s)
hypercube 6 (0.0, -1.8, -1.2, 0.0): half 0/20000 rho 0.000e+00 [0.0e+00, 1.9e-04] pfix - (0s)
hypercube 6 (-1.0, 0.7, -2.4, 0.0): half 291/2000 rho 1.455e-01 [1.3e-01, 1.6e-01] pfix 1.00 (0s)
hypercube 6 (-1.0, -2.1, 0.9, 0.0): half 0/20000 rho 0.000e+00 [0.0e+00, 1.9e-04] pfix - (0s)
hypercube 6 (0.0, 0.7, -2.4, 0.0): half 381/2000 rho 1.905e-01 [1.7e-01, 2.1e-01] pfix 1.00 (0s)
hypercube 6 (-1.0, 0.8, -2.3, 0.0): half 301/2000 rho 1.505e-01 [1.4e-01, 1.7e-01] pfix 1.00 (0s)
hypercube 6 (0.0, 0.9, -2.2, 0.0): half 424/2000 rho 2.120e-01 [1.9e-01, 2.3e-01] pfix 1.00 (0s)
hypercube 6 (0.0, -0.3, -0.2, 0.0): half 22/2000 rho 1.100e-02 [7.3e-03, 1.7e-02] pfix 0.30 (0s)
hypercube 6 (-1.0, -0.3, -0.2, 0.0): half 14/8000 rho 1.750e-03 [1.0e-03, 2.9e-03] pfix 0.00 (0s)
hypercube 6 (0.0, -2.1, 0.9, 0.0): half 0/20000 rho 0.000e+00 [0.0e+00, 1.9e-04] pfix - (0s)
hypercube 6 (-1.0, 0.6, -2.5, 0.0): half 248/2000 rho 1.240e-01 [1.1e-01, 1.4e-01] pfix 1.00 (0s)
hypercube 6 (-1.0, 0.5, -2.6, 0.0): half 231/2000 rho 1.155e-01 [1.0e-01, 1.3e-01] pfix 1.00 (0s)
hypercube 6 (0.0, 0.6, -2.3, 0.0): half 363/2000 rho 1.815e-01 [1.7e-01, 2.0e-01] pfix 1.00 (0s)
hypercube 6 (0.0, 0.4, -2.4, 0.0): half 283/2000 rho 1.415e-01 [1.3e-01, 1.6e-01] pfix 1.00 (0s)
hypercube 6 (-1.0, 0.4, -2.3, 0.0): half 215/2000 rho 1.075e-01 [9.5e-02, 1.2e-01] pfix 0.90 (0s)
hypercube 6 (0.0, 0.4, -2.3, 0.0): half 266/2000 rho 1.330e-01 [1.2e-01, 1.5e-01] pfix 1.00 (0s)
hypercube 6 (-1.0, 0.4, -2.4, 0.0): half 195/2000 rho 9.750e-02 [8.5e-02, 1.1e-01] pfix 0.90 (0s)
hypercube 6 (0.0, -0.5, -0.2, 0.0): half 12/2000 rho 6.000e-03 [3.4e-03, 1.0e-02] pfix 0.60 (0s)
hypercube 6 (-1.0, 0.9, -2.2, 0.0): half 357/2000 rho 1.785e-01 [1.6e-01, 2.0e-01] pfix 1.00 (0s)
hypercube 6 (0.0, -0.6, -0.3, 0.0): half 10/2000 rho 5.000e-03 [2.7e-03, 9.2e-03] pfix 0.50 (0s)
hypercube 6 (-1.0, -2.2, 0.9, 0.0): half 0/20000 rho 0.000e+00 [0.0e+00, 1.9e-04] pfix - (0s)
hypercube 6 (-1.0, 0.6, -2.3, 0.0): half 260/2000 rho 1.300e-01 [1.2e-01, 1.5e-01] pfix 1.00 (0s)
hypercube 6 (-1.0, 0.7, -2.3, 0.0): half 287/2000 rho 1.435e-01 [1.3e-01, 1.6e-01] pfix 1.00 (0s)
hypercube 6 (-1.0, -0.5, -0.2, 0.0): half 12/18000 rho 6.667e-04 [3.8e-04, 1.2e-03] pfix 0.00 (0s)
hypercube 6 (0.0, -1.2, -1.1, 0.0): half 10/14000 rho 7.143e-04 [3.9e-04, 1.3e-03] pfix 0.40 (0s)
hypercube 6 (-1.0, 0.5, -2.4, 0.0): half 213/2000 rho 1.065e-01 [9.4e-02, 1.2e-01] pfix 1.00 (0s)
hypercube 6 (-1.0, 0.8, -2.4, 0.0): half 350/2000 rho 1.750e-01 [1.6e-01, 1.9e-01] pfix 1.00 (0s)
hypercube 6 (-1.0, -0.1, -0.3, 0.0): half 14/4000 rho 3.500e-03 [2.1e-03, 5.9e-03] pfix 0.00 (0s)
hypercube 6 (-1.0, -0.1, -0.5, 0.0): half 20/4000 rho 5.000e-03 [3.2e-03, 7.7e-03] pfix 0.00 (0s)
hypercube 6 (0.0, -1.3, -1.1, 0.0): half 12/20000 rho 6.000e-04 [3.4e-04, 1.0e-03] pfix 0.80 (0s)
hypercube 6 (-1.0, -0.1, -0.4, 0.0): half 22/4000 rho 5.500e-03 [3.6e-03, 8.3e-03] pfix 0.00 (0s)
hypercube 6 (-1.0, 0.8, -2.5, 0.0): half 368/2000 rho 1.840e-01 [1.7e-01, 2.0e-01] pfix 1.00 (0s)
hypercube 6 (-1.0, 0.8, -2.6, 0.0): half 340/2000 rho 1.700e-01 [1.5e-01, 1.9e-01] pfix 1.00 (0s)
hypercube 6 (-1.0, 0.7, -2.5, 0.0): half 287/2000 rho 1.435e-01 [1.3e-01, 1.6e-01] pfix 1.00 (0s)
hypercube 6 (-1.0, 0.5, -2.3, 0.0): half 206/2000 rho 1.030e-01 [9.0e-02, 1.2e-01] pfix 1.00 (0s)
hypercube 6 (-1.0, 0.7, -2.6, 0.0): half 312/2000 rho 1.560e-01 [1.4e-01, 1.7e-01] pfix 1.00 (0s)
hypercube 6 (-1.0, 0.6, -2.4, 0.0): half 261/2000 rho 1.305e-01 [1.2e-01, 1.5e-01] pfix 1.00 (0s)
hypercube 6 (-1.0, 0.8, -2.7, 0.0): half 372/2000 rho 1.860e-01 [1.7e-01, 2.0e-01] pfix 1.00 (0s)
hypercube 6 (-1.0, 0.7, -2.7, 0.0): half 356/2000 rho 1.780e-01 [1.6e-01, 2.0e-01] pfix 1.00 (0s)
hypercube 6 (0.0, 0.2, -2.3, 0.0): half 241/2000 rho 1.205e-01 [1.1e-01, 1.4e-01] pfix 1.00 (0s)
hypercube 6 (0.0, -1.4, -1.1, 0.0): half 3/20000 rho 1.500e-04 [5.1e-05, 4.4e-04] pfix 0.67 (0s)
hypercube 6 (-1.0, -0.4, -0.2, 0.0): half 10/14000 rho 7.143e-04 [3.9e-04, 1.3e-03] pfix 0.00 (0s)
hypercube 6 (-1.0, 0.4, -2.5, 0.0): half 200/2000 rho 1.000e-01 [8.8e-02, 1.1e-01] pfix 0.90 (0s)
hypercube 6 (-1.0, -0.6, -0.3, 0.0): half 10/18000 rho 5.556e-04 [3.0e-04, 1.0e-03] pfix 0.00 (0s)
hypercube 6 (-1.0, -0.2, -0.3, 0.0): half 19/6000 rho 3.167e-03 [2.0e-03, 4.9e-03] pfix 0.00 (0s)
hypercube 6 (-1.0, -0.2, -0.5, 0.0): half 20/4000 rho 5.000e-03 [3.2e-03, 7.7e-03] pfix 0.00 (0s)
hypercube 6 (-1.0, -0.2, -0.4, 0.0): half 11/4000 rho 2.750e-03 [1.5e-03, 4.9e-03] pfix 0.00 (0s)
hypercube 6 (-1.0, -0.6, -0.4, 0.0): half 11/20000 rho 5.500e-04 [3.1e-04, 9.8e-04] pfix 0.00 (0s)
hypercube 6 (0.0, 0.0, -2.4, 0.0): half 165/2000 rho 8.250e-02 [7.1e-02, 9.5e-02] pfix 1.00 (0s)
hypercube 6 (0.0, 0.7, -2.3, 0.0): half 397/2000 rho 1.985e-01 [1.8e-01, 2.2e-01] pfix 1.00 (0s)
hypercube 6 (0.0, -0.4, -0.3, 0.0): half 16/2000 rho 8.000e-03 [4.9e-03, 1.3e-02] pfix 0.40 (0s)
hypercube 6 (0.0, 0.0, -2.3, 0.0): half 154/2000 rho 7.700e-02 [6.6e-02, 9.0e-02] pfix 1.00 (0s)
hypercube 6 (-1.0, 0.0, -2.3, 0.0): half 73/2000 rho 3.650e-02 [2.9e-02, 4.6e-02] pfix 1.00 (0s)
hypercube 6 (-1.0, -1.5, -1.1, 0.0): half 0/20000 rho 0.000e+00 [0.0e+00, 1.9e-04] pfix - (0s)
hypercube 6 (-1.0, -2.0, -1.1, 0.0): half 0/20000 rho 0.000e+00 [0.0e+00, 1.9e-04] pfix - (0s)
hypercube 6 (-1.0, -3.0, 0.9, 0.0): half 0/20000 rho 0.000e+00 [0.0e+00, 1.9e-04] pfix - (0s)
hypercube 6 (0.0, -1.0, -0.3, 0.0): half 11/8000 rho 1.375e-03 [7.7e-04, 2.5e-03] pfix 0.10 (0s)
hypercube 6 (0.0, -3.0, 0.9, 0.0): half 0/20000 rho 0.000e+00 [0.0e+00, 1.9e-04] pfix - (0s)
hypercube 6 (-1.0, -1.0, -0.3, 0.0): half 1/20000 rho 5.000e-05 [8.8e-06, 2.8e-04] pfix 0.00 (0s)
